entropy,write_freq,file_size_change,extension_change,is_ransomware
6.703056504144637,3.152415305255926,1.2685599111572006,0,0
4.183645186492234,5.696784496008107,1.3344103267382783,0,0
6.9044811716608425,2.7344241124999225,1.332309394976886,0,0
8.0,51.3615402959875,0.9831446636881249,1,1
7.735067870460044,51.82279513383451,1.0293379790893469,0,1
2.0936242229121422,2.909990387054072,0.970117595199538,0,0
7.129270108554744,49.70653609925424,1.0133972338978439,1,1
3.1892122383612254,6.438956892925551,0.9594691280951395,0,0
7.4050841684192354,69.89905490327217,1.033110510820984,0,1
3.6573366791759176,6.340838471798851,1.251640548544271,0,0
7.401773078826823,64.65745371209002,1.0083297285362256,1,1
2.5807425197382066,8.096859514327651,1.1125187467948716,0,0
5.167493543378743,1.6752802451618072,1.2411682641598176,0,0
7.713050077998619,13.853971827889232,1.066536204742179,1,1
7.57925759201342,37.84821669137574,0.9369942574383069,1,1
4.734700431167455,3.3067659530735805,1.2344746328087992,1,0
4.594384467270134,7.8799748384828,1.227440531395676,0,0
5.9897231855168585,5.4578073423358795,1.135934460389453,0,0
7.490516717859346,31.86792671463052,0.9682373173928405,1,1
7.540073736936579,52.82980687235808,0.8969677201898095,1,1
8.0,26.044320422539002,1.046846534937161,1,1
4.506427308844031,6.359743765337967,1.1175687411460202,0,0
1.5531444305429645,4.981090494750077,1.6953213426058023,0,0
6.844806441558842,63.46623612436889,0.9229506192833852,1,1
5.434743820289395,5.641806622278061,0.8785448161444741,0,0
7.075638824439906,49.253354882161354,0.9055086177223337,1,1
5.633373925548129,5.6326230055353514,1.175217943368636,0,0
4.502646923582342,6.178047200371823,1.5804453935066571,0,0
5.35518339617388,3.630256589468674,1.2250252498589045,0,0
7.558829456791295,87.97621125617883,1.1292062977449528,1,1
7.914584835418848,49.743664151475805,0.964666086435466,1,1
6.459373705972081,1.5754254598983537,0.6726359093145302,0,0
8.0,75.0264866581238,0.9481377981258337,1,1
7.496059489111666,30.206683806136223,1.120394594850753,1,1
7.457766085995866,58.275871410875894,1.1387843480931745,1,1
7.008292292283354,42.26779489961754,1.1374049056121307,1,1
1.0018802091607073,4.152374499650555,1.0458923057765643,0,0
7.6814868432641275,59.94108341192351,0.8871265646829285,1,1
2.881183917846377,3.8633402262135865,1.0054826861502006,0,0
3.620472965426688,8.973694708772904,1.5512147802833922,0,0
6.610237901510736,38.95842059472885,1.0215668471450017,1,1
3.741977225001965,3.7600193232647117,1.5488450074130684,0,0
7.545111441518358,41.04820020743897,0.8902654292740362,1,1
8.0,40.87448361204052,0.8775084145552765,1,1
4.601538151657067,4.683589698695562,1.3660201094677806,0,0
1.8030502318638337,6.495568232105989,1.7009131588226367,0,0
7.859271724322602,49.172270349662234,1.06586988684049,1,1
7.168932290842136,47.13229824711608,1.0848437019871306,1,1
7.7653074033393175,50.54677258559215,0.9739871886210067,0,1
7.196325282601279,22.48902513124663,1.049425245632953,1,1
4.695094750932403,4.238066682371902,1.0112601519792717,0,0
6.194759014362019,6.032344679488365,1.3595786767634999,0,0
4.115478884087071,8.129789054299316,1.4798542002662376,0,0
7.572851949812725,54.73578811424192,0.9502340764250746,1,1
8.0,58.12228065639097,0.9489923031675979,1,1
7.059288929036208,42.63035219730801,0.9243835154882709,1,1
4.20937691129497,5.133367958604831,0.9116863507234882,0,0
7.334156947373356,83.31707192457387,0.8972313432382688,1,1
4.7855250134625775,9.391657541866493,0.9446401739718094,0,0
6.1403137313149845,5.888771830274268,1.4834685665563911,0,0
4.44039104248074,5.8636718606427465,0.8417416521817832,0,0
7.1527673496838675,39.400383779637174,1.145842330072093,0,1
3.4204409646332175,0.5307057816642828,0.7157175971267906,0,0
3.3720962323724866,3.654000130370138,0.8988582195890894,0,0
1.1926030239994905,3.604357085797033,1.0719482990886848,0,0
6.669115885269885,68.72519444195571,1.0799180960941097,1,1
7.696529002623019,28.695748921041602,0.8547658235048209,1,1
2.6795720641978473,7.388343557194803,1.2093905756516117,0,0
7.651802812896465,82.57381441878138,0.876936297524243,1,1
6.023758099085498,22.80706352429462,0.8680774550133297,1,1
8.0,52.577354758683214,0.9014966454529012,1,1
8.0,53.0063079845017,0.9943325286476731,0,1
7.8866333853020825,50.91642759829454,0.9114960193191235,1,1
6.097304979543951,6.14160825644907,1.2386221429887219,0,0
2.163067004202175,4.503460683412822,1.1817394340091705,0,0
6.314794106359394,5.806385232252655,1.0025825316019146,0,0
5.097163392481724,3.6247841982860183,0.6909057026578911,0,0
2.4047544326064614,9.489181780118994,0.9619370740051243,0,0
5.410856516326927,1.3907524478439997,1.278770156579053,0,0
8.0,52.03626468114179,1.2686663091030608,1,1
6.926203136734961,63.07745151666308,1.1108007325653981,1,1
3.7051767533931157,5.733277559515071,0.7849838284899775,1,0
6.906044456224831,55.68257565394774,1.0705244884023342,0,1
4.528014236986028,4.150694182942761,1.0777749832143177,0,0
5.612380990208418,8.14305209021958,1.0266274267455497,0,0
7.231067347811349,46.67027519531415,0.9776775512476364,1,1
1.8649677905660238,5.247587334786422,2.0422319228607124,0,0
7.8174657330683095,28.201015310140345,0.933952664254807,1,1
2.705072099414017,5.0695963890916556,1.1718776165402018,0,0
5.557842212880941,2.756250307118686,0.628715447886764,0,0
7.354097203777924,41.53740734298199,1.0237680256323918,1,1
2.1371416177763374,5.246008294725941,1.0388426374199977,0,0
7.4852907453228745,30.737297241557016,1.0332640805522098,1,1
5.5752855017475484,5.0271178965334435,1.230874642436429,0,0
6.031771837038026,4.953331153184589,1.412590847168857,0,0
3.964615615010682,6.989645309505299,0.5815806332337377,0,0
5.4542491988582675,3.3084119321299488,0.8318660949104457,0,0
7.989064952675134,51.77950654258772,1.0594164639194381,1,1
5.622145049410062,4.996199894643942,1.0118169044690746,0,0
3.6229028800666705,6.966197704331458,0.6275737470180456,0,0
6.987094455865156,42.49223985122456,0.9587223146873982,0,1
7.3609677063706,47.247502809197975,1.1393788193072272,1,1
3.507989805121217,6.45011279843366,0.9676146178066413,0,0
4.170697611182436,4.330307977083056,0.9520046963977703,0,0
6.90604678974894,74.76678155837496,0.9409068403638448,1,1
5.309768307435814,5.911860807004235,1.3160205194288472,0,0
5.977784158918195,6.972079485200314,1.7945486149126872,0,0
3.4732432309841195,5.7562199145537045,0.9299156978499695,0,0
8.0,46.04069337122935,0.9511192277922477,1,1
1.1689102200418864,3.897005306516942,1.0472216092569446,0,0
7.378413732560643,3.42503006281465,1.1319922544966528,0,0
4.857728550788712,4.879954584772198,1.0281985127349005,0,0
2.7154691793781147,9.080531251376868,0.532126934287613,0,0
3.9528822353181545,4.122625225404331,1.112712541441488,0,0
7.767933228739391,39.207526657422505,1.0207479957639611,1,1
4.608233140458276,6.586574388809348,0.8053455491402228,0,0
8.0,37.35263954898399,1.0825530427012593,1,1
0.9380131573002473,7.0774087403322365,0.7911681184268193,0,0
4.303173389489863,6.54715666336327,1.0149478187575676,0,0
6.8848938697793844,46.04353934485129,1.0619500440289376,1,1
1.5601263436975659,4.689462044908268,1.110822606033318,0,0
4.927840832885003,7.7032294168746684,1.1195273398448335,0,0
4.127630574500573,5.282448402811481,1.164469786823975,0,0
5.783483760693874,2.7289118759023427,0.7041300717776009,0,0
5.145756515102845,7.22348947474808,1.2973602890385099,0,0
2.637294043420842,6.7201109694431285,1.3402331772442435,0,0
8.0,53.339722990001526,1.0461351112838309,1,1
3.437809053827963,5.3217187870829425,0.5390446649001944,0,0
2.3360453747263685,5.371046568401465,1.0535160398745897,0,0
5.676763295179676,4.656919100075606,1.3008317051746359,0,0
7.7652692945381565,34.70650648099046,1.0240099607425301,1,1
7.879382636343871,60.5186702411783,1.0024003908327865,1,1
7.114824219579919,25.09833289295676,0.9920682941092338,1,1
6.897637957956542,56.29981871583427,1.0465710769664833,0,1
6.599192438018936,59.88878199465361,0.8967297027734866,1,1
3.3614121632921092,1.8993944521917556,0.825220232213101,0,0
2.9606130053024433,7.061409965251922,1.2913558272772234,0,0
6.980901235592767,65.56229504961098,0.9541642130530628,1,1
6.840308381931756,57.93064339995115,0.9886281042603301,1,1
3.9248507683896188,4.892546219917431,1.5429220342201766,0,0
8.0,59.833114676272984,1.0790044148692188,1,1
8.0,62.2813425962798,1.0242590910004035,0,1
6.140193597480348,4.411439767811188,1.0555026879764566,0,0
7.2314971316525,36.807245186673974,1.08893965510264,1,1
7.940892784888026,56.31621820700852,1.2216352997573348,1,1
7.7929242391731375,45.24363454789362,1.120475281428917,1,1
6.833917898989661,52.694357395956196,0.9539222297592884,1,1
7.764306763459577,39.751363854163245,0.97427402045919,1,1
8.0,62.36154564360583,0.9854760701859022,1,1
7.749267476904537,59.864246846031925,0.7756337021047504,1,1
3.650203465934779,4.921102162366292,1.1069026656295746,0,0
5.677443866238915,5.4174975371901075,1.0643737952723815,0,0
2.3025045642429625,5.932442872227733,1.0332336845808554,0,0
3.441435739512318,4.013341054410807,1.0469283241953273,1,0
4.132626750256772,4.471784563271175,1.8011066954928219,0,0
3.8585229881279117,4.3879197258952285,1.365078400516633,0,0
7.5817785689379855,29.239607967648677,1.0816681818998308,1,1
5.488560828016561,6.176330830709372,1.2171474979444885,0,0
1.6040276650470089,3.396539712074589,0.7538048702196118,0,0
7.7740303788939835,67.64654369135657,0.943343254525533,0,1
7.281224208406806,69.4880475850668,1.1861199432745855,1,1
6.966709211142441,32.55062570686918,1.0689535285691276,1,1
7.2271640392301695,26.772786572114402,0.7644802796174637,1,1
5.562912755927659,4.35490867957817,1.124049843274581,0,0
3.8812477857617744,6.216471209181536,1.4606595419815915,0,0
1.5737388324964887,5.015795268148874,0.9561933666209258,0,0
6.7166438874003,52.72276259504223,1.0527625961386147,1,1
8.0,60.60172877339042,1.0844178617596198,1,1
7.0921435035582086,46.287271998970496,1.0206112007852057,1,1
7.361649366826588,68.6032610953483,1.1387829644767877,1,1
3.5097536331041947,2.5356964092743626,1.3607750835240673,0,0
2.043285780250221,2.9525932184252346,0.8923923155187071,0,0
7.449908376201817,44.91597320087186,0.9669017120191739,1,1
2.688263454456986,3.9709473780292543,1.0172349504986424,0,0
7.251502169843534,52.003547351289036,0.9259133397933461,1,1
7.5507587003087995,43.00379493195828,1.0872333863179924,1,1
7.523821957772157,49.107332106394026,1.0392006658822324,1,1
4.091272701545897,3.5170713313778657,1.467502986624734,1,0
5.169529065007795,4.070196626722479,0.9250324496235005,0,0
8.0,49.00354969600837,0.9506439270851795,1,1
7.058748596607455,18.204496296350076,1.066226663681391,0,1
7.493202573047462,37.35941440571966,0.9565567878059626,1,1
1.4624290348844,8.01491045399864,1.0727107334201609,0,0
7.406774051144855,69.60310548739164,1.1065774234587669,1,1
3.116829342077839,2.2318620300284726,1.1483943609482126,0,0
2.5869249384740787,7.414832038771986,1.2207270709323204,0,0
0.9247281864828043,1.990813128486554,1.4784607325463481,0,0
0.7899601941844194,5.706802827953417,1.0237770451997197,0,0
4.610690515790501,5.69191945902,1.6089264907724394,0,0
1.2513609482384362,1.0307058589715874,0.5102342388447498,0,0
7.400187896027955,55.430726473092996,0.8796006487450956,1,1
7.701173637224503,57.53223928310004,1.1973853852360365,1,1
4.949314865465372,4.3163796669626215,1.3591545766593263,0,0
8.0,54.9987897051663,1.0622794603118786,1,1
7.3418895130582555,40.59219527981544,1.153435764359261,1,1
7.9499380993102795,43.114481417848616,0.7657341647238478,1,1
2.6192871999503575,6.257197277212351,0.7809846180874631,0,0
2.017659144123043,6.7153944913070225,0.7650962937417467,0,0
8.0,46.56567771757571,1.0924206843841184,1,1
3.530369268485086,4.645375448767122,1.1087946351915592,0,0
6.96312706017051,54.46686757021852,0.754176722132131,1,1
3.2470840670719445,4.028300609006126,1.4635967869333197,0,0
7.639687994084499,58.3477985208461,1.2487442699198925,1,1
5.701357501440985,7.0516934171615615,0.6267443897386198,0,0
6.852512241345311,38.54243641994615,0.968634306342655,1,1
3.2009356949701173,7.412741391249593,1.2229727734664027,0,0
8.0,77.20377898932142,1.0366766430217056,1,1
6.814250947719587,6.401958390162258,1.140619289608156,0,0
7.037804258739507,43.1361864200976,0.9447429399628702,1,1
5.09126350911918,3.8718170224959216,0.728039183370816,0,0
3.4612012447804887,6.108079208717564,1.1435782665088878,0,0
7.761889882235684,53.68597937739643,0.8480811667751549,0,1
7.145910460282366,49.146820409205844,0.9001236747286864,1,1
7.07813536675211,4.4514758638177145,0.5300710103038495,0,0
2.040317439745274,3.820225164313428,1.4272924667185143,0,0
7.142929568402134,47.73519610924625,0.970868333199454,1,1
6.839307807214071,50.51078320225182,1.1886101075947177,1,1
7.593000483650094,62.08798203653068,0.9416689385401995,1,1
1.4622876832997846,7.097615521947533,0.9498549759156087,1,0
7.312546052193947,39.39474672794429,1.0648245743962026,1,1
5.012705785341144,8.991909582638176,1.0467462000315537,0,0
7.344815435717297,60.657485882857145,1.0108399871110074,1,1
0.4322365973404314,6.3985219896561825,0.5909083335459596,0,0
1.6695120782588448,6.500041562428985,1.2557347429598869,0,0
8.0,48.107814063821124,1.0019147850249273,1,1
4.4037504069446145,7.14174666752672,1.2075636166656478,1,0
7.235335312447905,53.00953862987345,0.8158660674327599,1,1
8.0,44.36407618813364,1.0660126698016328,1,1
5.112510213385784,4.68670377704422,0.7136918016363487,0,0
5.227880600538316,5.107266232274869,1.1035114766287104,0,0
7.081817790017639,49.45918444100163,1.0226583453589313,1,1
8.0,64.08016707444624,0.9712290320825738,1,1
7.239958173896066,71.32808110862943,0.9277286638522474,1,1
4.113573780121771,6.713104822377522,1.3553415517501954,0,0
5.649812781736681,7.505252515571792,0.7248528273725947,0,0
4.682298123660821,5.751896332347738,0.7157812439332034,0,0
5.782371524064619,4.530206299376756,1.4292182167437124,0,0
8.0,47.45467474876024,0.979701010834032,1,1
3.2570919976934736,4.119729737264774,0.8380707421401971,1,0
3.8647230809360575,7.658012179884608,1.6718242622870445,0,0
3.5250185174658757,4.216143787143849,1.51005729832918,0,0
7.256388607175215,59.96549789038069,0.8569150728829471,1,1
5.979326268761971,4.52643650780449,0.8713495660985522,0,0
4.860637575198342,5.3095519340749835,1.2236459623669638,0,0
0.6842662055491511,6.898445958715223,1.5436155782412015,0,0
4.070926723727426,4.380415873375226,1.3485680756095764,0,0
7.191525743843332,53.69081662690628,1.0370314384917758,1,1
3.026313945890739,7.676362177153979,1.3218297807981174,0,0
3.8559370120645657,8.635562167185423,1.0905503834056034,1,0
7.287601334928183,36.18184779058698,1.0018762674937447,1,1
6.191891884503339,72.73710115476207,0.9325153409907018,1,1
2.745888332777821,2.541410767552416,1.1475237613944533,1,0
8.0,68.0069067428823,0.8797193170622074,1,1
7.969048871095703,52.482998700001865,1.0174848732723198,1,1
5.704050819091872,7.860573690737047,1.384776457151594,0,0
3.965879733567397,7.659724587520143,1.2630944677525215,0,0
2.796734213717535,3.6314648710640203,1.251048407100999,0,0
1.0582028136566493,4.736609866814199,1.165631233242929,0,0
3.4961891401421665,8.313919467064732,0.9050649035101088,1,0
7.46277013995478,56.61505348571209,0.9029186334936399,1,1
6.99167036730611,44.563140548991406,1.1550699351658615,1,1
2.620136217540457,1.3611228225113354,1.359184014129482,0,0
6.075643449608446,2.553227524542735,1.306290708997437,0,0
7.536397560621104,49.11414041221707,1.0908966860921367,1,1
3.8153206213798865,7.64539227702536,0.941490078353678,1,0
7.432765416486765,50.06176431440646,0.8490146721577789,1,1
7.704362574589967,55.132972545506675,1.1222062721678396,1,1
7.424186200484449,58.682771178320685,0.9585150893854404,0,1
6.583834582874011,73.71116376902033,1.0620841973055575,1,1
2.836239112348604,4.591627713855987,1.0364587358793464,0,0
4.06693001943509,4.939003871124933,1.3327015598091971,0,0
3.778958701919696,5.345555467922169,1.1071019705610927,0,0
3.9135363850772165,4.891694881183011,0.9070373025827927,0,0
4.592149943500953,3.141672976747608,1.6653047157018386,0,0
2.9959403637974003,5.602998830288699,0.7742590627856756,0,0
8.0,42.61692668160144,0.911545718574178,1,1
3.3499164348558863,2.390202310078688,0.9229121604194718,0,0
3.2057383079723554,4.460080019386875,1.0841217655728288,0,0
3.806726999166579,5.212647787642326,1.054787493139153,0,0
7.273509653064884,52.36508536922889,0.9838795475345343,1,1
5.39270813565717,2.3529753245376916,1.2034602614586305,0,0
2.897808376382139,2.1523815384555247,1.458180696896067,0,0
4.57992304884283,6.831885680096148,0.8604753819098991,0,0
7.996468902499556,40.01136820529898,1.2775896536015887,1,1
7.752474822285316,33.49475367493837,0.9042102560681483,1,1
2.809615936579899,5.829552387447942,1.1166802612435722,0,0
4.406355737898803,6.664647280669547,0.9972277473704892,0,0
5.451163499757689,2.4083796478765103,1.2334878011786472,0,0
4.5837135377234866,3.2934145861846105,0.933601022712803,0,0
7.862987244287661,45.068240138123244,1.1016408824803166,0,1
7.858428622155414,60.708809031926876,0.8954052344396779,1,1
2.0273753285083056,8.265036336333281,1.328197489835851,0,0
7.114537489961202,53.5897798852033,1.0266325361414512,1,1
6.934875613317848,50.92197492003021,0.9505226442264769,0,1
5.730699659045138,6.290962160471992,0.9769605956769807,0,0
6.002115677283152,2.6260490973987576,1.0679912107879619,0,0
5.407006522262506,10.892018377175713,0.9196297640274973,0,0
7.295262332567008,36.69888266454147,0.9043626350872881,1,1
1.1499120274402612,2.8137073864966298,1.124363405275878,0,0
7.601351656362392,63.47815743393773,1.0117740192820375,1,1
6.818994793266261,43.51364348716411,0.9275608444648404,1,1
3.8667025408042237,6.79424228068342,0.9771649549764624,0,0
8.0,37.436488989441926,1.1147269898026777,1,1
7.640130115033364,58.27345302640106,0.9514389632334347,1,1
7.289778617844186,38.619497811513966,0.9937526171744315,1,1
1.6362263827592884,4.30953821318318,0.7877024550216098,0,0
7.631882827793504,50.51046718515099,0.8849134722042935,1,1
7.2042491250621365,72.98358462746101,0.981262646752052,1,1
6.914214250195711,56.809344988057084,1.055762630622651,1,1
7.625984765445966,38.517647648439606,1.0799144909418028,1,1
5.065455831340797,2.3105865853903707,1.120579327407998,0,0
5.60191933588224,5.666799755402179,1.0858636801509114,0,0
4.471119909568326,3.599748379944029,1.3442304679660906,0,0
3.4307540926819433,4.311984083881599,0.8862976594583898,0,0
7.328390802300279,51.257507174285436,0.931508727115539,1,1
8.0,58.712981176495504,1.15634944222335,1,1
7.700536874206975,71.32980930821101,1.0468304047397596,0,1
8.0,32.52203470993527,1.0740002220275167,0,1
7.398932540392664,32.38950036020693,1.24592276774523,1,1
5.048679945692751,6.1002071882462126,1.1091741865164262,0,0
7.094084984474078,35.649034978303874,0.9163302980195672,1,1
7.263039325674609,53.141077797042705,1.0785449038174284,1,1
5.274598615595041,2.124653030122578,1.173783367298796,0,0
5.722953801475539,3.860638997650487,0.9858480767079004,0,0
5.622617305364303,2.598504530025018,1.7693329092387593,0,0
6.508076963550557,7.428592827693924,1.3567385054915182,0,0
5.4195462796937175,5.374323242919934,1.4063995244671392,0,0
7.765490766207987,57.59736350953489,0.8420428150748401,1,1
5.686641503247271,6.03134233632459,0.9147529370789353,0,0
7.571267205640098,91.71345384611735,1.0493028362810037,1,1
7.555889691575923,37.815345754918745,1.0396365897779685,1,1
7.702129151026396,42.82246567473229,0.9468723417746945,1,1
2.6071906755473266,7.6692578726394425,1.0117140506305018,0,0
7.562825311000026,70.34513219601409,1.0634013942833642,0,1
7.095115081894448,39.29951498053596,1.0547951190016445,1,1
7.774525921801525,65.80012529718347,0.9782383368611257,0,1
8.0,45.92384529466338,0.9149050605754352,0,1
7.133734052247721,6.094017391212933,1.1092862576122282,0,0
6.949729324227343,81.05839279137179,0.7838643616027071,1,1
3.9479197003779465,4.967689524943228,1.247974458730746,0,0
6.433195311751954,4.649133839471531,1.0688708579320716,0,0
8.0,63.032142501143795,0.9760554558107588,1,1
6.17741900765963,2.850604679113554,1.4299338183529922,1,0
4.393059159852607,6.260252028293055,1.242875346276115,0,0
7.194621337242004,21.245157853204248,0.9727098194815187,1,1
3.498987981760293,6.497494214998432,1.0924876168313407,0,0
2.706216371063408,4.646542108256897,1.5017518696724368,0,0
6.462276376142342,5.808919382898929,0.9942694555537057,0,0
2.8283341488486755,6.231170940551084,1.2345729333395838,0,0
7.0030717156044675,39.69250317661814,1.115305732719748,1,1
6.011854557230743,3.1513921267983207,1.4340300331822506,0,0
8.0,26.906806186792945,0.9512335675740281,0,1
7.563107191800798,67.04239680287768,1.0162708808775456,1,1
2.6147828239474813,5.594708881885022,0.7415485740051297,0,0
4.363235064791433,7.505595112221527,1.7417577399576794,1,0
7.473869099326626,47.98677125065012,0.8134701142876303,1,1
7.354770667416071,46.32826385016974,0.8551473275096951,1,1
7.602624364507517,39.406676786238464,0.920274623538501,0,1
3.4949396698156914,7.3033086922216075,1.2852512184247955,0,0
7.530496071126538,62.96338848587652,1.0018706535599846,0,1
8.0,42.03868455703372,0.9547377184052048,0,1
0.3253677056329263,5.766948141376043,1.0277896141295726,0,0
7.402517538494265,31.52476543045388,0.853509840177374,1,1
6.657418326403656,3.9566299888697927,0.8197557668137376,0,0
3.0847874144551994,5.723511283548009,1.4604886247627422,0,0
3.897091655233823,1.5526376373567161,1.2111211334535887,0,0
7.725905279543586,32.76933414883086,1.1255467314699454,1,1
3.0764383795667793,4.570046194953507,1.1774869131348509,0,0
6.865036456591437,82.83344149890863,0.9778068949809988,0,1
5.060111020669405,1.6134417049990248,1.687368484675442,0,0
8.0,57.365202929201246,1.0028696652278588,1,1
7.548649011313053,30.408983520559104,0.9716274170912886,0,1
7.095785235588675,4.876044739089616,0.7088864615625237,0,0
7.581155810263418,50.95806147006784,1.1540541677110185,1,1
8.0,40.801959463905504,1.0553275296346594,1,1
7.873522752592926,18.211873145482993,1.0513201315484795,1,1
6.772966637017917,38.16204812564929,1.1040032468904695,1,1
7.650697158794728,73.97703825989143,0.925621816799968,1,1
7.090987092035842,51.16548710933576,1.0178577248753502,1,1
6.36336651648543,8.075770367176354,1.1559110274937054,0,0
7.182826435852414,48.19001261122194,1.1506796727792585,1,1
7.867398684641821,79.18363001123377,1.071846399924263,1,1
7.765893370355963,55.85023386217383,0.9308481851392922,1,1
7.472499932695205,38.503214965058994,0.7255734816011941,1,1
7.291109821236679,66.45047855863898,1.077335021841389,1,1
7.2614258333817645,62.29118335218511,1.0671814822564856,1,1
5.402857995433656,6.118148388555054,0.9318323194107412,0,0
5.118906979298211,3.439860667494198,0.978358390573757,0,0
7.092635059436095,70.76297567202266,1.1152068277914897,1,1
5.880137183884139,3.1878751138617663,1.0423329579347844,0,0
5.185332071611159,7.832696913035623,0.7620860937414486,0,0
7.24827679890007,44.21992459670939,1.0226570000182587,1,1
7.993963983255981,43.82173478966617,0.9260562369376568,1,1
3.770073158680425,1.4850752831405032,1.5987313917139645,0,0
6.908648874344642,53.03095865768154,0.9629985798771491,1,1
7.335253995860214,43.050815932317214,1.0182645845151306,1,1
3.3551698174353035,3.06726919330629,1.5270289327526392,0,0
7.493496719639215,44.05094840478264,1.0126123235957019,1,1
4.371925558698409,7.532818430012236,1.3345497454208253,0,0
3.9157991724069454,3.7378823562182486,1.001974048102197,0,0
7.456810626400123,61.2855950122469,1.0794384106499189,1,1
7.05455394532561,4.3946030749438325,0.5793213899764197,0,0
6.912583775684281,45.52838758790037,1.2571812815121488,1,1
7.15617647220671,0.6710141967853698,1.461638390020117,1,0
6.397326157222071,6.376044523224627,1.2046224846533253,0,0
1.9351030875723403,0.8203848570589329,0.930376057818802,1,0
7.7088612813670805,31.053729363087317,0.9826419493077664,1,1
8.0,46.950550929304214,0.9111489354007095,0,1
7.58357198204426,46.3384735118613,1.087122844482827,0,1
7.231363602275576,53.654756345091684,0.8856439797913865,1,1
1.2800978836850367,6.358674486144673,0.6546941980892027,0,0
1.1506481253486767,5.159615149112231,1.098300558690741,0,0
7.152965196851188,63.854985258075814,0.9110041522544193,1,1
3.658766980380272,9.485872879538421,0.9428848136402515,0,0
6.823953712941151,46.71928773893954,1.1093406591165387,1,1
8.0,55.535317768645456,0.9893900429070656,1,1
6.993709925480725,49.918453228707506,0.9097821936702924,0,1
7.294563064909632,64.81460509810657,1.1073719890272622,1,1
4.736306376593542,7.3622588155381266,1.1424624063511917,0,0
5.344798470364982,3.4793215192393685,1.142681783978434,1,0
7.780673631312447,67.44560842063564,0.8860812451436322,0,1
5.01810381070899,0.4667887615446418,1.3723936898581464,0,0
4.212694742719303,6.337585226049448,1.1342341224135595,0,0
7.40501423557552,56.61542500502509,0.8640098804569329,1,1
7.783663793830433,54.53301298366627,1.1378787800062593,1,1
2.4608189961933977,5.8155209702755055,0.8713452268609831,0,0
7.325037173988566,75.06861633970468,0.8960273222195714,1,1
8.0,69.10010710007427,1.070997643905706,1,1
5.0554585395035945,7.679439311276306,1.296706421697026,0,0
6.971477124143583,69.91657003886714,1.0129288050697427,1,1
7.6949647665242455,28.144655066291495,1.076051879334929,1,1
7.7275488282694855,44.12650996791361,1.0442029331069036,1,1
2.7552355997790237,5.937276924367459,1.1874007496812076,1,0
7.479481414466171,35.680861420710556,0.9571375800559827,1,1
5.6015032845149175,5.640079060873756,1.3118984679428392,0,0
6.928723993918245,74.00416952016093,0.9094480846580618,1,1
3.0376675299912015,6.418953970891338,1.2494350235004694,1,0
4.779800818272298,3.229084449854949,0.7078478709300928,0,0
8.0,34.03922116292425,0.9967304439748712,1,1
7.2832181105631335,68.2492091139731,1.1889943241602863,1,1
8.0,61.36877455682256,1.0808531883499541,1,1
3.7269274227631524,4.999134751268862,1.466366816193895,0,0
4.815342248276287,8.122322312124542,0.7891384957211227,0,0
8.0,31.930144975414983,1.1104310089354388,1,1
2.172452738339226,5.576167625697617,1.0371435720198212,0,0
4.443711578138122,10.137517180629668,1.564596741435262,0,0
5.219274828543066,6.553202714856372,0.5870493654498019,0,0
6.61092047600145,5.69564149864571,0.8759549284842155,0,0
4.953399757324463,5.016303263534896,0.8578791907987501,0,0
4.4310343000866546,2.9954991914249565,1.5038356627638216,0,0
7.283129168009142,55.91331991382023,1.0721728729593671,1,1
7.835270349810783,37.91592965197761,0.944635669120376,0,1
5.854803255956533,1.5899993090633022,1.0549105191153394,0,0
7.228029082918321,26.25908957554546,0.8725194409973869,1,1
7.8523746606700735,44.59809078542163,0.9258672852966737,1,1
6.651160806094838,50.71960837702161,0.8618661002984133,1,1
5.245380200655975,2.0498708603657554,0.9463567914958005,0,0
7.998898909350763,46.60711201737017,0.9651972669267852,1,1
2.4306805518060854,5.281607219120542,1.1222374806168058,0,0
4.635955232058202,6.027203867967518,1.373965342724384,0,0
7.436988961755081,48.06217108929638,0.9271946643286887,1,1
8.0,62.7825731920597,1.1063618282095489,1,1
6.996540102403283,66.7666929265638,1.1154274077977246,1,1
7.342312926976519,41.81531340574371,0.9929252858069022,1,1
7.14561898910344,73.80226928439612,1.0406208064745741,1,1
3.591260344493973,5.298746482771687,1.3643444522309167,0,0
7.424744613558878,34.520091027294285,0.9603038811997449,1,1
8.0,53.815316296516585,1.0771309459460652,1,1
4.16699365139703,4.572352457373475,0.9764488719962683,0,0
2.037940047239209,0.7333682692634671,0.5763525850955314,0,0
7.505958657032362,6.309746938359186,1.4486212558177662,0,0
7.303019610866679,50.43514311229096,1.1108225324181782,0,1
3.793822692650434,4.170234034216612,0.7236607803772427,0,0
6.987559023660486,5.001236080820377,0.702048634794479,0,0
7.327265715675279,60.531617593485166,1.0708144437827907,1,1
7.641652593166673,49.8160818834631,0.9415477007775848,1,1
8.0,21.143890822802028,0.88273097049982,1,1
7.954430517157749,38.38341066108251,1.0602355570210213,1,1
3.288758354765225,4.231568852580855,1.5753243146522675,0,0
2.51270374147855,6.438891287530465,0.1852336055596968,0,0
3.874240458873591,6.8544101482240585,0.9388641169162723,0,0
7.431804675610045,65.78933009262042,0.9939821891433954,1,1
7.040743058086256,37.92979915617889,0.8141896320642884,1,1
7.0040664894960525,68.0660591547132,1.0818524275574493,1,1
4.598433614887243,7.13160469723504,1.2718422294244476,0,0
7.89710262577302,75.86425624461364,0.8377930007535889,0,1
5.748324802337425,7.197287210758901,0.9367564427291879,0,0
7.230147415996618,56.409811646939914,1.0874091381433408,1,1
2.569065501520844,2.9238418227466956,0.6879827382937642,0,0
4.85535883892604,4.612998512578239,1.058939174223461,0,0
3.4331772702372088,5.743262004204868,1.124590293337659,0,0
7.585958529381939,51.69778782944364,0.9225696861373045,1,1
7.158178078952838,50.122459410891665,1.091663293969884,1,1
8.0,65.5753407951488,0.9076913913229203,1,1
5.3795142568855185,5.6613734195889975,0.9304171665340397,0,0
6.14344273965494,8.54654516620887,0.7177446045889915,0,0
4.328694483018654,8.11298804296795,0.9400504763497302,0,0
6.343811491136405,6.234746005403924,1.2012147369803468,0,0
7.747307739768892,55.5729058463863,1.0666764696032462,1,1
4.289833633343397,2.9689316334856204,1.3637788942019518,0,0
7.115433064226684,3.4042426554431655,0.6428376691714517,0,0
4.937682756779012,6.252491326277515,0.9264425731082834,0,0
8.0,27.823415375878565,1.0793349642263284,1,1
7.583480556003156,40.737808610474914,0.9145175675848117,1,1
3.3086142963288547,7.217497557844286,1.152786839153433,0,0
7.923796727419167,74.37256033796619,1.0876270727441821,1,1
4.726298187304003,6.091775249535656,1.5092682732934946,0,0
8.0,37.27803578207414,0.8180883700081502,1,1
4.557860058090557,5.547297936173285,1.0271213293918384,0,0
3.5731065815679868,7.469645303420702,0.7284076032393837,0,0
7.5144262982206245,59.674903405064605,1.063249353242263,1,1
3.2423612381947238,3.9222507183947823,1.2605470497644498,0,0
7.825293527068833,3.678091548088055,0.9115771633111153,1,1
8.0,40.98584204179691,1.0787513925109478,0,1
7.064187642500423,66.75780866762852,0.8888183875955192,1,1
7.851500558702044,40.477787475220254,0.9362976277873463,1,1
7.769469463878815,61.75388514121559,1.0265468419078272,1,1
2.771218711769802,5.680935559029131,1.1048716097576634,0,0
7.833492789464223,62.03441409499062,1.1774183415179358,1,1
5.723896249857104,3.555235709820069,1.3168258795776286,0,0
6.046857127908971,6.653869332827378,0.9221601752208881,0,0
4.6999116054701355,6.333061420837799,1.2990690234070255,0,0
7.61281919505428,44.8689753282594,0.8291530249808187,1,1
2.372425259031838,7.882284144183382,1.0932542311685796,0,0
6.872805346110107,38.78174858832696,0.9829314433075558,0,1
3.968352578268559,6.8000623851059725,1.0193040311316088,0,0
5.36098117688303,5.042204136166092,1.46005494431299,0,0
3.4061104753461446,5.144695724649792,0.5953855465496196,0,0
8.0,58.10711027666802,1.1057364790287072,1,1
5.640738218454754,8.090815860082749,0.9191921371006555,0,0
7.728360917815384,70.49965067729578,0.9627340236985571,1,1
7.408008500785463,42.15414671928852,0.8544395083589381,0,1
5.055048740608276,5.131975170828638,1.2935231052953395,0,0
7.530471188998559,63.724873529074834,0.9194495118900595,1,1
7.585087943502156,49.997324406048556,0.9401126962558319,0,1
8.0,35.27340102823156,0.9100846195469098,1,1
4.334264861243174,4.535467189672797,0.7333411080847148,0,0
7.718091141139597,37.22239804135102,0.8604791675466797,1,1
8.0,62.18199651097933,1.0973524079938326,1,1
7.456205505881185,36.57263493100713,1.0806517960097919,1,1
3.7080350023563007,5.672561435769623,0.824884368405515,0,0
6.852508609495989,46.51516282885423,0.9661141267806982,1,1
7.394719819900587,55.87337129847568,0.929220063096884,1,1
7.293739925273139,46.847725026987035,1.0052726413619244,1,1
4.016948817029188,6.478582371944223,1.4998122812724337,0,0
2.389359947491708,5.768372913025686,1.4249580306564067,0,0
3.6908625252974567,4.435587850026684,1.4099312147133487,0,0
7.891875234249741,86.75740728219236,1.1634387565945388,1,1
5.241353588527957,2.9118725647269628,1.4921236950532828,0,0
7.639221063315455,71.43776091345413,1.0301411473271487,1,1
3.128690118941814,4.994329768700153,1.354836186141414,0,0
6.515575706056571,41.12686826187405,1.013326943403032,1,1
1.7256275394325855,4.467122417670228,0.6497566493306959,0,0
7.010825792896555,46.15527152744499,1.0802088000182466,1,1
7.473860341577608,33.445446984672806,0.9347444830259095,1,1
2.166708639584057,4.578011203900961,1.4628188037611287,0,0
7.84588448680973,61.68252088109253,0.9005224468170008,0,1
3.9096880642615983,7.029589451687995,0.9592224077280683,0,0
4.131559459099027,8.398109927886672,0.24592179296754357,0,0
6.0113389448736445,44.74362970158878,0.9205075160313407,0,1
7.690440690377675,20.000097140071258,0.8482933337227982,1,1
5.145613137737222,8.527812688547726,1.1398228554862908,0,0
7.964017226246323,46.2238856180007,1.057761391052506,1,1
2.895940153888919,4.659672331817913,0.5167318079629643,0,0
3.9410745543986794,3.7122810933917263,1.801921152246397,0,0
6.649310198400375,41.58497103240817,0.9833443807759702,1,1
3.823288256771946,6.433580512462187,0.9335351704259501,0,0
2.5269629394410433,4.182094226652926,1.2485588338666327,0,0
4.564600024502043,4.3460829988379786,1.3660714913168368,0,0
2.322198750899867,0.34978139474290515,0.7158155201994572,1,0
7.50578865514603,54.96597519569634,1.002057719467209,1,1
6.155028523744241,5.012883158097978,1.2449236345221315,0,0
7.691731788291193,25.216256363019536,0.9244209719030003,1,1
6.822182047877958,44.02931136033282,0.9632809135656014,1,1
4.735581590037561,3.3267814965326297,1.5984893549195105,0,0
4.012073748193427,5.668489594049417,0.9863631008191944,0,0
6.463552532348414,3.381295746814278,0.8393851472577354,0,0
8.0,61.813560081225816,0.915945222300994,1,1
7.2955727775444785,28.64477309945901,1.0172157737592553,1,1
7.679530334002053,63.68447995635555,1.068831470532307,1,1
7.566226142804,47.813980076315545,1.0728886595511504,1,1
7.454286513007582,58.3548182476962,0.9859046613476549,1,1
7.618563647600969,44.46659365437692,1.0660646240146845,1,1
7.380501683539333,41.71092138846849,0.9211162908926008,1,1
7.72838255774802,26.74525192025844,1.0425814690264752,1,1
8.0,64.21449037246391,0.8940229630416944,1,1
6.042741177873957,4.277035726860866,0.9965798215778491,0,0
5.790310263959135,6.6968316223971005,1.484141763310019,0,0
5.480732114756207,4.467888535545518,1.5754955587996136,0,0
4.7108936578959995,6.401769999685356,1.2490230712820232,0,0
7.201639669247284,73.43744675237458,1.0445991317821943,1,1
7.3660794775158145,57.881145069476,0.9717936924819205,1,1
7.529444585669245,65.27131059307567,0.9353720952042839,1,1
5.722492572164982,8.09664053852999,0.5792205568766569,0,0
7.9592674386055835,50.86344583349978,1.0849378347909426,1,1
4.1137460896510705,3.361378264013922,1.0464543980735934,0,0
5.321269059339626,6.223110093865149,0.9606241795983017,0,0
7.077886389056049,80.21874175323465,0.8869847322119724,1,1
4.37328472894417,3.3332975687169615,1.6019478226549024,0,0
6.881350308245055,39.29783209124594,0.869322531291408,1,1
6.89245037127478,78.48079642486896,1.087548913677457,1,1
6.962105625165372,72.46917927817003,1.137198634805507,1,1
6.67362312218892,35.99222484302392,0.9348821936333471,1,1
7.956463259561584,71.1988894959673,0.971809173046019,1,1
7.435671716567104,59.33633565059763,1.1169847225738982,1,1
1.725675930292407,4.195036211317885,0.894004363967341,0,0
6.870440334401187,57.82556091588558,1.1172813082624555,1,1
2.407565334600537,7.019934212579025,0.4487673049029406,1,0
2.9271222223568465,3.678145727384236,1.5214526451553345,0,0
6.8403922184788435,43.21438647956727,0.9572021255089556,1,1
4.188181745436375,6.69925237496551,0.5910973798406051,0,0
4.248503607470646,5.776476725477215,1.1911235234318849,0,0
8.0,55.80108114312027,1.084384573119578,0,1
5.123163233948098,4.6052778274482,1.2163628846224208,0,0
7.373911370613432,48.37925104460856,1.1842824452670824,1,1
4.446100204258768,4.843670903238014,0.514007149610937,0,0
6.883147978490973,7.051345240447024,0.8199149289219252,1,0
2.9680319467173697,4.175812467922817,1.6692567031324252,0,0
2.7127055650559684,3.4123997982067515,0.6993642448842013,0,0
6.961831400101325,42.28901528538528,1.0952123752757177,1,1
7.703622693170852,49.14707276783625,0.8905719713930838,1,1
2.2684879920713357,10.756550976122575,1.4753779159512106,0,0
7.868419675249603,45.48190613079791,1.1869651095124594,1,1
7.419181479965083,44.67253718037608,1.1202677431593944,0,1
7.819291826799497,83.72675398779816,0.736998019293944,1,1
3.1346224391735316,2.9441737701128843,1.4674822500346687,0,0
8.0,50.363457020734,0.9060701112713991,1,1
1.1742712361885057,5.410085315818905,0.9101020872718926,0,0
7.745571971644265,39.836834438989555,1.0513254624360884,0,1
2.5167520667835745,5.383041307917532,1.3367268336537392,0,0
6.8083902656326964,6.283886455529274,0.751670713408306,0,0
5.616744983965586,1.6937858557718073,1.4069179783696764,0,0
7.8887418643288205,49.41951454435716,1.1180929762862524,1,1
4.867164720826409,4.370894912486052,1.0455918482457442,0,0
7.431623395663759,29.013953279411968,1.0270234472851685,1,1
5.694908988351206,4.149767259570201,1.7834472197705118,0,0
8.0,39.79263513225607,0.9918262243563825,0,1
2.710389931864554,0.33540886569866313,1.4474508212305122,0,0
2.176827742922405,2.0489410494042346,1.4571109567574916,0,0
7.699764876001216,62.75994247888781,0.99137925353803,1,1
5.456204932214904,4.590750305124164,1.43992083744647,0,0
6.71457686285587,26.854776007305837,1.119488614191475,1,1
7.7529473427372455,61.81131491734204,0.9619238562072797,1,1
6.967177645320304,50.6710978953238,0.9848445276010102,1,1
3.046654205295599,2.7328137437262288,1.185300400151399,0,0
7.303491354831694,39.15039501142263,1.1012214973219192,0,1
4.65224380326195,7.263100856673488,1.2029833447825466,0,0
6.96772505390169,68.36357806229756,1.0007065984670989,1,1
8.0,42.244716615106185,1.0142021348867851,0,1
7.735515680462175,52.14112360775732,0.9409078119240164,1,1
4.694976311759041,5.054694144852667,1.3287689193013938,0,0
7.044306777118718,61.10758545036381,0.9459809374452084,0,1
7.3265723312418185,14.445904000459251,0.9706375156477361,1,1
8.0,36.449035021154955,0.9846293766227121,1,1
7.191328334744061,35.98995916178744,0.922014764756917,1,1
7.613587012184025,18.244735530727986,0.9859459241447611,1,1
6.929295185613823,6.480723469999545,0.78314090199752,0,0
3.923674287663655,3.703569709598787,1.406946628700009,0,0
2.4676733719162454,3.5805150703927557,0.730986656922605,1,0
3.1897048029288864,5.229223602513233,1.1457127383565588,0,0
7.062933778939397,46.94797286178196,0.9576112924371165,1,1
6.948307747428982,53.5163290114918,1.2122447042757232,1,1
3.52789450193107,7.251058453226934,1.2601824503995904,0,0
4.37320526572845,2.411580465508477,1.2514609570843336,0,0
2.794790168107463,3.831355289471672,1.271617739212617,0,0
5.171921908655547,6.298523272579563,1.2105342471762197,0,0
8.0,48.756865524836286,0.9988506434738177,1,1
7.7434041957318565,27.286116235749244,1.1137131585681657,1,1
7.153480779612034,81.30277031186168,0.9635665076599328,1,1
6.844427556050775,6.177729300632333,1.0465750226176198,0,0
6.697042754085215,1.655144822352535,0.8339659248637331,0,0
7.307669070486596,61.688348969442146,0.8412738094509667,1,1
7.780203534633993,21.89988201228754,0.9501049870309745,1,1
2.056935896166509,3.1794476733065267,0.671273937742251,0,0
7.799560851958026,66.06907883693488,1.0018669170075378,1,1
3.722577230681855,4.244606191754636,1.567174627644486,0,0
3.13338525031386,6.609582274008702,1.0817575264362373,0,0
3.545269821798312,3.2570712159096242,1.6201118100412724,0,0
1.6617478983337048,6.138352464633574,1.6433829124844197,0,0
5.038517908142545,10.545131177500355,0.8226952944088868,0,0
3.3780736731939838,6.815054420306529,1.0146795581633006,0,0
7.3219003330059165,56.63903470031009,0.9582856456397372,1,1
7.5691361317350205,35.71563521044517,1.0342463580301358,1,1
4.352230659200813,7.373365457266812,1.488263075166994,0,0
8.0,42.65358652213256,0.7268889624362611,1,1
2.046516422978214,5.718063414070882,0.7576744171211751,0,0
4.8588018086130935,4.412923996513057,1.0582237453483134,0,0
3.3374767913550727,4.694336018953029,0.9611194206202051,0,0
7.490099174830089,30.080144178995905,0.9577976340527204,1,1
2.7442315371890444,0.04236514812934278,0.7407825916508599,0,0
3.899454786294035,5.416479810174117,1.4785277095355849,0,0
6.961766393845512,59.84071080136592,1.2241069279159738,1,1
5.164773787387535,3.92542169161586,1.3464433616919271,0,0
7.344598485885361,43.89508981390515,0.9212400062397417,1,1
4.276050972184573,4.908007633202287,0.03345963806730179,0,0
7.366536283053927,56.46501347775381,0.9416230194154387,1,1
8.0,44.197626380357804,0.8352865726257052,0,1
3.976764004183671,7.390816025777332,1.1061121301704289,0,0
2.653168369787716,4.602203535370311,0.7606046239436306,0,0
7.553869131910056,40.499042810752144,0.9119303081796346,1,1
3.5387562563584987,3.7892929261894466,1.13511675868108,0,0
2.789568960669012,4.150974734485486,0.858237451446473,0,0
6.893744910651396,51.7840086993701,0.9940737755506046,0,1
7.484635331746102,52.89094591751342,1.1420994246451661,1,1
7.657614323031784,28.574614934213443,1.0824139344760129,1,1
7.1568301123178895,55.15687924978106,1.1402648084429146,1,1
7.634718285574225,52.53732363264316,1.0121042912398406,0,1
3.6594887214454026,3.0255954799570826,1.0182315352683453,0,0
8.0,64.76512677082124,1.0924191602362758,0,1
7.176822156662887,51.95487658898791,0.9412744453930677,1,1
5.84382815402838,7.975287659089407,0.5995587459980904,0,0
2.4534345933750368,6.507519005073145,1.2183198022162218,0,0
6.138133860822887,6.556757466424308,1.2975852727337087,0,0
5.308725607849909,7.874562605458522,0.7385780950987879,1,0
7.552964171261813,54.90149202113817,1.151733393911792,1,1
5.286318824704945,5.274178481456348,1.5807011084024254,0,0
3.3433609019131776,3.7086896414570667,0.8864077952896228,1,0
4.6907869771685,4.314336330795252,0.7032969454648522,0,0
1.8459809737243988,7.343625556298262,0.8973012954449014,0,0
3.5235866846838855,8.113327167472303,0.9623307784822781,0,0
6.297040414647224,44.036840388388995,1.1321774948321517,0,1
7.096547196122185,62.469446867738746,1.0289344647469447,0,1
4.171702249496039,5.399841328299416,1.1421863393376201,0,0
4.981369519970598,9.17501204894113,0.90477841798333,0,0
4.777430916525289,1.575581700036802,0.740159426356686,0,0
4.895908616520768,7.139134875345523,1.2079435798762712,1,0
2.9533547618454126,4.231614167716592,1.2649360350192647,0,0
6.0645209410933845,5.371279572824911,1.095227061167477,0,0
3.215056177511242,5.027151502892005,1.2090414972558003,0,0
4.467724834830093,2.7422119275561556,0.9279088592241296,0,0
5.070100936254708,2.7353321651788933,1.270188420775039,0,0
4.596438471350394,4.417234937437928,1.7738579060062603,0,0
7.80454248192761,37.233450207473304,1.1749382629192748,1,1
4.259625773425297,5.858714920083275,0.9449145632812831,0,0
7.026746794208409,83.95014324101702,1.0190345417103852,1,1
4.500202474451412,6.339919319358378,1.4060445836219504,0,0
8.0,46.764945874488205,0.9915696752308852,1,1
3.337018324185469,4.712367600183518,1.1677444449967,0,0
7.492840687906252,49.95926065427625,0.9620370800168603,1,1
8.0,44.67537903289115,0.9677983044907028,1,1
4.697781490934899,5.826950326345571,1.1176771085158572,0,0
7.855053684663142,27.382035247752988,1.0458404770224718,1,1
4.328721596855555,5.006065471708678,0.8797206879767537,0,0
4.9279774504041285,3.51254570594665,0.2612192971754095,0,0
2.6023564099784053,2.637054206669497,1.2080348827309892,0,0
6.282472234505136,7.2409048285586035,0.6849595045303145,0,0
6.252813432770475,43.96355516064736,1.1098502108033315,1,1
7.8998615382034725,53.13407566967035,0.871743522551475,1,1
4.327281876286539,4.43853186415548,1.4592275762898752,0,0
3.9490962733543373,5.84679155376086,0.6221668820303925,1,0
5.5289097165053,4.3000594444032645,0.7501165852230436,1,0
8.0,40.078173654616684,1.1577640956647914,1,1
6.97615973210498,4.735686522095584,0.7557163857453766,0,0
6.820745099890933,4.859493937067254,1.569188244931734,0,0
7.663658013364513,50.161038527941855,0.9914139391182555,1,1
7.590901920929075,56.11598416451644,1.187465862638588,1,1
7.255436455147991,46.06294659394295,0.788437172020229,0,1
8.0,69.30650227446296,1.144725428859327,1,1
7.368916267342536,45.51307996537384,0.9228376099388251,1,1
7.1586366976271645,68.56814102978734,0.9879148091199341,1,1
5.300941420906939,6.006185687057644,0.6583920155794907,0,0
4.7695442554592455,5.218995068278246,1.064729033975543,0,0
3.629619116711216,6.7381856693857465,1.7475108742199317,0,0
6.978985394813414,40.46190886266197,0.99389200286308,0,1
4.148524964923437,7.128455546626315,1.4325473590854638,0,0
7.6551047175683316,46.21165658871831,1.0716414661313538,0,1
5.105775703584001,5.84159145580028,0.9191662278902213,0,0
7.826468697884978,44.11190403531577,0.8710753145343793,1,1
7.624076197628352,51.66303899654273,0.9581448408388652,1,1
7.234928128824156,62.76907250135697,1.1407873216001423,0,1
5.294328503606467,4.5259523638734125,1.3747338206717248,0,0
8.0,53.24102231275191,0.9316376988833005,1,1
7.6279906360497005,21.994667137019547,0.9923661774103643,1,1
7.578349533991092,63.13566864397031,1.0502043313376954,1,1
3.836585504237037,4.31466894912218,0.20924882107958998,0,0
1.996286944042823,4.328353353475558,1.2667645284652478,0,0
7.9928768184675825,52.40142441827945,0.9084464142998273,1,1
7.961126620394792,48.44766508956256,1.1090415635033648,1,1
4.955091627348234,7.340203662625685,0.5407310828165958,0,0
6.8879353571285105,50.015923056850056,1.0019180377119634,1,1
6.858200043872501,42.87077393103181,1.1496922839425465,1,1
7.581954377244786,59.56824913120199,1.0048621636614397,1,1
2.1331690817118685,7.350830465758498,1.0940255828092282,0,0
3.9241760666422074,5.108648001394072,0.6277557549409565,0,0
5.002436981423883,2.186101386552091,1.1076413974085333,1,0
4.466690734830229,4.624681112900515,1.1656066234725637,0,0
7.19593101194262,62.41472209035971,1.1192135541604884,1,1
5.484967062269913,8.679373093705859,1.6024221251410722,0,0
7.799853135850334,71.27790643250407,0.9926850283580962,1,1
6.852165428877706,59.56193640841121,1.0448376263639343,0,1
3.186449605922739,6.3931834466910615,1.3430418599808036,0,0
7.648637558377753,40.19685910660394,1.0982800777764845,1,1
3.4539397648315933,3.124225180652101,1.055393835378119,0,0
3.3089380623001228,4.664106615513772,1.4088544591631327,0,0
2.8913677835110287,3.30582813767293,0.7450929499816666,0,0
6.1268552370441025,5.027396420080112,0.9312695271602739,0,0
7.266456056902204,48.03934482713103,0.9402832618220736,1,1
7.149810706700218,55.33278314903574,1.0865130903355502,1,1
7.3450597791470384,42.29295143485704,0.966948301935183,1,1
3.5073222828728414,4.3107778729352555,1.1637930010832214,0,0
7.912395650655421,62.40594575357235,1.0191158745814914,1,1
7.8166526543077905,52.367237918835194,0.9990982444757466,1,1
5.593971325702447,4.378692957127282,1.964778164252333,0,0
1.3162044183244883,5.602589903979195,1.2671234675518246,0,0
6.535417610698083,60.28439789744943,0.8045646957269955,1,1
0.0,2.998596114691666,1.0839875237522434,0,0
8.0,48.21702531657943,1.1323261228721173,0,1
5.775367247523588,8.158949861432633,0.7119840220934159,0,0
3.933490936096627,7.168570915323717,0.2818486794029357,0,0
4.6958721393114855,5.646775002153987,1.132463970821139,0,0
3.8189312214590556,5.219821288844622,0.9797295460545166,0,0
1.9392229921197588,9.408210086212128,1.023459301847184,0,0
6.957464439339814,37.31730757333528,0.8990841099170768,1,1
4.717056986487523,6.267618754931103,1.505524561947297,0,0
7.500417534814214,56.15142448633673,0.8933556816471214,1,1
6.8574765997867715,59.26757632335547,1.0734822067044818,1,1
4.179192531086941,4.880252115435001,0.8979947561617938,0,0
3.957400759041067,6.715544977477687,0.678582886875194,0,0
2.062717769441188,2.004906360842003,0.9921727155631385,0,0
7.534995755809112,54.8923083043498,1.1655393291543723,1,1
7.495501339358799,27.24068041082848,1.0155449499942493,0,1
5.080828972786366,0.0,0.9948217809429493,0,0
5.694823380551449,4.484915889649893,0.9858981474207843,0,0
6.65140850926758,58.711882440636494,0.8269738681015535,1,1
4.260294136312065,4.52612128411662,1.0911161180512285,0,0
4.2984369095697925,2.151734438372152,0.9876201572309724,0,0
1.5941336025281267,4.219187488626182,0.5021138196047294,0,0
4.638744311385977,5.6882162245112955,1.3734233317901507,0,0
3.383883076374886,6.095911112345616,1.5375442742586325,0,0
1.029529635652013,4.861223243408066,0.986068640012385,0,0
8.0,56.37984672196207,0.9881895095260952,0,1
7.478348849410308,54.090442623331825,0.8454799931399203,1,1
6.150058976929145,5.804976154787333,1.0166124697482872,0,0
7.227481265742888,54.85544800741583,0.8702277999547671,1,1
7.122023431832477,75.99787227128877,0.9846599489331495,1,1
5.098354609108041,2.239029852800867,0.8259323990481942,0,0
7.852185018856292,47.59183461013171,1.0314768549838105,1,1
4.8835563680067695,2.986996644154048,1.1543204079652862,0,0
1.3862530206374446,6.258303192398549,1.6014424947464736,0,0
4.506179619837725,6.813373221306012,0.6111187214340192,0,0
5.664064005771143,7.014141606665792,0.7234844663396096,0,0
6.66132099500228,55.87157270727924,0.9334779459826769,0,1
7.445672990026219,53.36340521350533,1.0830022207304162,1,1
4.420289199307987,5.7175958643379,0.877299751313155,0,0
4.560390327107209,7.7035017412508155,0.49118255959535717,0,0
6.480443488438989,44.26522514725648,1.0061037877000807,1,1
7.512506940865565,57.760622944696976,0.9625849558186899,1,1
7.6970125392120226,35.24330399998721,0.9160206839242693,1,1
8.0,70.6294129792545,1.0131019292938566,0,1
6.983012877370988,55.33465221437049,0.9653392764328852,0,1
5.290928428232705,5.373145610244199,1.2235720282141476,0,0
7.885999335342916,55.16412264144305,0.9204693846528527,1,1
7.7150550675717655,16.095538990126585,1.068582104774612,1,1
7.455952974300867,82.26624900552736,0.9923231944451912,0,1
6.44361466611938,4.9272551658636345,1.1959584076594632,0,0
8.0,36.158120225480644,0.9967203175282577,1,1
7.651953044261398,69.9071019457654,1.0315555387601725,1,1
7.273300977267743,30.923858896922976,1.0487717359943751,1,1
7.937510780700184,5.27558422310851,0.5473360180936956,0,0
3.403940309637929,4.930981553057841,0.6471649771475481,0,0
3.282502412718874,4.513271580287352,0.9011897053437845,0,0
3.756149698933622,9.163276917316326,0.9218079202046043,1,0
7.124699701800724,68.38987532691986,0.8643348732361802,1,1
7.539477730814138,39.184717311799524,0.954616347344203,0,1
4.6638630984932465,5.481497563208821,1.2785253887500163,0,0
5.30956552577401,8.961623637886577,1.0580231690360657,0,0
1.5835055741711481,3.2535887137277655,0.9474425502636997,0,0
7.800211720556634,40.482766991813534,0.7182855742096179,1,1
4.237182213796149,0.6962281464392834,1.2027570731589783,0,0
7.067054715051608,57.34503534578171,0.878925749771251,1,1
3.9090930347451667,6.36563040798382,1.378173917407207,0,0
7.452133693450601,61.061591345033655,0.9456647483288568,0,1
7.61702233263741,62.80138273685072,0.7848582089503591,1,1
6.828783783063531,29.255961769854355,0.9766011060789709,1,1
6.445624243135468,3.171309844866765,1.0042069724014495,0,0
3.7834135704038476,4.379403686148107,1.4904018508650974,0,0
1.0554975028394935,5.294600910870859,1.3577681155341903,0,0
3.3612218651904326,4.805492283027418,0.9965546590429458,0,0
4.801633196248753,8.622583060123304,0.9873163964816076,0,0
8.0,47.980683402602374,0.9583993609016682,1,1
2.666416906386818,2.1661715631338523,1.2665893638209786,1,0
4.894778422942593,5.789249381241257,1.347713814084659,0,0
7.316826525630165,45.34540354664455,0.9040525752706343,1,1
7.723835070542638,59.56575223300051,0.9547273887781842,0,1
6.337518249375631,2.1150041867004643,0.7579687553443303,0,0
3.660809742683497,4.938884354541617,1.336678587402392,0,0
7.628845880427429,38.09073386382771,1.0731887072463244,1,1
4.030207553346689,5.448535254432437,1.1287259538735777,0,0
3.903567617492475,4.083708223163449,1.2074565482521082,0,0
7.023744755166913,61.4259336031873,0.9989002534202547,1,1
2.579555553593851,2.9513654516674452,1.0390649569354176,0,0
3.7501082495565563,7.873187613892154,1.4288123325534468,0,0
7.7930213432003965,32.40944452254982,1.142446594190006,1,1
7.25395262854668,48.55689665662718,0.943342104527853,1,1
2.7217363957548257,6.251116635343901,0.7876506111319572,0,0
5.748729013523295,9.128949773225825,1.1857503807387404,0,0
3.197611545653555,8.26396797435268,1.1763958528436167,0,0
3.64144818908432,3.00161015607011,1.71301350649708,0,0
8.0,43.18319433271328,1.068745155200537,1,1
7.8486250365769425,58.81039539912412,0.8711171475639331,1,1
6.986459759297863,45.35005177278596,0.9207972512492554,0,1
7.549435762807983,48.63123908553519,1.035068998698309,1,1
3.404405815769791,7.942809922832074,1.158864726963372,0,0
4.600464861605263,5.824485458516496,0.6752159028113667,0,0
7.772072677898932,48.79792066231054,1.0291774495698447,0,1
4.535607715109007,4.650930797554766,1.3181087520237582,0,0
1.9828511586408615,4.252197582808991,0.6805913365570904,0,0
3.971199923722349,3.947930749663321,0.9363928679469169,0,0
1.7791140211042369,3.920939017881034,1.1071560907609481,0,0
7.419626689299784,39.13848382704809,1.0858615067954704,1,1
5.933931300846907,6.133865364331674,0.9583504467235546,0,0
2.01977889787201,3.846910571217224,1.3222757685172053,0,0
7.469656767365592,44.51468314311454,1.0820839700806206,1,1
6.1274754649147365,5.998827918731731,1.0461145170700854,0,0
6.756995579781841,48.786325167906334,1.1505873027843754,0,1
5.879017692032734,6.664959864959894,1.1146107059636985,0,0
8.0,61.733988476765504,0.8982454644939423,1,1
6.083261540230872,6.235298278536506,0.8591289930070098,0,0
7.873922294328359,36.22065725509593,0.791173685093945,1,1
1.878724947164356,5.779066471432092,0.9845169757048172,0,0
7.206400403002405,28.370299835898827,0.8872491117073413,1,1
3.8295679558951696,3.05871684134753,1.317532033053015,0,0
7.768526491224266,36.49759166837343,1.083019767373893,1,1
7.15387253780586,37.69019906137927,1.060532538147676,1,1
5.095886467262069,4.004253317831849,1.035772942137329,0,0
3.856998899613563,6.22694288898853,1.3561279892962679,0,0
2.1566298117815093,4.695575949174875,1.1422322000800447,0,0
3.704431230358424,4.2964020300764805,1.0024571305065142,0,0
7.0902885344033475,61.23869905684267,1.0814086580386952,1,1
7.853024734889359,42.69001048552582,1.0439624600262065,1,1
6.959933238531234,56.99833504397091,0.8764001366225278,0,1
4.9101977080189805,3.5615107735620004,0.991727910680262,0,0
3.944076929629572,3.3886484112399864,0.6312357926864782,0,0
6.964945393228121,59.01690406145073,0.873369097806067,1,1
7.561379303018098,67.93204787511543,1.0113909246988502,1,1
1.6448708975187412,4.7526150671287075,0.7066274399726018,1,0
5.037540837697069,5.828326100831672,0.8032661467165776,0,0
7.4215384243261475,53.04351420383484,1.0681147391931503,1,1
8.0,55.52348575951317,0.9079095280129889,0,1
8.0,51.93093602252559,1.0433798355476642,1,1
6.777650731085243,58.539422324410324,1.059688294751865,1,1
2.7477966178665136,6.734882832728936,1.1546141522590392,0,0
7.672308527710973,21.015065992501217,0.9698528121347213,0,1
7.3916222692078435,46.687959373968035,0.8067108988029805,1,1
2.3779248345770236,3.8086770892671593,0.768185012808825,0,0
7.7468429652716555,38.134234641437104,0.9116535570718757,1,1
3.9985090673266543,3.1418358668043895,0.9233851031691928,0,0
8.0,27.677991136540886,1.0246254737742972,0,1
3.279679310324375,3.0735086216238425,1.2469527988278304,0,0
8.0,42.0185163129742,1.1185002505711965,1,1
2.9042481377429463,6.681652186576574,0.8326977143824903,0,0
7.493095202431471,39.11919783959646,1.1604186269347139,1,1
3.0161262863629945,5.640028050287157,1.0126843176970326,0,0
3.933518358329648,2.913767917258488,1.149770456531473,0,0
7.802723255588162,52.25121247581321,0.8540278005344055,1,1
0.030268107581917114,7.48681193484714,1.1761788491673832,0,0
7.813372192611164,55.04585501737473,1.158940586339785,1,1
8.0,15.420754772065777,1.1061681389482785,0,1
7.9626831216268545,62.640678878185625,1.1049228916367175,1,1
3.99773237372379,6.361988817606168,1.6934183465039845,0,0
6.75205026494659,19.454205695450494,0.9688397071709917,1,1
7.528139129083064,54.82513703807506,0.9922271268324343,1,1
6.426190730823667,46.70775651546357,0.8918900181339848,1,1
2.67419311041377,6.444599768682283,1.0288067243067442,0,0
8.0,27.40235952345295,1.0275412008148517,0,1
3.7298771485060955,4.113741003779862,1.345146853271895,1,0
3.7103482038867748,8.323211515549145,1.0451585802089416,0,0
4.8732185097619105,3.8301109569908975,1.1415170811846205,0,0
4.372214783119258,7.227337355461312,1.507120588322891,0,0
3.0861410485756133,4.2875133877630445,1.2558925879352902,0,0
6.25730662052471,9.100089026061397,1.550253479149033,0,0
8.0,52.12138718435988,1.1620158305423338,1,1
8.0,45.43770607641239,0.9047812458532153,1,1
6.83832834381306,30.229513357914854,0.8817074543372068,0,1
1.535718230180231,5.760251945391602,1.3026807677590135,0,0
3.269584023690663,3.839310267627199,1.2954882963645353,0,0
7.0313809028726775,55.112596944538055,0.895737924373684,1,1
3.886973738785133,7.151533367935756,1.0549847160039034,0,0
3.9907144127733685,6.093739575541307,1.1025686926692202,1,0
6.7030090406359335,53.49358357246883,1.1614722466515301,1,1
4.006900216990138,10.474673988453908,1.355723652208892,0,0
4.549089978262051,1.5814586869098863,0.5946390969476978,0,0
7.280297630457801,69.70346283276776,0.9485831087001174,0,1
7.891351669776901,60.46429814701913,1.0344576763608588,1,1
7.99623448651573,60.8762279664445,0.9717126738532977,1,1
7.6527443898022085,59.941772659861094,1.0272111483938677,1,1
1.4878872788918533,4.404163915183309,0.9592668983115377,0,0
7.426197460730716,71.83305814746376,1.0131722579941063,0,1
7.824409720833979,84.68083374572106,0.9612665936920455,1,1
2.9344553323821367,5.815784383201024,1.2724070362942994,0,0
2.3128961668395,6.162441276453938,0.9990585323430463,0,0
7.528718671501231,53.06408735773345,1.1200768914177452,1,1
7.494591718185505,43.96643767458107,0.9439609083001478,1,1
4.0669805326898905,6.630677836606527,0.8832763759452971,0,0
7.944629678701123,3.3781769444685192,1.1973460020256481,0,0
3.4939527306547435,6.176084371248655,1.5337470088941294,0,0
7.888044591579359,62.7742114406459,0.9078485546356937,1,1
7.407089503355807,65.98487089704795,0.9945888907499658,1,1
7.655190867557556,53.78009470045813,0.9393260318485506,1,1
4.590430698024686,7.144374020702884,0.7966910910676945,0,0
7.1326310931256245,4.389964451844463,1.5809783085773592,0,0
7.160815046111937,45.699306824139,1.1010954730057796,1,1
7.134777351490131,60.56674191271845,0.8463950222849794,1,1
6.8911625451722935,35.44144260023617,0.9736570116534344,1,1
7.147922085261901,64.11857299119507,1.0761353369972604,1,1
7.087486652481369,66.48357650231031,0.9678438623180261,1,1
3.615366767639143,4.427905577845781,1.179766092137214,0,0
7.376069073917217,49.58734836700982,1.0213442970867215,1,1
7.2684358021703455,20.85518594349261,0.993289344047849,0,1
3.3240597274191,5.663909957182135,1.0410772315695944,0,0
6.75381481962276,40.068372501491226,1.1385049043049928,1,1
6.991559542490022,32.992780661084026,0.8118109262567695,1,1
7.76183194784728,58.7479928662196,0.9228058447621665,1,1
2.7579430445969244,6.187010998835197,1.217433269882409,0,0
4.364921108392885,5.572100339152063,1.2128681229200418,0,0
7.305107651262641,16.63776499791004,0.9142268294211476,1,1
7.700612110024172,57.14877532101546,1.0416695968020127,1,1
3.1180146215040754,4.419201086739245,1.484673655282958,0,0
7.845861359314293,36.96878551800031,0.9857029636835083,1,1
6.833814543989628,60.63830441643353,0.8914507123070187,1,1
7.7859036686626,78.90781983355369,0.8590937111926034,1,1
7.41018147404933,68.15389095797563,0.9684232927314766,1,1
7.798517783784771,68.34801386438971,0.9868775237217151,1,1
7.27168108098656,40.22521311939582,0.9430971764857298,1,1
6.861087873506401,22.78039952508112,1.1985482356682533,1,1
8.0,68.25560934151797,0.8573527769798185,1,1
7.203908389958033,36.26097235483016,1.0728872944529744,0,1
7.23650752941039,38.05065709672815,0.8465609685298168,1,1
4.162455299136192,5.230707382030963,1.3056837461800825,0,0
1.3319221328924105,2.039277429273365,0.7444610891761783,0,0
3.004754235913726,4.857015089092574,1.5619325777009423,0,0
7.696326058437834,67.85615844855536,0.9605549628114111,1,1
8.0,52.80201052689955,0.9265106475380988,1,1
8.0,51.54721854119924,0.9423620434883974,1,1
7.551631318260454,62.27723818786559,0.8602401198727715,0,1
6.880208636395222,24.857596556825627,1.1272240670986033,1,1
7.5785535401273965,64.88636892978286,1.0506705242082384,1,1
4.398650531869716,4.951831464523759,1.0728556798361908,0,0
4.152182694879784,4.486486155834201,1.2273548784330308,0,0
7.795797599060093,27.31022104575096,1.103273137267635,1,1
7.130844984886088,55.05366776576109,1.0021073176526505,1,1
3.743830038918289,5.099591404137136,1.1084890718181823,0,0
2.7204046209764696,4.63243635571825,1.3053981948995164,0,0
5.355763390066494,3.4286007358178168,1.5593073490619211,0,0
7.80932217021277,53.91278888079868,1.1219562341518232,1,1
8.0,30.308550321454813,1.044566287076326,0,1
2.770036953157229,3.826676191546353,1.1625917807894606,1,0
5.780168966637273,6.253561891756815,1.4177988087829503,0,0
4.289050890751817,6.749271741538537,1.4022071795157862,0,0
6.971821125683697,34.84774515650095,0.8956596124193942,1,1
8.0,64.83017577720962,1.0269995400420764,0,1
7.579530239482644,45.250325947959496,0.7817978193138223,1,1
7.302688019901893,51.01798349424404,0.8070906847491669,1,1
2.22684615376673,8.208526012763947,1.3645019981791946,0,0
2.2841027859962644,10.741605126220119,1.5699061034938724,0,0
2.7715378556446333,5.173512516697848,1.088932338068297,0,0
2.5748867157225144,3.9673539494808088,1.1187194702186014,0,0
7.322591562722881,44.50331816047798,1.0765289222258938,1,1
5.076423240755507,9.102336767397613,1.5823252378462416,0,0
7.352733930164239,56.62604851940405,1.1192455497957432,1,1
8.0,52.44173027628704,0.9521286240512983,1,1
7.764288010108973,62.1195058776844,1.1854076434924183,1,1
5.518986942599199,3.775704414808038,1.1498937446446966,0,0
8.0,45.52429095437799,0.9524470877813043,1,1
8.0,49.23285169602116,1.0201901682919141,1,1
7.707133310839499,66.0507300983526,0.9771069312796308,1,1
4.697199579258058,3.2306713213506386,1.8121630269824922,0,0
3.678547118042458,3.0269721892815062,0.6858385380983121,0,0
4.616738954757345,4.137000815603146,1.1010451355006643,0,0
7.309291840337921,41.15062958367785,0.8923903690785142,1,1
7.911812635022321,74.68682211245498,0.9452369211597058,1,1
4.738975794705919,6.615408797980258,1.0266017878708877,0,0
5.477774631414793,3.1558573136770898,1.0390882689191017,0,0
7.856098193590955,19.891582098936006,0.9712626774500046,1,1
3.9629132954282755,2.965655254651305,1.5699282643645882,0,0
7.556304948214715,72.69555726146595,0.9008323112323949,1,1
6.045595585624395,4.635704044500137,1.3320788837081787,0,0
8.0,45.97996820410488,1.0436367200755259,1,1
6.776179417343012,57.89928953062636,0.8647878294621709,1,1
4.325981560120431,5.380217024182202,0.6594771259489511,0,0
6.374795246477377,42.48058330918718,0.933833576269043,0,1
8.0,26.785579336065066,0.9835876841838019,1,1
5.520088360990722,4.807418872596634,0.7985758252263384,0,0
5.636248215097934,5.835438206709116,1.1074350051223179,0,0
2.0630420409251244,4.342163720278035,1.8224963823897533,0,0
5.332561886683594,6.067022463027566,1.3550510087080931,0,0
1.8271559346435975,4.062094683480095,1.0865109648070999,0,0
6.363205507371283,4.432784361802139,0.8511617459427546,0,0
7.288712432203671,83.10486925629448,0.8713761351298013,0,1
2.850887524278091,4.341226024553228,1.2013221817526618,0,0
7.667883050890145,69.97212524744259,0.7533560908263593,1,1
6.691318294170387,59.882720193171636,0.9171689044286937,0,1
7.6849575454791905,23.661698178981638,1.2372606266821586,1,1
6.8722699954216395,28.447246398781452,1.047205273536399,1,1
6.108927829364718,3.715730470521284,1.2295109269976434,0,0
3.4598476480836036,6.906496553608546,1.5841917736770914,0,0
3.4960592441586327,4.296620871364201,0.808939843840851,0,0
7.012484371072729,42.312605242038956,0.8518042799231035,1,1
6.209063378697957,4.866909777232487,1.2265057420225745,0,0
7.673150234004319,43.72362619621412,1.073788828901201,1,1
2.0785122231402826,4.040977002998638,0.8246445542189902,0,0
7.793645188531175,71.0933862800346,1.1750567584540639,0,1
2.3028476425178814,8.89582913482658,1.5553077945353055,1,0
6.870387659077231,64.91051195004188,0.9984165547439519,0,1
7.9016837244559675,20.674677250873494,0.9935790088788901,1,1
4.699794197975754,0.0,0.7748975333268868,0,0
7.703916541588076,37.846395147983976,1.1402797908480307,1,1
8.0,59.21682575132752,1.1018138401867683,1,1
8.0,53.46084391732992,0.8017180459306067,0,1
7.9196234108607815,48.8793689854293,1.0287065074810884,1,1
4.023304016809857,2.022699644140153,1.337572366891724,0,0
8.0,40.17008107294875,1.0295740302342622,1,1
7.370746256535259,45.20552734535683,1.1009253124048253,1,1
7.496664159332914,70.7438201364441,0.9520948040368109,1,1
6.98688242376746,40.65868614436408,1.1508285119572768,1,1
7.3846903633233305,57.25399005371807,0.8593765294607596,1,1
4.340579670514772,1.4053821407369518,1.2293969537834442,0,0
5.856995402844314,5.433146084962476,1.1370600423244166,0,0
8.0,60.74888887440112,0.903726472251736,1,1
7.7254710065609995,18.8679527156458,1.0279075295960063,1,1
2.870369911777943,6.892143976279271,1.2226938656849728,0,0
3.4613405950841596,6.3771522906224,1.1350376296255822,0,0
6.00085164667333,3.942175613915583,0.5745795570936096,0,0
1.8918885801213228,7.177094431580289,1.593631322726106,0,0
7.696504509642933,45.724307681015304,1.006299274691193,0,1
4.213060466691412,7.769021910133899,1.1387553758618052,0,0
3.5867225075087483,4.734452988372076,0.7956918031591491,1,0
1.9901764578947576,3.5422186683925134,1.304070693400875,0,0
7.675060694943884,44.69136136352793,0.8636287114653096,1,1
3.8043584358161993,6.462660717683283,1.4623189539671824,0,0
2.0540968212133954,4.890544841538152,1.6007397302537945,0,0
3.4815365849524817,4.335777264292574,1.0703604261521877,0,0
6.797431951971001,40.13015368552968,1.0388804937318699,1,1
8.0,41.653961043592574,1.0573298311568915,1,1
4.831481302621118,2.6298976245690753,0.8339861996857071,0,0
7.903141931472003,35.82191549415458,1.0375295116207808,1,1
4.138872894734008,6.045907841170901,1.3728971712851987,0,0
7.659655941686246,62.24847818869785,1.013999518740578,1,1
7.531252076833262,36.47900964932258,1.0729575759599261,1,1
7.6868673318859555,74.47979758419619,1.000118041356461,0,1
8.0,54.2535789032315,1.1597715086027633,1,1
7.841334891771385,59.56158457070781,0.9207391486288735,1,1
4.285817906992905,7.849252449680512,1.1794131840806303,0,0
3.095812337223783,4.238186616069637,1.062310993571657,0,0
7.344965054310382,40.40600161504746,0.9701582231305965,1,1
7.877628592805185,47.698654272733464,0.9586807911697748,1,1
2.559052165732897,5.032421805546054,0.8179384313182587,0,0
8.0,63.80784508905221,0.9999622955481774,0,1
3.7359974242351743,3.95248234929372,0.9654572297139726,0,0
4.636082674541653,4.994969538193674,0.8595116268032001,0,0
0.9626735757043572,3.617843195458987,1.1379837585138104,0,0
7.624478239537022,73.85627069219753,1.159012461381661,1,1
5.731209369952195,8.042461151883263,0.8804654879721147,0,0
3.2515597625578563,5.104092800579663,1.0331322774917866,0,0
7.495481530320377,31.68483547896962,0.8668452279326229,1,1
2.7050799547351403,8.245984364329715,1.0112991536874147,0,0
3.248854736630138,2.9085637791490573,1.459230018530421,0,0
7.579091528480115,47.773605927301816,1.0413193573968187,1,1
7.535502180296156,43.25282175703677,0.9401896753834968,1,1
4.909530715044321,0.0,1.4082303432006495,0,0
5.83062159013147,5.600262332998947,1.4024310856521314,0,0
5.492755355677151,7.422352177720762,1.2054998854370884,0,0
3.779763655031547,5.382854148104218,1.0399818029419856,0,0
2.556198138585853,6.3515778480338065,1.1904349246194827,1,0
2.906888582133828,7.609129049955765,1.4311813273910476,0,0
7.298917856230628,23.364423493079148,1.1190636751298746,0,1
7.031962840503453,65.4230858062018,0.7777598106324857,0,1
3.2640945261156515,6.300598889481513,1.096835520143114,0,0
3.0277955505009717,7.916854292068939,0.9078538385337716,0,0
7.003076324982351,34.27105268022795,1.1323247647682522,1,1
4.971761391713721,4.692694756384679,1.2338272724690333,0,0
7.778855967590521,57.50332538311392,0.9972911106034876,1,1
6.752152212771064,60.383379754271374,1.140294935785579,1,1
7.803494540354673,49.330406342213415,1.0066157922046823,1,1
3.0059518955427444,4.99477633075078,1.3998268688054094,1,0
7.6021029351374825,48.47831032275945,0.8843742503301713,1,1
7.375131061898741,64.85000654561027,1.1898735621776937,0,1
7.3231183915199685,77.34246674990388,1.0054812695242688,1,1
7.263224119660207,49.18242570924526,0.9590538106982591,1,1
7.418601006793517,47.64209833648377,1.092255276962648,1,1
7.7540458719086285,62.96271070980174,0.9828643102801657,1,1
4.674709129865026,2.173185077616769,1.0137877494316183,0,0
7.27458682912994,41.921250099470434,1.040154529219942,1,1
7.532976003040371,39.559721135543356,1.0696971839166398,1,1
1.1993981926801238,2.0981260932314827,0.8585139429235586,0,0
7.588682209573021,59.48442413487455,0.9342006927018478,1,1
8.0,49.95354961822091,1.1204074328716962,1,1
3.8455513786719577,4.917624359254428,0.8152670649472133,0,0
7.715690630930816,48.92849938639757,0.947998699069089,1,1
7.06220874046973,48.20272226268446,1.032353247613726,1,1
5.536555364343181,2.3845776931190517,0.9660462081988295,0,0
7.071632444128334,53.98521134588627,0.9259823915951481,1,1
0.0,2.6886474572643837,1.2771391346489724,0,0
2.5778052477764213,5.1079229051245365,0.9757559670295199,0,0
7.397531669528706,69.38417938582873,1.0415473707412752,1,1
7.004922366570999,16.217293960176264,0.9901846326869959,1,1
6.457346695000469,5.4096243410039895,0.8539037070306701,0,0
4.0195907580439165,5.581301461170454,1.0122261329336908,0,0
7.093437533498766,47.70839624317864,0.8718643182606766,1,1
7.733735841775216,53.737007753739235,0.9620410231215629,0,1
8.0,42.59644046929022,0.9275987207289548,1,1
7.437298022642235,40.961050671132966,0.8254998568366742,1,1
3.8342850286772996,5.113146995954107,0.6604706781587079,0,0
5.941511768235155,4.425931209543483,1.0946067941919262,0,0
3.646069349971662,5.5214265098460835,1.307899302496121,0,0
7.78670389842026,41.28052429101506,0.8683125648066761,1,1
7.291998995889059,52.25633244604302,1.0108970788801561,0,1
1.9165561430786244,4.229385719349263,1.1051297934743796,0,0
2.63183552926473,8.504740823942836,0.8125935787703582,0,0
7.099706094759119,49.078937054446186,0.8475461460146834,1,1
1.703235689888778,5.009261870138068,1.105536429706115,0,0
2.1959365307157324,4.3270091248729425,1.029605627786427,0,0
2.198125796554884,6.878244641693723,1.5616963781401683,0,0
3.7283999787756525,5.577441988559957,0.9197092334145166,0,0
7.814843234256382,56.105659757221545,0.9892609492583908,1,1
4.491177359924456,5.85691401755514,0.9500157448391112,0,0
3.283470707978373,5.134438111732352,1.3099115109593662,0,0
7.55920703165572,27.0391581565174,1.0197899925718548,1,1
7.237467942387978,64.54534390174398,0.991874554381779,1,1
8.0,84.07628753956348,1.1553268181524825,0,1
7.7809188746066456,34.219558690353985,1.010878905010096,1,1
7.689243906794504,84.20230417593729,0.9161296459501196,1,1
2.305567967107491,4.147029023413494,1.2017907223077973,0,0
7.8647238571878635,49.69193240429709,1.0119395444931876,1,1
7.404107669848807,54.432359185974704,0.9802355927108305,1,1
7.636055682970268,36.16360900395766,0.913556930092455,0,1
7.565815686884193,46.01883149887271,1.0599973189592236,1,1
2.6575519723489505,4.112996970816175,1.6819716021303037,0,0
7.852734809440198,54.970806630196535,1.067289786379034,1,1
4.812998267802458,5.7572680146942865,0.6254499682163642,0,0
7.141109060765844,35.18269676630077,1.0314602835930555,1,1
5.936776871805992,5.516580459070822,1.2620249887146033,0,0
7.380881069634203,16.424357994336333,0.9460431508092865,1,1
5.04417091282418,4.364585296440389,1.1326752811986074,0,0
4.45549238799197,6.105045155725634,0.7146691055513715,0,0
7.947902195443652,60.051068858876604,1.1585758828894592,0,1
3.3615788578081887,7.688930934411038,0.9733517139967645,0,0
2.7559073415719513,4.816387281060312,1.1047086186716069,1,0
4.869706388066407,7.20753958758532,0.36462259674737674,0,0
7.3258005889889946,55.385071000206395,0.8499513155908828,0,1
3.1305311056047946,5.368567461764982,1.667898810939744,0,0
7.0264140236948185,46.27992017452624,0.9403156957784417,1,1
4.201602335901919,3.7433754403663935,0.8030854888122587,0,0
7.629077319257952,57.89227855238495,0.8377066641667663,1,1
7.732327280699038,9.619627032397943,1.0824182039163808,1,1
8.0,60.19632055120293,1.1175348016965572,1,1
3.184801407453687,4.664049234721856,1.719203565278745,0,0
7.3579864932661465,48.91363905109442,1.0488198726125908,0,1
6.438151601130206,79.29595670979478,0.9337192841323022,1,1
7.395682715458707,18.57971457187758,1.0385342034224505,1,1
7.21398926831196,67.07402607870176,0.7825845322318473,0,1
7.964688218002761,68.24479479800291,1.1190844464500187,0,1
8.0,39.179543635662455,0.9068440440477167,1,1
3.700081610644387,5.35585770338535,0.8811170622697263,0,0
3.6754412859845105,4.758278818964435,1.4730792606111431,0,0
7.75876310800706,22.08540016280368,0.986296940866096,1,1
6.766697311087865,32.490120654474254,1.0140558198115177,1,1
1.9156284157664256,5.5215377499324,0.8340584857230172,0,0
3.358975922870185,5.325120878978184,1.055471004195083,0,0
3.463866783719291,2.727376412799838,1.0801803886947403,0,0
4.17487860795994,5.556606969456709,1.4596113490787244,0,0
4.5942951222137385,3.399099355687521,0.791104326428125,0,0
6.913718833222563,41.47365477571083,1.0689184423772369,1,1
8.0,61.471465368234206,1.0845939684706432,1,1
5.741903422135613,5.381833118754434,0.6742346344791383,0,0
1.4217146614358946,2.8823779850842213,1.2923018575900374,1,0
6.115267189629999,45.020617638806385,1.1229175545340395,1,1
1.4092990995460473,4.056827294372237,1.4441617688255033,0,0
6.294619850488864,0.054439241926904636,0.9673938636440897,0,0
7.2228265009934995,38.09023814472604,1.103910624143163,1,1
7.434500288400405,51.391146575930605,0.8980986484895646,1,1
4.166856312379134,5.680375162194542,1.0995214281252026,0,0
5.004999249973695,6.327327275456771,1.0548177579878157,0,0
7.262368567154678,67.79217306985653,1.0547702562241352,1,1
6.637772640101676,29.234366673809337,0.9763372287871301,1,1
0.8788981594548515,5.612874841532509,1.1380293827967645,0,0
7.449553785181626,51.78123586171314,1.0845556687719924,1,1
5.3481923106563904,6.598399484548863,0.9644974387960293,0,0
5.126648738336099,6.50367593223972,1.3472033206826726,0,0
3.5621809828729525,5.707895343042808,0.9286555325774432,0,0
4.099707493000973,1.618993358707582,1.0247086845432327,0,0
7.376005449781565,33.99469937944046,1.063655693920708,0,1
7.140551904291237,53.610521302256466,0.9516658178798649,0,1
7.520385142992903,47.44427707007081,0.9453957222264473,1,1
7.204124025450913,65.54252788324365,0.9675232403314189,1,1
3.498004492910544,6.23265871208253,0.9371222670029943,0,0
2.8352466553240787,4.953511760498074,0.9373620296327262,0,0
7.646916562423069,41.504907099423164,1.0199805189002835,1,1
7.2006346012286375,55.69841094221806,0.9942394921598223,0,1
5.559950651521353,1.383008547192245,0.7453050007959103,0,0
2.5284912943996973,2.9592924106910545,0.8323059608327428,0,0
7.186183704775534,58.712194929753956,0.9902981708098826,1,1
7.105243090625853,46.30306887991932,0.8780654350457094,1,1
6.599497062889704,3.946349910744737,0.9262971695002451,0,0
4.324551281788892,5.249331987764442,0.9172977309709291,0,0
7.513763656122394,66.92155049282539,1.0167081009348307,1,1
6.339929384168413,75.56371539457352,1.0308912520883795,1,1
4.713088278295608,8.426007999617449,1.1451480720932061,0,0
3.944647153772895,3.762334457498765,1.0456406285352808,0,0
6.663586439011278,33.16597254407411,1.19251069319171,1,1
7.66825626474396,41.89516702949503,1.0182511209068035,0,1
4.227915940019625,6.695184871014361,0.997118920705233,0,0
3.3181683490660774,6.908681891877403,1.2561785481781513,0,0
1.9632929146613378,6.770443446920336,1.9654891510299466,0,0
8.0,51.368853422940376,0.970591039979316,0,1
6.922391756644369,21.522007064620436,1.3176003459403811,1,1
1.3233624993717443,3.8540806021060616,0.6516386005252914,0,0
2.421779224441076,8.84994198064467,0.5315757695766274,0,0
7.50594318066053,56.64503798356278,0.8769722755709322,1,1
6.1927624826020065,61.12505696151659,0.9339150638467838,0,1
3.8360328844076026,6.167714572738093,0.8766393728453906,0,0
8.0,46.640734689439746,0.9300211635407662,1,1
7.77907536103391,80.10923675571068,0.8240831258884966,1,1
7.004110847632396,35.195282126344566,0.9483515887328964,0,1
7.688949285731966,52.24876948547614,1.0880822683664781,1,1
8.0,39.01783671273367,0.9735265401848148,0,1
8.0,46.35277151283823,1.082523236880551,1,1
7.943103527881114,50.83421259326678,0.9926060611555876,1,1
8.0,31.425406961477744,1.0288779867248143,0,1
4.364994709584016,1.2705761523764387,0.7384490830147812,0,0
8.0,33.71761947235781,0.8689658163082208,1,1
7.836307392341351,57.52371368146321,1.1580007782266106,0,1
7.4230282160211765,19.82194784006251,0.8689017605221823,1,1
4.563757440254411,4.315856264679946,1.3522231420260709,0,0
7.962279626286027,66.38277936297615,0.8842116616297009,0,1
2.437865753539971,7.383868894716198,1.363627998344575,0,0
6.987452340231263,33.16821609669685,1.0953334458128108,1,1
7.377613743619692,40.29140338605473,0.9202325015268836,0,1
7.3319583866462015,61.04096216007511,1.1673013456584387,1,1
7.929599423179977,60.303894047986944,0.8651992581169636,1,1
7.287582794122476,43.05023674260467,0.9907700811059107,1,1
3.2371724449655512,4.236589410060194,1.0611604727483435,0,0
7.571592767030324,27.994299742883197,1.0671626605949185,1,1
6.998175950699025,53.157361236733564,0.841961956334516,1,1
4.177806882940668,2.5720344456345656,1.12038239650494,0,0
7.5777992255117335,42.62337679362055,1.0785409225238247,1,1
7.269818846141179,30.11990937903004,0.988533215332156,1,1
1.0036268148424816,3.102981195929055,0.8920436072762484,0,0
6.993380032361143,35.910243503680654,0.762624000420742,1,1
7.48922935318115,39.46865215224423,0.9403823965773315,1,1
3.575055853006148,3.6741748510883925,1.1019185729133716,0,0
8.0,44.484273615738154,1.0831512698652817,0,1
3.0945682206589424,3.437832835416014,1.463973019835496,0,0
8.0,49.21413097661801,0.9656569028607528,1,1
7.248949447349059,59.00480767972025,1.0399446693048975,1,1
4.211313353327419,5.55774998237074,0.950777661810575,0,0
7.788532203558178,54.49418645025722,0.8963761739355414,1,1
3.6404774538618945,7.22201379533419,1.0037426974320058,0,0
7.805212511137183,44.81979791315748,0.8357069167149661,0,1
7.905126871702448,46.24856877497805,0.9278512604565679,1,1
2.9449585366947906,5.203351485941939,0.830352709157743,0,0
7.139385187038099,67.28472489850806,0.9845717391743352,1,1
7.641245314193101,42.009177796346755,1.2243719017374168,1,1
2.8543232044259135,3.893209626165422,1.1431491973526096,0,0
6.981014278133772,3.6746463980216078,1.3000500088580742,0,0
3.955064788858283,4.951047376578171,1.2280937228574156,0,0
6.892324634224291,57.11215028917578,0.9256077165627863,1,1
8.0,70.07660633368191,1.1519150916539664,1,1
0.0,6.262940171330515,1.2508180541973357,0,0
7.505699246804567,51.220065842830444,1.2021110814021987,1,1
3.0305558484278685,2.653064951014564,1.134477134716512,0,0
7.867195021647311,31.28537864980517,1.0270037392192113,1,1
3.7035182671617255,6.554780377159348,1.2461764729553482,0,0
5.511237737405818,5.702952993434028,1.1635010962693102,0,0
4.34072452338222,6.621361363056316,1.1500393762257581,0,0
3.573234934885943,5.849360093310168,0.9120965269369807,0,0
7.293816575588387,5.587320537071511,1.339629549709952,0,0
2.7448656817219277,4.935311520303256,0.9896617033900615,0,0
7.624437019607414,70.79211694549866,0.9380594139037184,1,1
6.978448886050758,5.228101019280758,0.5880464514828788,0,0
8.0,60.214646856150765,1.1337664904588638,0,1
8.0,72.09421090661105,1.2374836121082406,1,1
2.796183946145291,3.8661649402362763,0.8243755632554837,1,0
7.371881889014216,33.57554564968055,1.0498926741554715,1,1
6.626439774285385,62.62135137581067,1.0648053814810448,1,1
8.0,47.73625956473892,1.022804566532159,1,1
6.735006053387033,58.334263567587904,0.9073909944128826,0,1
4.842431963013956,4.704660497964966,1.5480701150762188,0,0
7.194823484913782,55.492242032327596,0.9287057830569697,1,1
7.4994904482119376,6.728106575188901,0.764003383545364,1,0
8.0,44.721280435428376,0.9710697920148386,1,1
8.0,57.23652794093219,1.0171090569318153,1,1
4.909223624016811,4.312868881136666,1.0788230298395833,0,0
6.172986978817542,4.614830514704797,0.8065040719604732,0,0
6.405155753873432,49.22453053054874,0.9604188646598648,0,1
7.772168755828345,21.057306299585786,0.8902889397125204,1,1
5.435220574281525,0.9627934992299174,0.8613265075776471,0,0
8.0,47.989099530842395,1.1014694476320173,1,1
6.778644474567859,2.8005751735834292,1.308678292026462,0,0
7.423021574467319,23.552209021934107,0.8613812835199157,1,1
4.4830571410083095,4.246279213790319,1.18586990532722,0,0
5.0863411560161556,4.469589899023604,1.0723923023073614,0,0
3.085219179063956,6.296885422465589,1.5882304685647852,0,0
5.08323498289389,7.756200867834395,1.2238984540743891,0,0
6.983096379388324,73.99413162333279,1.0099378518816289,1,1
2.9856852439855475,8.164914171034443,0.37073748463592116,0,0
4.796898297202861,6.782423715403569,0.9850619225661391,0,0
1.5103660041524098,2.7077507509054235,1.5048043726163502,0,0
4.4549447887562765,2.6099967342851724,1.039120857109343,0,0
3.25463211834713,6.118176644901673,0.8310407133716537,0,0
6.283188089259744,0.7888081477500144,1.179552716721078,0,0
8.0,52.172920463679176,0.993182269228144,0,1
7.29323193670064,29.51771223660965,0.9344309536534897,1,1
4.899461134334668,2.0038320932054456,1.0071964747472633,0,0
8.0,57.9326824272585,1.0306184344768046,1,1
7.548853523223675,51.39835626851413,0.9062605110336198,1,1
8.0,50.30698136134463,0.7338671342465837,1,1
7.507314854407109,58.449203646241145,0.897098971367503,1,1
1.357754868966671,3.66232960345694,1.0729296028905064,0,0
2.5292903892552046,5.506889381993329,1.3993518020278541,0,0
7.458432780562393,75.02957367029809,1.1003719703311332,1,1
1.5759960597545364,0.4874852454566332,0.9829030313985746,0,0
7.48315153732129,28.662126309658824,0.9700930905317525,1,1
4.196382291434817,3.393298133794545,0.7968405430660586,1,0
6.503430305904904,33.80314964998628,1.0602709373177401,1,1
2.1371189706287015,5.402259242391381,0.5958939351905301,0,0
4.119859242694435,6.180678273101811,0.6842132863473054,0,0
7.815057530773913,49.493070091648306,0.8474674190358003,1,1
7.28751794354486,64.24960228243702,0.9372375302730902,1,1
7.592585994390195,29.325993050765895,1.0286603283850495,1,1
5.2944642182494785,7.072442423186658,0.5335230415294654,0,0
2.171504372310681,7.896714463831406,0.9703006576770636,0,0
7.644866964056496,57.41786504109572,1.0044384387084757,1,1
4.617636878120328,0.8682644950633085,0.685392949471984,0,0
2.8848087833465605,4.020614709890269,1.2919137707876518,0,0
6.902591958409397,31.582619257291274,1.0217194073060785,1,1
2.507287613333534,1.5906899585949485,1.7309267733830966,1,0
2.454907363577489,2.913596570315008,0.8257730334615836,0,0
3.9875247165581573,8.209512680043273,0.8661606205768402,0,0
4.03342030973496,6.80784177710812,1.212444900209475,0,0
6.213637782830269,53.318033229518186,1.1011089406386192,1,1
0.6506102817724155,5.155308436422594,1.3588037366754215,0,0
3.603776719621414,1.283572027823804,1.443591213326269,0,0
7.525207417607834,73.95384777599854,1.0451955286015513,1,1
7.4234099417068204,36.42770916811813,0.8957715216479296,1,1
7.2773575864033475,33.50992042786517,0.881972067052814,0,1
4.5951371602636675,4.595296084195167,1.0964363663791208,0,0
7.837332493762666,44.56266448016514,1.0754840318077026,1,1
5.830195121903637,6.117314907646041,1.3295629833586116,0,0
7.245729145736917,37.74472478059202,1.0424484632544213,0,1
7.889332696816166,37.196532175890475,0.8401207371366666,0,1
5.62280133892571,3.916311881084763,1.3924398742886324,0,0
2.9595364510952606,5.2467997699261355,0.9346396560555411,0,0
1.8723765853722067,6.11179914428824,0.6788203650744942,0,0
2.399475634206669,4.5913282757087375,0.9676003344841702,0,0
4.2105878507347,4.440202292310651,1.6921643589843156,0,0
7.391449167306486,54.38205567298631,0.881593499460981,1,1
2.59554393758069,6.252505742697991,0.799001146047073,1,0
7.004507506541205,64.78440491860911,1.0597541401532962,1,1
3.7350679559394484,7.652348255603711,1.5573230325702756,0,0
7.483166559059032,42.26600728739033,0.7719403920173804,1,1
7.467817615277007,43.692943688456445,0.9624951685853004,1,1
8.0,69.69115211886985,0.9629943235308518,1,1
3.2442355432919863,6.74034567444501,1.1602207599137313,1,0
3.933186103120335,4.863690503826954,1.5150385427084523,0,0
8.0,40.81614241694353,0.8780292612444358,1,1
2.724718402381193,1.2401858058156474,1.5569996250211344,0,0
3.1924118115347007,3.0717862830673406,0.7924912522029395,0,0
7.555705473737556,4.617842715247144,1.2277211223571904,1,0
7.473994954340102,47.10896644050019,1.084996398799596,1,1
7.711694702571302,74.25555605402637,0.995818082502569,1,1
6.678732357446039,57.21851201795953,0.835894926864563,1,1
7.612880131401402,52.92411205077677,1.0136029774579325,1,1
4.415339688661432,8.891186704054531,0.8350277220526885,0,0
7.688725752798257,42.32600207399428,1.007925115370826,1,1
3.715046296540012,9.061203527814293,1.2121803046770911,0,0
5.041216684245008,5.2202704806580815,1.1092697615663794,0,0
6.971944353079745,53.0424540667274,0.9704481029069745,1,1
6.744461614050875,49.20018314992954,1.1742758152219153,1,1
7.848238634729823,4.585174767609978,0.9635616561487363,0,0
7.676456640686627,36.668427684003774,1.0427571575818848,1,1
7.133970451965611,5.542413060978154,1.4237896071898246,0,0
7.194392304062827,39.64775954468986,0.9188833502069944,0,1
7.564424405172652,51.18059136987429,0.980394743790962,0,1
3.8256802580238705,6.736470472617354,1.0724312425715703,0,0
7.410565087930871,58.72545591504321,0.9754913650830707,1,1
6.158147765454865,4.174891179611187,1.6112979301890424,0,0
8.0,69.69186991133469,1.1849851613983946,1,1
8.0,52.07547556953693,0.9113357560097262,1,1
5.085761256587355,4.78693584827582,0.7845093879879222,0,0
6.411110648544021,3.771079693220031,0.7788179355417719,0,0
7.76692610079276,34.315946489678964,0.9608652091261483,1,1
7.683938273071743,77.84737395987625,1.0634435194436471,1,1
7.269682687385674,40.33843089895235,1.0674151263015053,1,1
7.0602710527062,59.89260625355803,1.0287451756069719,1,1
6.988064454206503,37.76723023054866,0.9153442139882152,1,1
7.4702432232874445,76.42913785935998,1.2067171518238977,1,1
7.910629128737224,67.91738518305678,1.052062050665369,0,1
7.067269000434096,56.44979083203319,1.0613924312735719,1,1
8.0,49.72552539390069,0.9600698489777969,1,1
7.886432919103327,61.386020742189935,0.8960031213469778,1,1
1.6664272725198934,6.815926337030178,0.92651679693486,0,0
7.646508543226536,50.323251155319355,0.8462579176270594,1,1
6.84079515043499,20.42517625462144,0.9785306174259361,1,1
7.975665555364262,57.773184955541815,0.9318177038178348,1,1
7.493648759704007,69.72169163132537,1.2146707212450818,1,1
3.8181074137860453,4.228498140616669,1.7786006910751424,0,0
2.670388892756737,0.0,0.818613703959416,0,0
4.2987927501455845,5.400578625063328,0.7066921087643822,0,0
7.858137223248207,38.09243191281648,1.0074469811474482,0,1
7.5374387392876265,20.172810953930032,0.8260619819785737,1,1
7.1230257384068185,54.07397607986508,0.9917016831604368,0,1
5.555756006290522,4.017072857099149,1.358846028534404,0,0
4.937534269110966,6.135692631140351,1.5082879349077722,0,0
7.297835851062058,50.45930652565991,1.0730182648596527,1,1
5.647460245851006,4.564060597940729,0.8685787473655694,0,0
3.3176812953945065,3.016626163560845,0.868899564262474,0,0
5.271838784388853,4.648652385754841,1.2798096333949889,0,0
5.254692077370395,2.3925563586832608,0.9455429026367225,0,0
2.740874255799665,8.728249289398182,1.153707148157125,0,0
4.200046038740822,3.293818034520129,1.2029347765394893,0,0
3.109711288213149,3.4649204162457474,0.6671137842508118,0,0
7.225283536928549,58.67917897683552,0.9595708774401756,1,1
8.0,45.88462677028913,0.907716901706906,1,1
7.14294901220768,38.179649811945744,1.013465936013955,1,1
7.207671035830171,31.661288080873017,1.1090882472247643,1,1
4.088381322273038,6.086736977692639,0.813016860688559,0,0
7.665932475423868,50.38378221297959,1.0263346854517104,1,1
6.670239268638278,59.84522658394403,0.9479134635686095,1,1
6.888056845934902,21.314896139308523,1.043964090006606,1,1
7.213149285684763,31.077698745566693,1.1962055490678607,1,1
3.6045435005009407,4.7891559193904545,1.5606569267666948,0,0
6.813348851416894,5.513878111437267,0.7602152747171746,0,0
7.4256964556798755,44.86677272118526,1.0107597132138326,1,1
7.117194841246182,44.790246431977714,0.83421513642351,1,1
8.0,63.237386540918706,1.038610077423793,1,1
7.352890050896104,88.26327546745306,1.0426480523437716,1,1
6.859447993945063,53.43833991158506,0.8990489442109126,1,1
3.388423640591205,5.582337405493875,0.9320340411998984,0,0
6.614823556011538,53.49573148349044,0.9853713517529781,0,1
7.2975357220821255,33.59275319854771,0.9160175029794047,1,1
7.233087014748906,69.85909059079671,0.7076263978188606,1,1
4.565762602941433,0.036823737966636294,0.8654136494865938,0,0
0.36812007550877013,6.073504480574488,1.354768180704853,0,0
7.099023805021626,32.61252296128851,0.9484285833002274,1,1
6.791223891740013,73.45107477338964,1.0762672817835883,1,1
5.775928650371483,5.300249615077243,1.519164213114544,0,0
4.728960029419038,4.100801591830261,1.054176434578245,0,0
6.300315994343969,64.79076807048988,0.8885385134467505,0,1
7.662440983033742,44.72874722648477,0.9438103728913897,1,1
5.846384364253515,53.4851189650069,1.0530720903521666,1,1
3.855458462552551,3.2653231998844943,0.9200950055658554,0,0
4.449788467169159,6.271532999323434,1.1044773681768303,0,0
7.049936134875958,76.71430400671173,0.9181420753389554,1,1
2.612596699834178,7.7968467049716885,1.138158994401457,0,0
7.116903171585307,51.98865242867713,0.9715252239197337,0,1
7.618634449270419,56.84295794725175,0.8848366899716859,0,1
7.55380161173648,33.36088612429671,0.8316796191664112,1,1
6.530453768837704,6.932267269826749,1.0592330657228177,0,0
3.3466513283711183,6.949103339099716,0.7561956412311067,0,0
4.079518472546551,6.606903839961618,0.7046021773824805,0,0
1.3564764695244573,3.6140600460285075,1.0514057990456724,0,0
3.8504739249069386,6.846428724252291,1.0677329659436507,0,0
7.0054211399020865,30.323404911651597,1.0117482232057013,1,1
7.33283677091037,35.23119623380686,1.0613490157458478,0,1
2.8667758972241497,5.462589710440903,1.047933062751521,0,0
4.948778019776407,7.498461264673111,1.436707766799369,0,0
8.0,52.00137030223194,0.9082748086061242,1,1
8.0,1.7874221098887175,0.8962303390916895,0,0
7.375767718443616,55.493950328741626,0.8578829524468906,0,1
7.25430229181167,45.961713281015214,0.9945395090272974,0,1
7.667519675027879,31.420353333942167,1.0106112255471627,0,1
7.4072655519569865,41.97121373432981,0.8121630517889113,0,1
1.0678783761373496,7.4981941040069415,1.4320333520843764,0,0
7.290002582863044,57.772710419401804,0.9350004303996046,0,1
5.6474158077405585,7.412795419435264,0.9539049856334438,0,0
7.797025945615021,34.2465459835798,0.8681501938247795,1,1
2.8940302712720394,3.784122055996745,1.009402182190218,0,0
4.424265241151561,1.3583191690376637,0.837309579849699,0,0
6.794161227649292,49.34711677829894,1.050239230771062,1,1
2.5885226092956324,5.718647452248504,1.0932873287974705,0,0
7.707559876086353,71.97028579757169,1.0885778219475482,0,1
4.801074206914114,5.4546559785848645,1.479451529976744,0,0
3.1720543015183376,2.1890689257102847,0.948601218562676,0,0
7.109817319196122,69.54587262443648,0.8568573039211544,1,1
7.270340858729688,50.378196701863125,1.1501405370161786,0,1
5.23300364772763,3.321950129287944,1.1908270963824266,0,0
7.522202738550071,40.9184763015325,1.0252725795606932,1,1
6.953913139081262,44.27719923039125,0.9230180722223895,1,1
8.0,59.140262316309105,0.76582231402394,1,1
6.884698887725829,41.74625105138675,0.7338731761705304,0,1
7.227548970500702,70.03444680078876,1.020059285727008,1,1
6.7024092455372,21.06307094223452,1.0619241569751465,1,1
6.402036779251159,2.5017826279486144,0.7633650782220183,0,0
1.8049904606115397,0.9652196176286445,1.4802929806456677,0,0
4.241158701014729,9.510132062085717,0.9679754199407548,0,0
5.309120590410647,6.496146862188717,1.8962894183567254,0,0
7.481772549991833,37.58375060071352,0.9185095910223078,1,1
3.639578877720568,5.747301990648599,0.7773752514589315,0,0
1.4411956735200873,5.352965737367077,1.1917408101757254,0,0
7.1820165681842765,44.39339828871306,0.925325792150176,1,1
6.472174663374897,64.53463125085517,0.9013305820125662,1,1
7.327333294244201,82.90630482666283,0.8684619182603459,1,1
3.360905288996674,1.7163116298715195,1.4448068279091308,0,0
2.5371931622461847,6.262782729628634,1.3051996584274355,0,0
4.651690187327924,5.477147116606905,0.6643088245330211,0,0
8.0,52.47957012604887,1.0697110225689712,0,1
2.4199053957904146,3.1263190625317883,1.4775459462075984,0,0
7.962170364619269,24.70361057713924,0.991954329569396,1,1
7.123600569403291,38.412961143903146,1.0790257120970157,1,1
3.818560095974876,8.810019730849026,1.486606213192182,0,0
5.138186794611535,0.0,0.6295584264059083,0,0
3.9347779715526072,6.741530642348987,1.0393511776756188,0,0
7.996355522595648,69.15498519762417,1.0534448473156304,1,1
8.0,57.553797757003544,1.2010474801304298,1,1
5.049911045051941,7.931513392783103,0.6484381542818004,0,0
4.56065288698423,7.391975640622569,0.7627311648041293,0,0
7.259459171712852,64.54291111053867,1.1212232484509532,1,1
4.553058209738423,2.134325538728027,1.152185938975577,0,0
4.904488660591051,4.299163635919632,1.5664710840204765,0,0
5.500306675463406,5.0217846591745126,0.9667342178367183,0,0
7.052875040264124,20.482370239321348,1.0922087544301693,1,1
8.0,72.49066520262127,0.9867103844197816,1,1
7.59473064289143,59.08098920402165,0.9477762993479777,1,1
1.4169822161476064,4.894768262033718,0.5588621515383774,0,0
7.845704914304563,44.27118007203712,0.8741408539433834,1,1
6.537227174317758,41.86919084803314,0.9503122275270861,1,1
2.212064423676952,3.9674527968098534,0.8539790503944983,0,0
2.72377415427761,2.1416290885302804,1.2777112390144756,0,0
8.0,59.76194380834476,0.8966972105942422,1,1
8.0,63.00205318322082,1.0491834068909884,1,1
8.0,30.848974097337187,1.10186886047243,1,1
5.821027853075733,2.191417390714922,0.7314037574835722,0,0
7.406914931628616,70.04582148221473,1.0697160409425905,1,1
7.13398485526271,50.10380297879492,0.9993271747757886,1,1
5.624420136829319,4.020817917180909,1.401718909267003,0,0
7.4211413141125515,34.90287065136745,0.9203760674680846,1,1
5.558060823587832,9.172235920769623,1.1285873878545372,0,0
0.0,3.8415871820073813,1.4186428503075732,0,0
7.137540347638581,54.878771405517135,0.9129760543112878,0,1
7.790652828515381,53.39282152223401,1.011744820276098,1,1
7.785104105640046,35.62255359527543,1.000503656758654,1,1
3.2697348261269585,5.5447527228854625,2.1165153287709932,0,0
6.890382546051258,37.80435892705824,1.0157137640802185,1,1
4.817464134988538,1.8438983601989598,0.8802624270095891,0,0
7.242906941690074,64.82510704583613,1.0300509840486196,1,1
7.705427902414207,26.463759052692016,1.031755438869709,0,1
4.759414599142843,7.432930555312835,1.0467311704169124,0,0
5.901420645624519,6.551950947697703,1.3518763111736054,0,0
6.212200709543991,50.60920624450153,0.8648601192232326,1,1
1.8740923206870805,4.333738190643058,0.8871587595536936,0,0
3.522355370759705,4.720487144994183,1.2614864446206622,0,0
4.025797653258204,5.276556727391842,1.0680292920883228,0,0
2.868065830648143,7.675433567898899,1.0750276932809684,0,0
8.0,69.87487812842625,1.2060756462018907,1,1
8.0,47.573467735993844,1.063730833772845,1,1
7.723757385349721,41.587479537344834,1.1127033670991844,1,1
5.07954230707462,4.882870544029127,1.424769925755822,0,0
4.221132649646943,9.654229759090335,1.2375037715607924,0,0
3.9520348741460705,5.79409072731086,0.829613950412941,0,0
3.318598093162132,1.3477913470120617,1.376855214323877,0,0
8.0,26.78489360970288,1.0481669624718124,1,1
1.075668183411583,4.549616255023844,0.754280616863362,0,0
7.2088786129389355,50.197678332946566,1.0612854538649494,1,1
7.864752158003868,54.63584807622613,0.9456338518991836,1,1
7.388000077604731,71.81514875641653,1.087712591242987,1,1
7.707332312315958,64.22195789152944,1.1384360073137052,1,1
4.309930802390487,8.608402445801293,0.8461623810618489,0,0
7.2173911516333105,38.110506174147105,1.0725790654054563,1,1
7.962423568576344,43.925647451419685,1.0643935017000388,1,1
4.832585087724309,2.530913614488755,1.0774925526986567,0,0
8.0,44.86844737959235,0.9640226769220194,1,1
7.642017165426984,56.1969388058109,1.0264906168318109,1,1
6.6520617161093645,70.1255127093104,1.0738984741714495,1,1
7.065540640394474,24.02571838165024,0.9857882483914796,1,1
7.887054920381515,42.072942672870894,0.9829122883085802,1,1
3.7425645352417516,5.450607700926294,1.3443768899467186,0,0
4.52153573250339,0.7442423378436311,0.7408734788880813,0,0
7.26496991219415,46.34920306904844,1.0252592857331198,1,1
8.0,35.1976983821679,1.098569908963232,1,1
7.410305161113064,28.993608237955538,1.1418841175634589,1,1
7.441604976556636,30.740690659194257,1.1463851907695422,0,1
8.0,63.165167037962156,0.8209852975432927,1,1
2.0266869325356445,3.882595267506845,1.3949941244770638,0,0
2.495037423110566,4.37893226235996,1.5047714325268196,0,0
8.0,43.60673359372579,1.0854944084892868,1,1
5.09514457422576,6.7273743929908,1.1551275856499603,0,0
2.4785139916260395,5.706012967941065,1.297676244573512,0,0
5.56959921422665,3.6831793055959614,1.0365631258547479,0,0
8.0,58.00358686771052,1.0868360705132396,1,1
7.531764743156129,50.822248435597956,1.0829040322194525,1,1
1.9783556706910375,2.894544974458857,0.8266317158072579,0,0
6.292906892721255,7.760256147935501,1.4753572439167209,0,0
7.291227327805984,60.1377469818157,0.9708851591419101,0,1
4.389409076064079,6.6545862320988975,0.7374657873751972,0,0
7.129684393160998,48.129050798724386,0.8393064240855745,1,1
7.436754080760354,49.52944280575635,0.9213442223392189,1,1
2.982096054435485,5.68407279161543,1.702492916109311,1,0
4.885367151182134,4.981702235719976,1.5450285195816764,0,0
6.832529238944916,42.5654572930163,1.0483747436842847,1,1
7.919610202496857,52.65303279453313,0.933530751470331,1,1
4.03034407158913,5.032101875408897,1.39938539886423,0,0
5.478271454750093,4.1478593866291575,0.9095162360022936,0,0
7.489777993989391,42.124652514785424,1.087170007602396,1,1
2.0985660736826595,5.5005355183573466,0.7541141260017235,0,0
3.3388051116563178,1.3044543330559897,0.8077024076063672,0,0
1.325954477121718,4.709365236641303,0.8356771710903668,0,0
7.310866631764588,63.64167069281058,1.1210152153304649,1,1
4.052340106337501,4.328203417314512,0.7959857852935279,0,0
5.808834736907547,7.117554106498352,1.282978898984856,0,0
4.831140330943383,5.8124165818129985,1.5635914694494544,0,0
5.153218540144296,6.043878467027703,0.9419539848214984,0,0
4.3669894905601305,7.125110985605687,0.9828136060406399,0,0
8.0,63.24787414013249,1.0031704155681285,0,1
7.647930084743437,62.123960871727675,1.0001784192087235,0,1
6.900397851776005,3.5021614545866036,1.2185587017797195,0,0
4.6388704837401,6.300874056763185,1.3159849123314145,0,0
0.969305583012976,5.658121101581252,1.3258901994724719,0,0
3.075133287139682,5.436998724623956,1.5285172060573278,0,0
0.025107838591246878,7.116004984840501,1.4568204111119005,1,0
4.189657362776442,6.100318252739049,0.36684507259012167,0,0
7.3878011350277415,39.30724944547091,1.0904637514223203,1,1
7.436126762885111,55.78744171047671,1.0916510140406699,1,1
7.9704734709080345,60.25892204629301,0.8543079594139001,1,1
7.556862044371259,38.285352710272825,1.0052405118387786,1,1
3.2551704558199157,7.02267601075564,1.1958932328912415,0,0
3.7001041391996052,4.969195144910112,1.3287617695745717,0,0
3.679597520637983,4.515431050708805,0.9362897043562441,0,0
3.831552437849653,8.821065292796078,1.723060674520584,0,0
7.881074905874392,41.836016473763124,0.9504307931492408,1,1
7.077114411074228,21.12813607925592,0.95121112141885,1,1
4.333706176212258,5.327756183921695,1.4508258376275174,0,0
2.034265923189563,5.969656607548942,0.8417293850510184,0,0
3.196766435687864,5.610553576439073,1.4524164751922393,0,0
6.859090626171136,48.74813456335207,0.9173841603563695,1,1
5.843772742145482,7.576599993690727,1.4647152393253695,0,0
7.89836191284434,32.08855836071873,0.9911136883701681,1,1
7.274625370883554,42.165718783638695,0.9318500792452884,0,1
8.0,69.01965394594185,1.208049818001726,1,1
5.581904853457528,5.390140926959042,0.884547664451257,0,0
6.9733955481317595,70.55087097440155,0.9523638825368173,1,1
3.2998418098649065,4.559507902181472,0.9923781213837016,0,0
2.9678616885645885,3.7186173433997425,1.5189079203788218,0,0
8.0,45.007141758925414,0.8914536919298761,1,1
7.096464963576983,47.2592535971948,0.9579190536445473,0,1
5.825904535280727,7.077321460995719,1.3424368789209162,0,0
7.774185530321,45.480963361340734,1.086663352868409,1,1
4.6745756188920415,3.8953892994123036,0.49544489014919113,0,0
6.804549346930196,6.51728404744641,1.0664771152359782,0,0
2.9481756265665786,1.3912849324132455,0.8090001505378409,0,0
3.168129040336728,9.19301769207388,1.0864873324739581,0,0
8.0,48.82473439012588,0.8793516258993275,0,1
8.0,1.349778016526689,0.47873199681869505,0,0
7.578975179425488,80.84913755738089,0.8080286662294497,0,1
7.994613896358425,57.3722677369461,1.046317192051028,1,1
7.707058554879357,45.99037975730483,0.9159579733481203,1,1
4.247373021920532,7.822017640925882,1.0875463857785235,0,0
7.163011176474161,55.673531066567655,0.9578455773335031,1,1
1.514847030660241,6.7281652462698505,0.4955367157290286,0,0
7.917388118316096,62.298889607296005,0.9487982436229666,1,1
7.194253306702063,47.11554214690836,1.0819332369874568,1,1
7.2835880683385605,62.38190817569672,0.9412006070926935,1,1
5.171956047579119,5.23426745456942,1.127432874817245,0,0
7.77166026016394,46.98588220109455,0.971238371524208,1,1
1.278134783378282,5.460368851203954,0.920298846872792,0,0
7.30209665219485,57.004723037692166,0.9939781792983148,1,1
7.279477441203987,42.80429808052071,1.1233190702061668,1,1
7.680874860032782,52.497636601663196,1.130053478602538,1,1
0.7063686085712986,1.73042084313759,0.49514626929329664,0,0
8.0,70.1349790996282,1.0088724485153082,1,1
7.794335168734783,68.2419160745127,1.0318919972700071,0,1
5.621268358282871,7.8679799614131465,1.2892665140364068,0,0
3.4942494542181533,7.3615088054755695,0.9235217997637984,0,0
1.3228443485235415,4.9552710879287325,0.9927904654634137,0,0
7.451592140293529,60.04098225240669,0.8527907925974472,0,1
7.385431041970745,4.093634244724242,1.332982201594708,0,0
5.693150035628441,6.633904889357815,0.2730241506993968,0,0
8.0,41.45157520573038,1.1382770651257006,1,1
7.294081945051587,72.47008028697967,0.9910781949541678,1,1
6.464677547731519,4.629992441009247,0.36619508222992647,0,0
7.1175234980279125,80.29826114011989,0.9959935592398578,1,1
3.6197437703148228,3.1967917809216413,1.5408839633519262,0,0
6.9801585838060385,74.26830090828031,1.090287989682562,0,1
5.394894689973812,3.2714228334697153,0.8964511203029538,0,0
0.9905327961835599,8.258300334177378,0.7780868494329762,0,0
5.9118130350043065,63.15218246836703,0.990267020062507,1,1
2.0724559819291235,3.690943041717626,1.295369320090355,0,0
3.642731572673917,4.465444428770065,0.855259088749565,0,0
5.1246879051317045,4.475208337805093,1.022741723443525,0,0
7.973483307001596,27.268375856076453,1.2487202557910253,1,1
6.844677681224594,29.342342394414043,0.969101792659781,1,1
8.0,48.4309261535871,1.0688797951353004,1,1
3.5848596283942786,7.127865739940308,1.5033551316116345,0,0
5.342248810375601,3.0250192386646875,0.8122532153669482,0,0
7.077982971429729,30.411477845402988,1.0337885968140583,1,1
2.3151762852115345,6.758783898755638,1.4547560514248485,0,0
2.5485667282208695,4.172325727466783,1.278300594653401,0,0
6.847105210129123,39.960570138723064,1.01943750509127,0,1
2.1820596322877033,2.603073988233907,0.9809824281007011,0,0
3.229611466552331,4.788075905202647,1.3462083381834593,0,0
8.0,40.91077542638936,0.9443899536714893,0,1
4.4859569704822215,6.089752174659017,0.7831150613057721,1,0
7.255015178724117,44.21306602811138,0.8554405444387415,0,1
7.505172880934244,50.783731311792096,0.8663879139664193,1,1
7.482674167052487,53.164955226781785,1.06453934514844,1,1
8.0,53.5703544087195,1.2044780053460697,1,1
4.5122120216413,6.586955575168627,0.8438245861364514,0,0
7.6106388544002606,32.25804265912866,0.8548693980900737,0,1
5.586196640387019,3.4510548844844555,0.6065915357133272,0,0
7.348496356816336,48.38964283998451,0.8379775224075088,1,1
7.475604288517294,52.56099392990638,1.1821350717074377,1,1
0.4483550781306844,4.09435778214111,1.1404962109770151,0,0
6.858240250618069,3.9755647740860987,1.0311712074242292,1,0
6.947460905510306,45.56573466668917,1.0595807609598407,1,1
2.9866786357670527,5.93657156893723,1.2154109390297942,0,0
8.0,36.421416830135186,1.0147447455896272,1,1
6.56463465251205,14.408283519964229,1.0974771162209822,1,1
8.0,52.64524365479339,1.0745950932782098,1,1
4.68865677678746,2.703240281513819,1.2572390266441424,0,0
2.2032122880471348,4.927704125792123,1.2791384290930679,0,0
3.8037153272031032,5.698295053517201,0.9286999421891635,0,0
4.823877330126793,7.8342104706832565,1.6915092403440803,0,0
8.0,62.45623612983213,0.9773759627850854,1,1
4.127549854648619,4.676434219240375,1.4319086567715593,0,0
6.394828762130596,6.716001984437636,0.9009839590107351,0,0
7.420696857579116,36.300741741804835,1.1587529166328288,1,1
7.671763277327442,53.405528257478785,0.8785592505063775,1,1
4.826724853476971,1.8412901036154627,1.4567245889016691,0,0
7.316851750096668,71.83541344113037,0.9278828208262045,1,1
7.285998361713191,45.88753205652817,1.0464545936585368,1,1
7.811726544213592,28.94896818494586,1.036811603432674,1,1
7.997391069477297,60.93086558415799,1.0424478119827552,1,1
7.842687682089551,34.800838051280124,0.9096565269763355,1,1
0.0,3.468474417569368,1.1481195611470565,0,0
7.1233659439677295,56.31328768070731,1.1308414330771503,1,1
5.215402479143367,6.202650191918117,1.097885612560449,0,0
7.27183319445088,50.5055947007596,1.0781582968840722,1,1
8.0,53.28941377970131,0.996847567486401,1,1
3.722199856916324,3.8584047534844546,1.6288428753309119,0,0
5.758998788511867,5.7203055023474585,1.4283969071621476,0,0
7.820436469264129,65.37043654638268,1.1839150173224702,0,1
7.997436305677516,44.81127775262274,1.1383091019591984,0,1
7.722153602863858,33.01413979415782,0.9590672938001923,1,1
6.648513482237595,18.178978378954806,0.9691798333755027,1,1
7.775131013785408,77.16342509241022,1.0753026274229838,1,1
3.5852029182269747,5.3406517954089665,1.3356726949352618,0,0
7.790928255587638,75.778185484023,0.98139807577738,1,1
6.1461440994922505,9.313959675316312,1.8297386052466522,0,0
4.228724687115012,6.430872639237067,1.099419133947526,0,0
3.1961867086085807,7.757953040738124,1.6801582554758845,0,0
2.9566342304714373,2.647311169416818,1.2821848597308596,0,0
3.4996479364788184,4.097944260004271,0.9816314963889685,0,0
4.809200289154859,6.613379763296176,0.7389791079771177,0,0
8.0,45.22519724511444,0.9502052665621331,1,1
2.5269738258496632,3.1831650957190485,1.185244421939405,0,0
7.487652391412578,39.518222320490885,0.9956223208081402,1,1
4.086972170419968,2.2201112425185032,1.2630806217731494,0,0
7.619316582728452,45.43647613803439,0.8727939515440513,1,1
1.0077153524697264,4.6880292791902205,0.8576610965929019,0,0
7.496241317165382,44.7205678292473,0.9139645229874945,1,1
3.0673753251466644,9.777039343945377,1.1019877313945319,0,0
5.8913443389373255,4.284619789799029,0.9227752853212936,0,0
8.0,46.61593304590476,1.1028135412971714,1,1
3.330407990382623,2.1723572476400888,1.1441769621746314,0,0
3.124199495605563,5.812444309950604,0.6972290003401971,0,0
6.969056989991743,52.404502766108905,0.9117779082566186,1,1
8.0,43.94716666105361,1.006862307716438,1,1
3.969088076255181,4.096284115400018,0.909991799058624,0,0
8.0,36.95113404864711,0.9017655151176642,0,1
8.0,6.309720850587317,1.4246035923060147,0,0
7.414494001700584,58.461814995031034,1.1281477121359447,1,1
6.309882560896256,3.605611279011386,1.1775006899805536,0,0
6.924825221462923,3.0616675417930583,1.1727056460466212,0,0
4.651260553105581,4.004112818904609,1.1520339573368352,0,0
4.854776781287798,5.736461668144023,0.5087423823549688,0,0
7.4235036333395925,57.11497030537437,0.9895985331046022,0,1
7.633808506180043,57.08651634193764,0.8660429919307755,0,1
4.824392065269463,5.109100599446068,1.2518256296503556,1,0
4.039477000910946,6.202592923754898,1.368081877298643,0,0
7.2708558604665825,44.842854749171465,1.2534492831973272,1,1
3.1802957571598203,5.022962308164583,0.9599368013350925,0,0
4.336568557195062,5.29285678920823,0.8211630572766608,1,0
7.324804857550147,63.238413722422,1.1771247546516381,0,1
3.510779842982353,5.23317672208044,1.2205041087155932,0,0
2.518195711458265,2.731832468477801,0.8841670000152498,0,0
5.127381021637905,3.4927207629172896,0.9800961233295291,0,0
7.440820388404244,27.388009387211888,1.1055239640294663,1,1
2.272906455373361,4.010853010473574,0.9395333102382702,0,0
5.260564139773348,4.5491693491296035,1.0092605196770623,1,0
7.055200164003124,35.35096726813855,1.0380625747603363,1,1
2.61670135475988,7.8809677355743295,0.921222027342933,0,0
4.009093511307087,4.348658527655392,0.1798171295180755,0,0
5.79379254333722,7.174303637053326,0.7110041101127704,1,0
4.045986326140307,5.151499798191325,1.767287343668522,0,0
3.8925681384037967,7.198072362672085,1.0698514956469327,0,0
3.0298981111108203,5.532124019016933,1.441903934686873,0,0
4.393315218684093,9.07660335500096,0.9253697528047071,0,0
2.002180530825006,4.513452388853066,1.2183085132635827,0,0
7.174349020857295,64.07108887233127,0.9797048266548344,1,1
7.619623603862988,55.73194846799626,1.0663471557830462,0,1
6.738621777506545,66.84607333987202,0.9326565811823004,0,1
8.0,62.595078553607614,1.0255273430001446,0,1
5.067383350225973,4.269585736707852,1.2792492325001241,0,0
5.401846743284721,2.426970015952234,0.8753894183787827,1,0
4.775936989580294,7.316945878974845,1.3867562969045037,0,0
7.7328635219761095,30.017459969503836,0.8556385119140589,1,1
7.500768969399528,63.15966261087092,1.0322606916282275,1,1
2.743680913878003,4.006132633425872,1.182127366054203,0,0
6.24983270871381,33.72103295532337,1.1485749998215702,1,1
2.3516942392384843,9.302609137603529,1.7457363655759761,0,0
4.564587705303515,5.576001737088097,1.207796847328561,0,0
5.446652221630119,3.449635313322193,0.894068683759993,0,0
3.3700737077032565,4.165913563332745,0.8776848539003271,0,0
7.78614981417912,41.53175264715196,0.9577767945243746,1,1
4.98814322626076,5.683185558589306,0.7945459857846289,0,0
3.109026397411202,1.8729472607044757,0.784198400761006,0,0
8.0,55.34051196077889,0.9940869454659735,0,1
7.3576342512405795,71.5368464810611,0.9227512333014904,0,1
7.215239388867026,56.4515448814129,1.014089261571045,1,1
2.9486004856472823,3.7791727803345663,0.9839218900286583,0,0
7.597563844845102,74.56028679539088,1.0088252194489888,1,1
6.9078273801804535,59.62327430804549,0.9807475452393709,1,1
6.906359010762609,80.48173938712443,1.0285621576388428,1,1
7.586218380455088,63.227167785462015,1.047948679696463,0,1
5.049908595946215,5.114465497429225,1.0925137544709456,0,0
4.176076157857957,3.5238972838519533,1.0995728986965534,0,0
4.109294674437104,5.027727500638925,1.0285930889001462,0,0
2.6007801482168746,0.47731876952666763,1.0695443752122606,0,0
6.5028918106498725,24.4501214480414,0.9609278248390749,1,1
7.324063131393551,58.1173897930447,1.138043705163378,0,1
6.3459433736742135,1.5485321546219097,1.3719382667715956,0,0
6.034412113979042,5.068353609330021,1.0676851776324061,0,0
3.6244630553696493,5.975871739402824,1.1447338351160286,0,0
8.0,54.25494404002814,0.9997279276427428,1,1
7.169992651296758,62.243997808783,1.0472897539186325,1,1
6.931371916024278,63.07988190016807,1.0179884282172678,1,1
5.858729183014946,5.0739697786247655,1.0847587406748276,0,0
3.47440382128471,5.101852074386622,1.1013340696789242,0,0
7.698483712628394,61.00612786337493,1.0575576026024052,1,1
2.054829745701216,4.726855392942626,0.985133267657123,0,0
6.175191412905544,4.666475266513752,1.3666831298744506,0,0
4.041169749048223,0.8853003650779723,0.9631166670705419,0,0
7.242494519855543,44.31362995346352,0.911844236002434,1,1
2.067656267749126,2.6841956926741326,0.8409920637852768,0,0
2.6417776035836003,5.993178552907256,0.6665686317467273,0,0
7.369070753915297,62.94526845234019,0.9088265616610807,1,1
7.814646979949495,62.7015595130425,1.073553780661897,0,1
7.704281726693725,47.85455890930463,1.0337513581037188,0,1
2.7083381535642075,3.2925565136429333,1.6356246441164357,1,0
7.821038157927633,35.023204538642034,0.9540747044541595,1,1
7.966493324285228,39.18149126786642,1.1111061367895738,1,1
7.592285923726078,43.99922091867325,0.8893652462052993,1,1
2.6732042307874764,5.070040242926289,0.7100764858763569,0,0
3.0321664432531,4.409645070466516,1.1909311676801206,0,0
7.928015706325121,42.336347859554316,0.9962451563713204,0,1
7.530741870449715,48.103309637986385,1.095728634304042,1,1
6.961796763673988,35.95117735563483,1.0318098468779617,0,1
2.899156549787266,6.498339137513988,1.1132499794322952,0,0
2.3354990465557193,4.536115039981944,1.2484502160802804,0,0
6.955848334803193,54.489412740948914,1.1260645554972413,0,1
8.0,63.45472048356211,1.0548183813645584,0,1
4.32735896425091,5.21875275423993,1.2197013507257242,0,0
8.0,69.56619702617131,0.9086169546684995,1,1
7.096537306192261,64.1024107366141,1.0351351437232446,1,1
6.265080309449693,36.95822666459189,0.8796294298367897,1,1
7.683107193471009,47.82278218428408,0.9694314920051395,0,1
4.690892646234988,3.7481253321228705,0.49099020009180927,0,0
7.767711400889745,59.6796302932548,1.0808041152207166,1,1
6.776003133206624,49.07355210190699,1.028342429421136,1,1
7.556648571717117,47.01722910851264,1.0380387172518912,0,1
3.039743246423893,4.264755645836954,1.2351472871974694,0,0
4.972342552719744,7.00433208934869,1.2352164763127647,0,0
3.040596887113553,5.906769183088566,1.1793603399844381,0,0
4.1132957564169415,5.3934749115546605,1.8898645672656906,0,0
4.669875353068811,3.5411815595354588,0.8983746828651982,0,0
6.726750725220521,21.096681536266555,0.7671398445047448,1,1
5.753685073363082,4.06715622002257,1.2519088300261416,0,0
1.8483971973371496,3.9938564334505005,1.436042717920614,1,0
7.656243199524052,42.396017547756884,1.1317483451945805,1,1
7.045241426475933,51.809678136939105,1.1715866932791454,1,1
7.641791468136581,74.22109076171108,0.9913391962085617,1,1
4.163252263263643,2.9352022474676587,0.7655514243631609,1,0
4.693584899951339,6.80026919744898,1.2940009336220846,0,0
7.836205837546429,55.27331764324746,1.2358538188994437,0,1
8.0,56.54159934729238,0.9852370657690995,1,1
5.822356265251557,2.808905859644918,0.9875195411957998,0,0
4.154916621232226,5.974427628579454,0.9501847643037321,0,0
8.0,76.59197071845031,1.0882727022297138,1,1
4.457701064276547,6.473951437239578,1.0210547042338656,0,0
3.4412794906277977,3.452708432566484,1.0388003639775247,0,0
7.618684266270422,80.79671491908897,0.8539478216523372,1,1
6.248052626821313,5.917094916212829,0.647934647589153,0,0
4.4160554048691045,0.0,1.741961907419451,0,0
7.918585483413504,21.909747784993886,0.9070928249436931,1,1
1.9095959094693193,7.477039838503522,0.9147316306987447,0,0
6.826812541686723,28.286487572911767,0.8056579138290552,1,1
2.9294679464785123,2.192561539838519,1.112916086300061,0,0
6.927806094067496,51.917614520073755,1.1214278855563842,1,1
4.514996480994833,4.648401988856312,1.093614552186892,0,0
6.864708458910612,25.088880445638832,0.9713188500386262,1,1
1.890026923473119,6.840874954638709,0.9869877878516315,0,0
7.46911385241688,56.7632444420761,0.9371657859690966,1,1
7.4037324729760225,27.754519225171038,0.9492684360967207,1,1
1.583092859837707,2.6264968980555303,1.2595696427570098,0,0
7.213334214301178,36.41386354409711,1.1541211180147855,1,1
7.347451974369575,46.9533041520198,1.1938173033086465,0,1
7.056846359251255,58.81240044415063,1.0766240266805864,1,1
7.843586349411005,76.02836425465777,0.9827423893031101,1,1
6.640976217834961,53.81300002868714,1.0511875815106595,0,1
7.423037569118049,23.478792352951448,1.0350187167119147,0,1
5.925721638863438,5.328169813397761,1.3054937491812215,0,0
0.15589108538191665,2.150548588682022,1.5707556879038518,0,0
2.5673122957925747,3.9394163977476624,0.4987792515138143,0,0
7.121001835092603,60.30937426903076,0.8663630867902491,1,1
3.606117356008241,4.042015992043917,0.9994865022889396,0,0
3.486630037159353,5.730450174754138,0.8191743444422306,0,0
6.99095389643775,49.90245023537977,1.10608725470763,1,1
3.2859256487672455,3.153496914523229,0.5363436183841007,0,0
7.819504791356644,37.619673077800215,1.0569822085725302,0,1
4.338732242254173,9.757129688222388,0.9158949741883846,1,0
4.512268424843129,6.143821910817069,0.9124728581405193,0,0
4.212092637404128,5.23262278123098,1.57493912634933,0,0
7.990587955684298,65.80987048454328,0.9732860034268072,1,1
4.155185942415229,3.9658899292011185,1.2852177284105801,0,0
7.030570832456594,62.79236594031428,0.7903441411794605,1,1
7.975895609567553,36.2264576001258,0.938057789554577,1,1
8.0,74.92285168901148,1.0230073795856027,1,1
8.0,60.738942751597165,1.0642996909310678,1,1
7.790104322442016,4.803967820802317,1.4374964406890824,0,0
8.0,59.38173194895154,0.9935251166089907,1,1
7.8521894797894,29.554015683811826,1.176874951011987,0,1
7.619483726562554,73.719414969568,0.9933016131582273,1,1
7.3398092055599875,65.03521969173573,1.1153279971369203,1,1
5.650213862280145,4.477239024568462,0.4908214548501585,0,0
8.0,57.82700682846774,1.105446124505104,1,1
3.915621946715168,4.0943006126839805,1.6423937948511984,0,0
3.922002388037419,5.707068787471566,0.9208235890834096,1,0
7.134826977365896,21.874415199590032,1.0426206842962464,1,1
4.6728140968130205,6.575624389224291,0.6422269848256834,0,0
6.49694894641038,2.565258327086219,0.8846134379347468,0,0
4.631793917073904,2.562555764896576,1.1893161559839067,0,0
3.3722245950785963,7.636150607252002,1.6460849741572792,0,0
7.5942126487835715,40.245888018371545,0.9211549947008287,1,1
2.076612854245666,4.402563759736391,1.3752590096137878,0,0
4.399053377107321,4.730354983554367,1.5751705518700756,0,0
3.202029225732899,3.3339563122030893,0.7617089962045045,0,0
7.557967270968672,53.22012598996275,0.9087748481809828,1,1
7.716064864681833,44.66965685954125,1.074623548615439,1,1
5.065846260992858,2.979941637788296,1.2419088007598722,0,0
4.369731748644158,3.9800691133597326,1.3914360533275627,0,0
7.61596005088131,17.85931705026146,1.1542487599183107,0,1
4.787459900937527,7.509086032410046,0.8639296548191562,0,0
3.8589797107181774,7.433303685828426,1.252886552606735,0,0
7.320145716976749,72.34683215888305,1.069847076061214,0,1
7.265526285985916,35.54651614738511,0.9226078416354834,1,1
6.940221003963611,59.96448155884683,0.9017652451753267,1,1
2.6652401584195897,1.477842998661651,1.3812385016049649,0,0
4.850304642698735,6.325010734033166,1.5489084480702011,1,0
5.41117631729278,7.142146157580856,1.485389096825378,0,0
8.0,44.438808551153,0.8911976600872015,1,1
7.059772752630769,33.72164314348697,0.8986025931146366,1,1
1.217896969830928,3.6849278004143837,0.9740066799558523,0,0
4.49342732223191,4.46131003232409,1.061919611502765,0,0
7.342529155235368,3.5750555483913162,1.1173146857869054,0,0
4.212804778339741,4.836657436493332,0.9613547236263583,0,0
2.035872445578697,5.249670294898367,0.9381571043990493,0,0
7.7053260666616294,50.09290967372282,1.090781710695885,1,1
7.575462608974385,32.959182780661855,0.9659019139001255,0,1
2.600262456481014,4.9363774685147765,1.014614700747873,0,0
8.0,46.55837018078095,0.9719345490561087,0,1
7.3620898301052025,63.98429604643708,0.8947317592992816,0,1
3.9606541857945685,2.634597042618482,0.9649115177852833,1,0
8.0,36.91566810814625,1.0832030417513012,1,1
8.0,59.88438824749674,0.9969013588235799,1,1
7.48002659871102,65.36766295580674,1.216314271805052,1,1
3.8195146097318537,4.465821641651505,0.9207792577474633,0,0
6.8309826000846305,60.59219356336533,1.1179732866446506,1,1
5.1575660121002995,6.83795708633452,1.3270662692144581,0,0
0.7255144043446466,2.558797958087142,1.1587053819372761,1,0
7.449156694238496,64.8500316749147,1.0518053681979787,1,1
2.2955271065930085,7.2943012326895245,0.9563480484873079,0,0
8.0,19.031298103549364,0.9508345920163596,1,1
3.750960588496343,6.620728920861472,1.1522562122478512,0,0
4.540126337061365,4.539586224792494,1.0642551968885134,0,0
5.8571678122423725,4.870381405009348,0.7711520428746333,0,0
4.0762775352663745,3.252096997546097,1.3017538780460505,0,0
1.8073753641367318,3.2101520426471186,1.2344367688622337,0,0
4.560464073910216,7.112604373858737,1.043643988676004,0,0
7.562651899648909,42.33766774685812,0.9676064412706131,1,1
7.428010606181533,77.06505517704232,1.1075049741760365,1,1
7.393825087073532,61.92571371095559,0.9186823375585425,1,1
2.820548379082297,6.288729306659519,1.4729393109516553,0,0
2.8870280548996767,5.044643812209198,1.2146531307144186,0,0
6.7327683839683985,4.361205331518849,0.6826017865078657,1,0
8.0,61.90559612435995,0.9760823871368589,1,1
8.0,40.03977907085506,0.9887829247007724,1,1
4.8497017347577325,5.65093708746997,1.1170014021663381,0,0
0.0,4.367023845949744,1.572523757542057,0,0
7.710674494313649,46.3908349709085,1.0335957448945472,0,1
1.038217028055974,4.137030730942623,1.441722439981715,0,0
6.418593000034927,4.659261360183925,1.2071772240888896,0,0
7.849779190780104,50.53339498691004,1.0592540898188672,1,1
1.6105000795624922,5.394015170450057,1.1248252182002285,0,0
0.7515606144481168,6.4402026030519846,1.0794982081702826,0,0
4.22217017110166,6.353051620996718,1.3425807783846864,0,0
1.826624433167928,3.6152405644405405,0.969513528179509,0,0
1.5668789144415025,4.790450734493659,1.3063393611360803,0,0
7.644154768790424,62.237445188819365,0.9980290926806576,1,1
2.5718093428120765,6.248611806099321,1.476387407200623,0,0
6.257351575033897,8.195675223473296,1.1856358119420471,0,0
8.0,54.22319237866266,0.9858802079694431,1,1
8.0,49.64804900263058,0.9238411722758948,0,1
2.4865450130479996,8.17368072308669,0.4660726127470832,0,0
5.9245854036294565,4.6986921026358575,0.9955573302351215,0,0
3.2986708808833036,6.178081913312432,0.9886727904268661,0,0
5.641688936979969,0.00017335933090656397,1.3852107938985776,0,0
4.517953680377394,2.9254226337427416,1.1338016194949903,0,0
7.52334735103723,63.21436594166855,0.9419297958996973,0,1
6.809186459584935,50.457433145380136,1.0050986426372561,1,1
4.762665638459868,5.864180114442592,0.7676521776102572,0,0
7.4898375402362065,41.80383093827099,0.7383044361091038,1,1
5.048880657556154,5.202198220904526,1.4901152614210464,0,0
5.978431956596707,6.823702992169116,1.5184356507548178,0,0
4.93814760521167,2.2806064805066604,1.371876885350946,0,0
7.89054576830878,32.191266236210545,0.9236677866474753,1,1
2.609854084451702,3.962702378006067,0.94760625345903,0,0
7.518720017502868,40.087956865239775,1.0324232305555507,1,1
2.1114436154929948,3.853025151731172,0.7841861329185298,0,0
7.543881040807086,28.188163432852814,0.9480820422885831,1,1
5.32856431656644,4.5239534730792705,1.5116813000023477,0,0
5.713417281504785,4.50791355112166,0.8123736107621216,0,0
4.526543039990703,5.831613728462327,0.9605318687104838,0,0
4.820279684357022,2.1990572750722572,0.687588725989881,0,0
7.579591816711632,57.73256893044565,1.0924728310698564,1,1
7.868132970488083,52.06311544010217,1.001885670540703,1,1
2.810240463973008,6.892248198762127,1.1832593031833087,0,0
3.4416080329954877,4.51214322596877,0.6000773432510749,0,0
4.384158433485928,4.589176269491144,1.3249916498664067,0,0
4.783791073280431,6.500565090933757,0.8307086432459678,0,0
7.729570988517854,36.973986259770825,0.803897986984103,1,1
7.701902889135291,40.05376685905734,0.9287249345982298,1,1
7.7231765496482785,53.252722392058836,0.8454007090160618,1,1
4.326951374142035,7.75099130394195,1.22021491867156,0,0
7.742992614167945,40.6617070896366,0.9116324010316548,0,1
3.947310268390828,5.7884338163417794,0.5030674573696092,1,0
4.510342986986279,1.4553219071513963,1.4061630422745917,1,0
3.472387646779899,6.860369035685576,1.2433399094598083,0,0
7.83690453978667,53.06819638869395,1.0061714244605942,1,1
2.0264927060400635,7.830644685265483,1.6267782788735192,0,0
7.963521040166482,59.19454167189973,0.8818800607020614,1,1
6.882314405256521,5.730687104574563,1.2096470897931797,0,0
7.32039278329149,11.543979858272934,1.0495409482894893,1,1
1.540150109386024,2.2400632778111524,1.1101917172289966,0,0
7.589653093586214,80.80107741707764,1.0404623640067026,0,1
7.763936840805609,40.34205928513947,1.0510859166367847,1,1
2.399890236554535,1.6718218556684845,1.4029663270733996,0,0
7.312424574781489,35.039126955806836,1.0215915526926052,1,1
6.955699418744922,81.92058261880244,1.183300268846383,1,1
5.7731310733073355,6.225184239998477,1.2989315841313835,0,0
0.6666027515054287,7.687425360873904,1.4258168351421974,0,0
2.7820250783616913,0.0,1.0659443739045291,0,0
8.0,35.29671665488219,0.9945122442897854,1,1
6.952128437005425,35.15881320307494,0.838554137788471,1,1
7.750827295356567,52.610216667884174,1.077758514804469,0,1
4.376986399310764,5.953181409523467,1.6458034317817156,0,0
4.662045646445558,3.6339691902097,1.597050552552168,0,0
8.0,28.870337684858363,1.1240546006483345,1,1
7.605161544634348,19.406602463990687,1.2033736238571358,1,1
7.552663122218467,68.92168963129257,1.0804701038201627,0,1
0.0,5.357068391820956,1.219488277039846,0,0
7.895764594015036,36.95016560670966,0.9113541826732479,0,1
3.1050059961107896,4.548970680762227,1.0352113979483377,0,0
7.4892699354721,61.04984912719492,1.0038328425165535,1,1
7.3491874397038,55.73107218450889,0.9801541976651575,1,1
7.050492029879122,60.71645098666195,1.0265727939020823,1,1
7.980317924049262,36.31921003779339,0.8134430859052519,1,1
7.339083475741311,60.89453743038419,0.9911413308441922,1,1
3.553582989587964,5.416803850275395,1.6908141586077532,0,0
6.86977861971544,44.66536583381428,0.9021564255381238,1,1
7.080399273534749,59.40784931427086,1.0321674182963518,1,1
4.559851837100498,3.4606185986920086,1.2656789593499052,0,0
7.405829201695052,64.9992741644708,1.066752019386842,1,1
7.132852317567028,43.43929308138858,0.8583307817638429,1,1
4.097183159298043,3.5665726968554488,1.3241364963219382,0,0
8.0,46.992045554115016,1.0482454312231404,1,1
7.208591852754068,30.85696550057708,1.0677253492808205,1,1
2.146793595072672,8.561503278925386,1.4655264846760794,0,0
7.614998799428142,55.95826765258989,0.9625168045569602,1,1
4.383337581190758,4.637201270686792,1.0780160623158557,0,0
7.2550581799222185,20.96125210646903,0.8034641292402613,1,1
7.18617879908037,67.81531148678881,0.9822216031530495,1,1
3.181536242560341,2.6459348480400116,0.6509273738502788,0,0
7.819330102928863,47.8833324544284,0.8589113337332409,0,1
7.165737693162786,66.78203099002124,0.9094274597678534,1,1
7.92500105692847,62.48947189006469,1.0432729169276758,0,1
1.319237762311626,7.7222452444924095,1.604169940918667,0,0
5.162894643122545,3.2207357192382196,1.0883444104867956,0,0
1.4561728187183092,4.816255181888153,1.1530172197721928,1,0
7.658826763828455,44.09772090953691,1.2287504391399673,1,1
7.105362470560358,53.92554503240211,1.0513763558320945,0,1
4.01965489449596,4.374048183381646,0.6545123842441958,0,0
3.813890812640468,3.3116601489163613,0.8028044676302366,0,0
7.362121904044613,59.763914449706355,0.9686804938846865,1,1
7.268381438593025,82.3424281256701,0.9566479138580959,0,1
7.870227871884391,70.09303390079961,1.23438099671881,1,1
1.4412519994084882,5.6491091297567895,1.5073186659162974,0,0
7.686527991656903,13.415305155403807,1.149575291015476,1,1
3.977155711933202,6.787009669284765,1.3353690915161855,0,0
7.367082226693258,12.532964861301835,0.8745539380379563,0,1
8.0,36.93683281976289,1.0533873541048386,0,1
6.143791697319523,68.06584164963346,1.0398414426057367,1,1
8.0,68.46740768638227,1.0132618514721983,1,1
6.929640093600396,45.50077156512363,0.867761455255182,1,1
7.471916598967145,52.68590866804629,0.8852751152873726,1,1
8.0,39.03428055546504,0.7063454141073902,1,1
2.3735536380529143,8.123559822507719,1.2789549284116886,0,0
7.851064345936813,73.08139623356442,0.9594218703122035,1,1
7.8733050061473495,46.73018000437207,1.0905428077005115,1,1
7.471981440940259,69.25668283676762,0.8736464433686992,1,1
7.568153757752566,23.463611572104202,1.1537242993019885,0,1
7.945677057565445,68.26896037231141,0.7955246922690292,1,1
4.552771987243266,4.306161601608959,1.3195700676627866,0,0
7.95270864695714,74.3062816733322,1.1146561101889638,1,1
8.0,9.757900997819132,1.2312110659823514,0,0
7.621029348180832,76.08073981391448,1.0372731987596586,1,1
6.688505484421498,66.98185615921938,1.0913289714061798,1,1
2.008995781683032,4.634334819223044,0.8084968588836242,0,0
7.357511275251243,76.98919674140537,1.0900827081654758,1,1
3.8319254152135107,6.466830108687386,1.516073409857753,0,0
6.539418061608254,69.4947519272811,0.9416083059892,1,1
5.0452631858210335,4.371417040330737,0.9805836336523448,0,0
4.221571094270642,3.50648527950963,0.8952036376967274,0,0
6.221542806731335,4.320624842437872,0.6197220268740149,0,0
7.461729337470331,51.31988940072693,1.1019671500060095,0,1
6.7082232532557455,5.511708197480425,1.1044628404519587,0,0
3.0250228838162507,6.403760559522439,1.0845239502777495,0,0
7.489295194510001,60.94516848537626,0.836516205925302,1,1
5.568121138047278,5.589908960927157,0.7572165622275451,0,0
7.380221186592663,36.20982090885623,0.8081845098459455,0,1
7.896577306777632,39.62087814883605,1.1735084725767857,1,1
2.851593483978098,5.956811738841073,0.6423821994257535,0,0
7.727289743862858,62.75829981491899,0.9662717256429386,1,1
3.6967672556403377,5.8136491516550866,1.721728802116011,0,0
4.693927637571984,2.5854694369461244,0.990211053616147,0,0
6.52858706422219,5.898845877222794,1.7194824309867043,0,0
3.4042936887821216,3.102744110865001,1.0630227651942201,0,0
7.84475715258721,52.21816797533692,1.0173594827670442,1,1
3.934536206797904,5.007410940759535,0.9655902152050565,0,0
8.0,44.094824085769936,0.8233538862097205,0,1
3.9098725405208654,6.504005076094545,1.2304187762739247,0,0
2.171234350239584,6.829747788317862,1.2781350674983747,0,0
7.175113355574589,50.27759846211276,1.0892302007212964,1,1
7.929274035799698,86.07183387846428,0.8999682705456912,0,1
2.7644576830977083,5.495632839628934,0.9058122036130112,0,0
7.405239348332522,25.192493484973788,1.0025001481660663,0,1
7.208814096053984,49.386566752295245,0.8989813721312222,0,1
4.287183166884581,6.469176673065895,1.5397190290012701,0,0
7.703412283924239,24.546092624758796,1.0455624166208919,1,1
8.0,45.450470132137625,0.9863552910167542,1,1
7.528870236341262,42.06940757916601,0.894402225111298,1,1
6.894293004759987,40.33365924465482,1.0347990210069493,1,1
0.0,5.056340706008116,0.949612715945811,0,0
7.129729919639446,46.51483065017389,1.2971903660930018,0,1
8.0,61.16122973778535,1.048054381390483,1,1
5.499757734537004,4.860278205405468,1.190473352330298,0,0
7.6462782995697385,55.72947706218004,0.9049266739581432,1,1
7.2360517422386375,45.20839266134625,1.0146276555621658,1,1
7.730994547547503,30.52023783746452,1.0393291119001622,0,1
6.4291510678635895,55.41645910303009,0.8516498030838422,1,1
8.0,46.23030400754658,0.965033308878034,1,1
8.0,59.17350123805019,1.15748359736084,1,1
7.304936292391374,48.84832086801473,1.0130532015888098,1,1
7.207435656073834,25.739179799608237,0.9373601495870552,0,1
7.472271250777654,64.4472524847221,1.0014188789694427,1,1
7.906745778916628,62.65700171995388,0.9799236801020006,1,1
7.596160153086881,62.780188933288294,1.097256413626508,1,1
7.064795080050996,48.176196267508416,0.9728096507177204,1,1
2.8646887030385906,3.5396758451480426,0.9907780978091513,0,0
5.337506715988216,5.255313501473138,1.250235863027294,0,0
5.707994803371141,4.528179414250913,1.2335263922533937,0,0
7.420361468148161,45.270026033384234,0.8568966320653062,1,1
7.900348342527895,57.157475330731856,0.9633144887973886,1,1
7.523949950241342,67.62948238564937,0.9194229199455034,1,1
7.41135113543923,58.84613512582131,0.8936573048689161,1,1
7.148748307036011,37.182560788468805,0.9787638688311907,1,1
7.672266962547334,50.54318378024907,1.0855906720095834,1,1
4.5177762567390625,4.074227538701968,1.2412699832359464,0,0
6.601069950715082,61.147445088858014,0.8684336456043079,1,1
0.43556724946189807,3.666253488657513,1.2340009713759663,0,0
7.809163054726764,63.66509358970509,0.9825427440472223,1,1
4.802486204277006,0.4250973847858388,1.0489846002805012,0,0
4.665931231282453,6.571248423323084,1.1170991548056264,0,0
7.334359225960443,43.53108770118563,1.2415875060161254,1,1
7.525529838397551,31.43427194344426,1.0513331011336464,1,1
6.968786680170266,41.77940926616921,1.1718836230161918,1,1
4.858509033224937,3.844390130378658,1.5097210104823402,0,0
7.371439118193692,61.20005612176336,1.0015687531386677,1,1
8.0,58.52436429134151,0.8104001327559511,1,1
2.877770045394567,7.177913706836929,1.2798416317660881,0,0
7.61351853438318,74.75294276786515,1.1460548740658518,1,1
7.314107103999031,64.74500606144457,0.9648460075888345,0,1
7.596090260225343,57.04258295199659,0.9654472604781702,1,1
5.9790932091943425,3.637129910003755,0.7261391453172354,0,0
8.0,56.028169278706336,1.0787064353987397,1,1
2.92571236959083,4.4664509258864795,1.2965011993371947,0,0
7.698219784418242,5.121362193219078,1.3533238835042987,0,0
6.955238973821362,64.64889441229386,0.9855832498337781,1,1
4.491888693049483,3.677647092809382,1.0254242015847668,0,0
5.634328973907918,6.30757451200503,1.2714137955097906,0,0
7.744409590962767,27.53448913653107,1.1872012351849583,1,1
2.760828174947621,4.040999353219085,1.1566231600636356,0,0
5.593611058449207,0.912935452767317,1.1524032633503605,1,0
2.3237831507880213,0.04364624597998734,0.7939194087482446,0,0
7.153480703582462,74.3990307226165,1.1405543240098448,1,1
7.798199099205421,54.19028521534807,0.9947136099368884,0,1
7.683452993666551,53.355336850551815,0.8570843685045948,1,1
7.466096416314752,59.24115024686819,0.7655325408769353,1,1
4.706023139392656,11.342061155697047,1.6378134613005206,0,0
7.083937741279813,55.314120355316895,0.9753146665161052,1,1
7.666311916745811,50.09982555059481,1.0039079927823698,0,1
7.597755509223131,39.445250939446886,0.8787845637528556,1,1
7.046160998613912,50.22579112935891,0.9271720924853545,0,1
6.957355741169,51.474287051600164,0.8855758036729269,1,1
7.715104211813861,71.54708419609533,0.8649991716718783,1,1
1.4919274645980223,5.125484895019989,1.5750313751207303,0,0
1.9278581897303022,5.60087415825522,1.3472700353831475,0,0
4.965974675690391,9.578942240890193,1.1079466579726582,0,0
7.490186666022197,49.38903041088223,1.1639579626734338,1,1
4.757980261440509,5.0359003216749505,0.7757367261077588,0,0
3.1420035783760523,5.099770777624605,0.8139164619805723,1,0
7.338789195852296,52.604516619142615,0.9727004860371635,1,1
7.050272226538123,66.60723011042906,1.0855969788174282,1,1
7.85051450203109,54.75651362896757,1.027576322862863,0,1
6.249812941147681,0.0,0.9723404588705655,0,0
7.118920650532488,38.02404383028665,1.0438694682076157,1,1
7.124648922359622,46.687050837177644,0.9575453814313211,1,1
4.172620448849811,4.712873424947095,1.987269493284364,0,0
8.0,66.51449660676728,0.7999891848473738,1,1
7.577514814614483,34.93194460372568,0.8147750582253473,1,1
1.8173982957555914,5.668707833670119,1.0113190104482443,0,0
8.0,37.169676954867796,1.0073597091358337,1,1
1.8866878507830922,6.731524399688002,0.9876311822160497,0,0
3.8606002409582514,6.580496493034593,1.3682969441000512,0,0
2.5589107874847565,3.262748502708045,0.27867396129917643,0,0
7.3031526783632925,43.640243268753274,1.0736637452083537,1,1
2.114747849329979,6.017157756574172,1.243145028332207,0,0
5.9103712875067504,2.3696534870552637,0.5437264788780957,0,0
2.4591647065050637,4.570285912581662,1.5054591378789395,0,0
7.930768314244598,25.14115064875702,1.187918708684963,1,1
7.51518896847007,47.13255394157302,0.8754978568671373,0,1
7.25451834406489,43.78912614579956,0.9119663726292039,0,1
7.764437412607331,65.73822290480707,0.9930458072064485,1,1
8.0,35.63265865851015,0.9568645734405307,1,1
8.0,52.78578354262394,0.9846181227896866,1,1
4.026669576119613,4.247917659468877,0.5290453650886147,0,0
4.423002966781481,5.327282174513071,0.8070972517755273,0,0
4.558534261919418,3.2454769104603063,0.6712327556369138,0,0
7.130152433978316,52.131398017993526,1.0249687400470602,0,1
7.666161923743054,34.36344660146147,1.2056667481619217,1,1
7.706360427918765,43.605499150527244,1.0479590878812908,1,1
7.578625099362961,36.98643444870869,0.9936092905181924,1,1
6.544561801383737,40.56546586959721,1.0071017064774537,1,1
7.185100484765243,6.741973623977008,1.0144822203224961,0,0
7.509372807846526,52.19904116155608,0.8916080782285931,1,1
1.9375659120081634,3.4287955537969936,1.5911021811106312,0,0
7.039264095689516,68.96301976780467,0.8736673897218236,1,1
7.207210391263349,48.916562467236204,0.9286642905254195,1,1
3.337605794820238,4.627020074864866,0.8037393847947523,0,0
2.810585359745719,5.524538960549031,1.0642500061030877,0,0
7.634679636825214,27.479354123000284,0.9397303503969209,1,1
7.664860837135244,51.89541566364826,1.0278058135865658,1,1
3.5053325765404697,3.8905524608222617,0.9001177649946387,0,0
4.996272084194439,4.443475473204705,1.3095836444121336,0,0
8.0,75.48157771751035,1.0786681412634598,1,1
3.563768785055474,5.098847336271696,1.573389736874303,0,0
6.235118965008428,7.220298507855194,1.225567748987204,0,0
4.638548658943618,3.9005061897833087,0.804180850307495,0,0
4.03509204720667,5.789446211221862,0.4900967682802033,0,0
7.602206899851185,72.3902372587856,1.075373716056061,0,1
7.413632002914653,58.710325270517885,0.9489670965841903,1,1
3.4825962512781725,2.4883012340308093,1.0423062886541328,0,0
7.863203542674382,38.03485208856165,0.8678282608446682,1,1
7.743156956023496,76.671552139613,0.8095445032632278,1,1
5.19353022599183,1.736206741556198,0.8457336088911545,0,0
7.47568733657354,48.02106580737788,0.9636911055520209,1,1
6.874600726079017,52.43533119591207,0.7411355803149471,1,1
4.03113334347138,3.609264243951132,1.2476328251560052,0,0
7.060929871898769,14.636695122026694,0.9485175656471229,1,1
7.57312241409618,71.28986072110673,0.8159075045571644,0,1
7.252868278318763,47.325789892559335,0.8791442753865167,1,1
7.0104458462062915,51.835158226815864,0.9511959472369387,1,1
7.340563876712699,53.47106619923027,1.1134341492908075,0,1
7.795232949265292,33.892495690288655,1.07525973904764,1,1
8.0,42.21671964508224,0.7930569826070645,1,1
5.41377969709838,5.030895490288068,0.7725373908503224,0,0
6.834575426911142,42.67847800537812,1.0906851633599917,1,1
4.687469440937775,5.060105315990605,1.018205379039383,0,0
6.7616787318906075,4.716042196248699,1.2866622295048389,0,0
7.876657953889227,22.402179462354926,1.060230507116106,1,1
5.716827431442021,2.834059769489943,1.3313540622537514,0,0
0.8026364071007133,3.509143558427522,0.9923679617498401,0,0
7.905228511476191,24.547816964794546,1.0046611014550668,1,1
7.548767949376818,70.75360636631162,0.9650851905950913,0,1
7.445815134921486,49.625655298506906,0.9608594286333991,1,1
7.000214176743632,46.92940437263629,1.1069024955642122,1,1
2.9647148611162972,9.368526447250908,1.2658802262946578,0,0
2.4688785104119693,2.1155996294842914,1.1150965781728983,0,0
7.769110958799241,57.398713469218755,0.9748343209090732,1,1
8.0,39.27865832200446,0.9947328504005818,1,1
6.615992828344141,37.68969706771789,0.9469196458704586,1,1
6.897228889250243,8.589806815849188,0.855153609232725,0,0
4.107661506984051,2.5071977543868464,1.3403165612205463,0,0
2.1398860828729247,1.8541740579743737,1.238959576151944,0,0
7.471777869260834,33.842854683753956,0.9215986994784329,1,1
7.853261415094791,49.58920767807842,1.0239339608143185,1,1
6.956967802743747,41.59223852504019,0.9935862826914987,0,1
4.320804076607526,2.5742698239080894,1.8996904023706747,0,0
7.681431306424794,50.36700777869875,0.9993776396841817,1,1
1.518814722762892,5.972510316612266,1.1963327515849493,0,0
7.236664473963759,41.5271011413051,0.9867186834904462,1,1
4.715752555639967,10.398608478908354,0.8579355599801245,0,0
7.2998403467317265,9.690138180109365,1.0170497842441337,1,1
5.7598375178447725,6.991717610237637,1.293083258502277,0,0
6.937721005373812,49.29747072475775,1.1569022730804923,0,1
3.2602391509477604,4.542908445109343,0.7567165494436956,1,0
6.994193504743085,30.465789191263706,0.8550808243529889,0,1
4.266487007759109,5.547429187343764,1.196879860740335,0,0
7.5223287715379445,69.86944251451584,0.9190891059458213,1,1
7.443893993893836,54.189357187050824,0.8641586155353401,1,1
8.0,53.25246030402997,1.0547075697061463,0,1
6.8790091336928505,41.89746773621611,1.1078279669802744,1,1
7.446568884272069,58.69615248039311,0.979816339923504,0,1
7.687726482024815,46.267928380687586,0.9436792635846729,1,1
8.0,61.514757646869825,1.077774181853023,1,1
3.7330710401832947,2.6993215536236144,1.3259878541785564,0,0
6.691655331446699,6.877772487605366,0.9755696547829448,0,0
7.195780622034611,21.404779243585352,0.8856408300694121,1,1
8.0,46.77237132710231,1.0034541529108412,1,1
2.8883950945511403,3.679729953224031,1.3393262781394828,0,0
6.907031675405689,71.78862495305498,0.9943215691073728,1,1
7.957976624142341,49.85651185608566,1.0751577315237661,1,1
4.083849725980309,5.650950482671016,1.1030370408627537,0,0
7.38660904320785,62.68722288836733,1.0808662612319924,0,1
7.513269411480675,47.955190444596646,0.9675327487358228,1,1
4.694379453543357,4.837823017770122,1.095614857561169,0,0
4.891069162161704,4.087816161489684,1.2427597482390886,0,0
3.7136549333908637,4.042921873904318,1.0577641029454965,0,0
7.139254993835487,90.09775572354035,0.9136135599470964,1,1
6.930014979233988,5.910019030434693,0.5873575634480072,0,0
2.24692718860043,3.907927348678272,0.8896413133764315,0,0
7.14706003996879,9.399571522664449,1.475451754197702,0,0
5.95646755213769,7.56656682981237,1.1862365549332317,0,0
4.498438826769632,6.999461797593321,0.55183752337001,0,0
8.0,45.274029676416475,0.9184053654695948,1,1
7.908632761222478,66.85077637672086,0.9793634590626163,1,1
7.2144766631460024,50.71599838183416,1.0477383389992179,0,1
0.3231122208808519,4.325379700248067,1.5050593934490033,0,0
5.486288589655307,4.689681409091448,1.3991538641127317,0,0
7.79697027521501,51.82903429209202,0.9060240943729139,0,1
7.766191922069764,77.50316466633146,0.9931078035107466,1,1
4.043611022548067,2.6636308985644526,0.9103061901501114,0,0
5.099365171071205,3.3831376155262634,1.633038749776174,0,0
6.998816984413812,68.37112071416723,1.0614955565129358,1,1
3.759836343619454,2.3198192265647304,1.484717227196446,1,0
5.371398138773662,6.136670087332698,1.2806292668013561,0,0
6.673253714607053,50.92893953331034,0.9949642724376343,1,1
8.0,31.67302562739899,0.8358349128572864,1,1
5.980301935625576,3.011550510492774,0.7076307530494865,0,0
7.690112824298925,82.58291173738796,1.1532034804478386,1,1
5.866465908749779,9.659359614396928,0.8972452292204973,0,0
4.331565388596426,5.1150861831150305,0.9150346348250475,0,0
8.0,53.881893200032046,1.0366820105588592,1,1
5.969597872098808,2.5793961453959806,0.7072966449179559,1,0
5.720526147902886,3.5443968597900986,1.3219418038596586,0,0
3.425739535925813,8.187152087381197,0.9438362008364574,0,0
5.182602177312416,3.3221674367719602,1.08887497996815,0,0
7.3446158521930895,51.00224349302323,0.8788309892089133,1,1
7.513939720321207,1.414076029872584,1.3173381364112948,0,0
2.4761211447431335,2.2417300597572725,1.1548754336020541,0,0
3.735734791797088,3.936340029856255,0.8969956644247123,0,0
2.4125251366158267,3.531506038903761,1.1008183994419667,0,0
8.0,12.68577949843754,1.0505032930219118,1,1
3.866308478643702,3.487446857523698,1.5440416741224303,0,0
4.457867955585417,5.499932546546256,0.6248387631097074,0,0
8.0,88.38484252563889,1.0963964379043976,0,1
3.19686353016244,4.451233109350796,0.913059232189288,1,0
2.907831796259588,5.584318738733691,1.1468577757038259,0,0
4.091286048516396,2.2048360972151135,1.1970354903552307,0,0
7.074259869648813,51.06239051087237,0.9612636895970463,1,1
5.708890272071772,7.032200072266496,1.2413525846909292,0,0
7.809962334719354,29.181895384741267,0.9625480759065197,1,1
0.44074786955889067,4.631166700156327,0.8587866019566688,0,0
1.9396621048993241,4.56976041970291,1.0367786959305043,0,0
1.6396485611927734,8.611296278062635,0.9521438662827175,0,0
7.185229425956872,58.96589179319595,0.8889194663172053,1,1
3.026019932330237,7.823587631212157,0.6245078919708336,0,0
8.0,48.40862673010579,1.2517461702328663,1,1
3.1213283375285776,8.458271237566153,1.8980884356405228,0,0
7.303860250446918,59.00041632000078,1.0325615961627805,1,1
3.1872235728367455,3.130462762782039,1.1360300383254838,0,0
8.0,57.10113303109277,1.0134209382477435,1,1
6.760114656872377,71.50969354846559,0.8751532757611311,1,1
7.562526929513528,51.94413620075572,0.9467487567457933,1,1
3.8302803431222707,7.639314059019725,1.7290612603700612,0,0
3.226939042125207,7.254652667810614,0.9209607885599743,0,0
6.155212362999864,61.079461752835684,1.0076946378839184,1,1
4.2290369893183515,4.247793795536184,1.311568485019089,0,0
7.483253365866966,49.97432782675877,1.2157503513280128,0,1
5.76446574617019,7.53941427164613,1.1693906893562147,0,0
7.87549954004457,74.92698238355764,1.0423092011707076,1,1
3.3790060726324214,4.628954559251904,1.4171040930360745,0,0
3.4510288071670208,2.8427835671433472,1.1393079640746886,0,0
3.4263906661276153,1.9127664650776062,0.8883665958324293,1,0
3.954656955126278,5.188201862594505,0.6075015798109761,0,0
1.7440231418931873,3.2921579062281623,1.0625843657920957,0,0
3.5992902937298448,4.462538401889029,1.1841627906184888,0,0
4.1300688098044045,1.2374498249757244,1.2648255148741938,0,0
4.541295943694188,3.38955285229792,0.8213313658685786,0,0
5.31152430249459,6.0126430729635,0.21044637796389254,0,0
7.996343715213189,67.86171306734957,1.0731809928534928,1,1
7.435908879948058,70.26469148519911,1.0481398319219282,1,1
2.6990142923546285,4.253395366258309,1.3987246613117241,0,0
7.941923090111081,52.867328293234564,1.0124911147730713,1,1
8.0,47.45526212622802,0.9226356679758323,1,1
7.05053662639073,64.30722283422604,0.8405346002209674,1,1
6.759056615800632,59.13604536865067,1.1660883330160183,1,1
7.567994651088502,65.91525237468036,1.0111379269786025,1,1
7.717254303614434,13.403366408802825,0.8879601991125824,1,1
3.40741599806433,9.869226485835563,1.136902996007882,0,0
4.604514098885433,7.025610189088097,1.0448605388127103,1,0
7.043273228296887,12.814066019673312,1.0291803604605516,0,1
3.4176629184643863,3.594654962918443,0.6440826773768135,0,0
1.9767255671559556,3.7043835105351794,0.8706449027318606,0,0
7.889340456064547,49.13685826461453,1.0183013991114218,1,1
2.8812153597962444,6.008269397355752,0.6747307911110898,0,0
7.009171900937979,58.95823190149993,0.8916140338060147,1,1
4.8582704972117,4.307187615359589,1.3893196721888912,0,0
7.67538253847197,61.81760506440839,0.9530245016491959,1,1
7.5258550342141355,58.50236411854286,1.0292903678571554,1,1
4.927262447166125,5.739139752573999,1.2107120437953685,0,0
2.884685377740091,5.596449621172837,1.2507820797684854,0,0
3.1116561881875704,5.546088030643584,0.994649955549098,0,0
2.790184703072468,1.7469959143617353,0.6729628011380027,0,0
7.327773742434811,46.64790832167012,1.1248015706728653,1,1
3.5503061678294636,5.563852800307645,0.8188096974006542,0,0
0.6233588901242846,3.5935162358792105,1.2380326166941482,0,0
6.527311293039422,67.36860560807088,0.9946740747226269,1,1
5.864978928290051,3.0443261796639023,1.254756497230801,0,0
7.242478935310653,58.1540739241081,0.9084399301706393,1,1
6.9424587302033505,41.876377996036354,0.947724451477393,1,1
6.857457993605475,50.90492401106674,1.0016680319112474,1,1
4.907900544632016,8.165593879719607,1.1708928694435428,0,0
7.043963598510449,48.61285841160895,0.961823490918827,1,1
5.494771848720214,3.0291641186409985,1.2720291451098695,0,0
7.6662559151025595,81.77919339465748,1.0151976719046403,1,1
4.052700201171226,5.2608432435263826,0.958522169857483,0,0
3.751866396125191,6.93766553892678,1.2723123927872764,0,0
4.721505916440558,6.44735983407366,1.2842588640254067,0,0
7.7003187737413645,44.00000341540752,0.8282205793566013,1,1
3.5732917345333575,0.1852252311662559,1.0824409461540114,0,0
5.208915556283535,4.338485667588908,0.4458963733661129,0,0
6.971111570081946,38.44798382439478,1.0245827054035908,1,1
6.920096192866184,51.54314964128179,1.0395924566566017,1,1
8.0,52.17027139227366,1.1349650169794585,1,1
7.698246695936265,65.33732475869247,0.9071291387008177,1,1
4.996775599534514,2.2959651148470086,1.1560356097102304,0,0
4.92499903378207,4.747871127719205,1.0569906228960513,0,0
8.0,52.64440021834166,0.7814084561365997,1,1
1.905421367980884,5.070693230349444,1.011421705982902,0,0
4.174957392144077,4.9775666477961344,1.932707834252075,0,0
7.936836358067936,37.570029405784446,1.14038716554742,1,1
1.2598278721140792,5.358288161276544,1.2285766044425288,0,0
7.737994857160839,22.46557104486431,0.9387264897266538,0,1
2.9326612463895425,3.128127865541519,0.7682390797566356,0,0
7.3867745852598325,51.51122228811427,0.9466611127147381,0,1
2.406464989835559,3.6353596739660556,1.4087064129921272,0,0
7.369046014973057,47.009290666239444,1.025261870669373,1,1
5.359966066828228,5.041206607106598,1.5105671496146906,0,0
4.014657952793443,8.233823794642724,1.1596713966981482,0,0
7.65296794642355,43.74608411177634,1.0526027583735735,1,1
6.953727224581032,58.098856758295334,1.0405534737945452,1,1
5.93471916136934,4.916723231745459,1.0023579295047034,0,0
4.578213835368876,6.252102058842426,1.3025836265627169,0,0
7.364484482102964,57.81477357533945,0.9421697643005478,1,1
4.627901629807398,4.261060694358038,0.771350058845185,0,0
6.969805791791594,62.373408911118226,0.976899089223622,0,1
5.10941572773106,5.050768559385502,1.3819046673248232,0,0
6.8503521971097525,6.4445288740040425,1.1070229116482373,0,0
7.337422362765946,43.54859660293163,1.1140939558105671,1,1
8.0,61.57289509246988,1.0433461808891618,0,1
7.548122885874812,58.91453931871139,0.9243844161008006,1,1
6.997656060599559,68.95176177566974,1.052656952939436,1,1
1.019877357525436,3.865160169598472,1.3893479571025085,0,0
5.434837764423046,5.64864809066398,0.576276636375995,0,0
8.0,45.597125765287814,0.9961701916696423,1,1
7.185265575218399,51.58547462144902,1.0164878706568876,1,1
7.701223109162317,5.997675817232796,1.0407765283694705,1,1
3.230262675752888,6.073052278801196,1.2357143119482976,0,0
7.737286439150365,48.46289710987059,1.1575755309269251,1,1
6.18610440614108,16.873605165642438,1.1329736228621607,1,1
4.4451839944069125,1.2969360982611016,0.723885097439577,0,0
6.120083519840444,4.693001353412595,1.009665285165147,0,0
2.2698558568822236,3.7982159959713044,1.3793597862574076,0,0
7.792234745688739,37.29841963381138,0.9546133741714455,0,1
7.632117537706863,55.964951379119,1.0085804568840173,1,1
5.530298190063107,7.097478645377189,1.2661239585481772,0,0
1.2803451276304196,2.7316848378664944,1.4856375176235237,0,0
8.0,58.891472995936596,0.7523470052584906,1,1
7.37251182443922,70.50447819800232,0.8814147956201555,1,1
4.518851197015191,2.491876661006911,1.0085527394953107,0,0
3.9394188377841037,4.16551916385219,1.2526680215117598,0,0
6.096003107788835,7.075598285283041,0.6291578285587562,0,0
8.0,35.10446009470467,1.051196400938663,1,1
8.0,62.14311185179536,0.9724154263037029,1,1
7.884984906305721,41.93491718164606,0.9554492467276241,0,1
3.9899343114781867,6.8951005812008495,1.3644494006453458,0,0
7.511254120707597,47.26356793188412,1.0845361918748695,1,1
3.7281519206183,3.715649530389409,1.3418794641537848,0,0
2.9942971016061195,5.450605076065214,1.014940859321172,0,0
5.137843860699265,1.4047319779529195,0.5240191532529448,0,0
7.827614519364877,54.4228162894867,1.0948452782975222,1,1
1.4889473267115103,5.6810263648703865,1.1804302173790617,0,0
3.1920882689211463,7.382066975071995,1.3975949849192093,0,0
2.162705047683146,2.0242451828066956,0.9370807387953107,0,0
3.051730557297184,7.1740523420326365,1.3911395963390842,0,0
7.372574197242383,38.57526333859184,1.2215691340314683,1,1
6.891257477094667,1.7895654261548124,0.6576415585064419,0,0
7.304277758597968,31.056725614144238,0.9117789417690509,1,1
7.432596024336577,23.592940116977648,1.109959651584037,1,1
7.217097892690064,54.11998213667053,1.097691794700884,1,1
2.3536919909182124,6.8845551771456375,0.9639256042271528,1,0
5.180408722160294,4.755606387155476,1.193119279698792,0,0
8.0,3.291053686417204,0.3280626033642312,0,0
7.561459580026786,44.4971587969139,0.9566662436527676,1,1
4.658154568142405,8.070147995133217,1.1700277826065217,0,0
7.01178008977817,38.652949154916406,1.0807014689686076,0,1
4.220342318976117,5.19309422967266,1.1321381383740707,0,0
5.430487905861545,6.487187319743675,1.245119773869777,0,0
7.003858593572501,58.15210682334021,1.005468434354183,1,1
1.9851133706557755,1.0688814797269104,1.5663295900685965,0,0
3.2206204443792874,3.8026453931739255,0.8161331641699916,0,0
2.1961737198456546,4.60352181092053,1.1182865476832315,0,0
7.573707127632099,44.941262436445115,0.95392831897459,1,1
2.76432103022217,0.7823084660544142,0.7572943280984477,0,0
7.94884537927177,33.63058853741798,0.9355906576611759,1,1
6.790312115837304,49.51864697493569,1.1379464851331067,1,1
6.140818558512325,6.225026171071997,0.7445989066814993,0,0
1.987048549306854,3.7400819561195853,1.128537706008727,0,0
7.993465866439141,33.585855667072565,1.099916193381442,1,1
1.9060968128449423,2.031431379139724,1.5263938132126187,0,0
2.8434330260954725,1.0954390800529494,1.056197969111305,0,0
1.705009276719875,7.0979398725498655,0.9853653000053284,0,0
7.4657916940118625,47.60929312610126,0.9060531055417684,1,1
6.496227115355371,48.41727417774977,0.76254041023411,1,1
7.233372633178882,39.088516618691585,1.22594181693679,1,1
7.728015658189776,44.7179164814264,1.1850664354231664,1,1
7.817301470596246,39.98887600370101,0.8763642232298523,1,1
6.677888771579112,17.00216878559238,1.214954321229356,1,1
5.192103776312457,5.690694268576188,1.1698729325732415,0,0
7.081199183652622,51.53776962509702,0.9104378805645343,0,1
7.7108298340657795,58.658850748347994,0.9464541875878947,1,1
2.5970950564240063,2.8676000626603666,1.7776185197435441,0,0
2.812083541977188,5.912164999231074,0.7922920458125171,0,0
6.131758760891398,7.045183152113933,1.0523076626678114,0,0
7.308934928577857,28.51933042903101,1.0283357826552106,1,1
4.164071835642819,7.110463959585212,1.261344041990405,0,0
7.711500712288134,34.692500103850605,1.0709095659443173,1,1
6.968896931775107,69.56218773762708,0.9919350578081558,1,1
5.285746862982576,4.706720459736952,1.1028192300839503,0,0
6.554860384648357,38.93673198860304,1.0174627891294517,0,1
7.63822741790349,30.87092533713214,1.0636002007313885,1,1
2.641054655538845,2.1483764957219704,1.543603849798336,0,0
5.859155311589353,3.773729911150525,0.7237954102419479,0,0
2.9424314804076177,5.771910285722706,1.0295752180263744,0,0
7.254741560330085,25.202498470411268,0.9924411510467306,0,1
1.656553148055652,1.5127403179146377,1.2918534116705291,0,0
7.617100579790823,67.93460162399099,0.9614163866618163,1,1
7.485761838851301,54.90300359850509,0.8561546194222531,1,1
6.613388115090897,54.20977667588217,1.200313331306197,1,1
6.8875135718981975,58.59711642026702,1.01009587082246,1,1
1.3503645086270937,3.59128616655396,0.7471206704271249,1,0
6.985029861386292,50.9920842271603,1.0346781262964169,1,1
6.908252089470368,58.779154151767614,1.0499023074780334,0,1
7.304605044073235,54.972491961201555,0.8099970477441717,1,1
1.3761286924835767,3.789473915746593,1.051284427326174,0,0
7.075918147384119,50.21958687140477,1.1576581268682118,1,1
6.199995822195748,5.0257909693089005,0.9631649856120148,0,0
3.749399623472197,3.2841703949943013,1.0650959432760623,0,0
5.590689775083309,6.422896269293919,0.7409954437436431,0,0
6.513205607410916,57.91879889890544,0.9850800827739951,1,1
5.54669160877749,4.691493426245396,1.7233844355748713,0,0
7.434061929536475,36.08475705051569,0.9316022588668058,0,1
4.268730503787916,6.386822595107099,0.8665882084487307,0,0
6.1086720796825915,6.3077442069121705,0.884273760135317,0,0
6.905175652957087,42.85866924601199,0.989078077471447,1,1
4.117822094173536,4.646365943240199,1.3042569282209233,0,0
8.0,42.65465187218519,0.9006017419874268,1,1
7.252601102404572,79.8311457471556,1.1054281867722149,1,1
3.3432686643883462,4.480889063263566,1.0379582262882474,0,0
7.2422475476643955,46.159861016921845,0.8251024187649107,1,1
8.0,34.09125459782983,0.919108969035943,1,1
8.0,48.37186974181227,1.0046746961781152,1,1
8.0,66.03582321608977,0.9731324479165603,1,1
7.774453520593228,43.450797162644854,0.8907205791812034,1,1
7.219656676492136,39.651641245386266,1.1118795422667602,1,1
3.6817407812295238,7.332411464831285,1.3248553686202065,1,0
4.500784722585078,2.7681622194559656,0.7406596975484983,0,0
7.479448640292108,26.307615272745135,0.9732239627180267,0,1
3.4316041381193263,2.400728624624857,1.4207334464360286,0,0
2.439753311946234,3.785590334707477,1.2745755058944328,0,0
6.2367325816771455,2.801708517471015,1.176709471589168,1,0
6.096069003212471,6.566525203161136,0.9897436116477123,0,0
4.120294358396178,7.591484323399067,1.033421033794857,0,0
5.6599466661157685,5.462155620683231,0.5425207689808987,0,0
6.809094331295161,43.77232878698121,0.782056829449739,1,1
4.3418249681435235,5.7651731854364305,0.8425617317027048,1,0
8.0,56.49354623598232,0.9544370900388117,1,1
0.5995588210488232,3.8702204198871155,0.9968859573640335,0,0
7.128033675823813,44.35184293837783,0.8769510748558317,1,1
7.464712009948284,52.42456999929204,1.070034309342759,1,1
4.484175425710695,2.762001371345753,0.9616849249826074,0,0
2.5623741058334266,5.632366141213284,0.934923690564091,0,0
4.32037295936341,5.010103291161091,1.2480163136877913,0,0
7.390176407358508,56.93707800984514,1.0269920181063439,0,1
4.501985065671534,3.0257264226288774,0.7747128538391489,0,0
1.5439817379604586,3.680315848614292,1.1739652259695927,1,0
3.553495484330321,4.342088345657534,1.2079680390714036,0,0
1.9636899083608013,6.593023922079356,1.0494239451671141,0,0
6.854240660087599,34.25742469857752,0.9581291089099769,0,1
6.705020769306453,41.158573397332034,1.035357970622413,1,1
4.203353451064976,0.11413643070294466,1.626030298550746,0,0
2.336806157024751,4.427749939197844,1.1867908020412312,0,0
4.072559425147773,4.997682279823402,0.8556850999466612,0,0
7.620397933856276,55.529662418455935,0.9648954602751482,1,1
7.141842395163553,50.427913189254646,0.927770948946901,1,1
0.08452725903256653,2.6189568034232416,1.2771745123432088,0,0
2.7387980351145194,3.779615173103907,1.0908474324048272,0,0
5.4919323112325,2.6579781388881756,0.6689869359537997,0,0
4.388263829739586,3.6864184415085894,1.6331584678050435,0,0
2.2745423348103144,3.281895267464094,0.9476421008468521,0,0
0.5689435477389071,4.745177650762422,0.6940477894069723,1,0
5.070789259218999,7.617206387564117,0.800199087045866,0,0
8.0,65.01053518631615,0.908889065163806,1,1
7.39048824894545,52.52658435439837,0.9753102223811114,1,1
2.1940702720675986,8.752468080433967,1.0405511253422193,0,0
4.187067623417955,3.7804451374372663,0.887627562453008,0,0
5.484849107310772,2.888779222508054,1.5175247473497167,0,0
4.969533404843412,5.376595178710591,1.5260644920611892,0,0
6.755985087581821,5.453170186580421,0.8910906093428886,0,0
4.270615989327369,5.822286917732434,1.5135060100849351,0,0
0.30758202512744726,4.010236887842821,0.4319247832115931,0,0
6.2975549372510065,76.64963821298842,0.9425210856813296,1,1
5.724409760725993,2.1656606652947197,1.3057739962576542,0,0
3.871713458486923,1.9824110542062061,0.9659952137228036,0,0
6.985609270279235,85.90003007446683,1.0446846213532726,1,1
5.332132902816539,4.286913423091924,1.5272522309963805,0,0
2.906042847230202,7.534337067323866,1.1582166712922997,0,0
6.5458831239741,57.018008400112095,0.9701765404574691,0,1
4.95089319004296,4.355989379767761,1.3867992232345725,0,0
3.9688039285849874,6.1445119851258285,1.3528235461999223,0,0
7.946145494461688,52.47886339371476,0.905265916303562,0,1
7.634716077319801,39.78652316363667,1.142397990946559,0,1
3.4146954409494965,5.176852821557628,0.9917228281918917,0,0
1.8372490084218898,4.635974806446087,1.512281079680106,0,0
7.186584956541211,41.6030490745893,1.0557237618674906,1,1
3.783695575618942,6.138494632325507,1.4069557791093412,0,0
7.358506289056192,22.56076893669039,1.1777794018146837,0,1
6.855363584196122,35.48066782610099,0.8870189452205713,1,1
8.0,71.23320498032233,0.9382848286703368,1,1
4.4764914975944965,3.729658803251099,0.8859890138092028,0,0
7.631249654669751,28.066665269776422,1.0955819640731301,0,1
7.662085589003585,30.826625210797705,0.8261318954741391,1,1
7.433511373890001,42.37649566870127,0.9044775699092069,1,1
8.0,58.442144089522806,1.0686450699627479,1,1
4.904574871313342,4.345925260931078,1.5086205951955218,0,0
7.251925005005741,7.606932402655577,1.422557881451668,0,0
4.261775924601792,3.806648370051202,1.376328224902318,0,0
4.7789127435169005,6.23723067524765,0.7212580031969975,0,0
5.7974959796567385,6.637975408122944,1.6276302469648396,0,0
8.0,2.6793036634598173,1.3188663358828951,0,0
3.472468229118224,3.7396997659742413,0.29602100652192453,0,0
7.2889741609804695,53.7908676177643,0.876094089286849,1,1
7.561752822868984,49.441589867237155,1.0613954238131629,1,1
8.0,47.84627617848233,1.1611452030215375,1,1
3.427511762649649,5.4543340922770485,1.290559135319363,0,0
7.733375589794061,42.06751847195499,1.0585026671842492,1,1
4.485486187054724,4.613297294971903,1.0671099205181775,0,0
3.546869867060738,2.6922718211615155,0.8131402474478139,0,0
6.047673093701621,6.261258573226706,1.2250904801108813,0,0
2.722911725854146,3.59124397302669,1.2493846840715426,0,0
0.534466370791713,8.093201156819879,0.8157536266752436,0,0
7.572703703413229,59.44214542888665,1.1185510168774568,1,1
6.713220901182313,39.66486219208568,0.9774808745324017,0,1
7.247491748659935,54.214708902602645,0.8786220922506871,1,1
8.0,59.936687509363566,1.1890518020469554,1,1
6.981794411579062,5.73263522123812,1.8171064561686605,0,0
1.6715305976398107,8.154205590406812,0.9189816719960971,0,0
3.9743229736828525,9.397022341980199,1.281999322332047,0,0
4.2984292595923135,3.7252172288731584,0.7264986653546386,0,0
7.223416483647067,77.3841135597997,1.2009265266342941,0,1
7.203907321194911,86.6953812865715,1.07736502076986,1,1
3.0872641943395713,6.023356902331292,1.2688681597560223,0,0
7.608116932363497,3.272004945877897,1.5518257667575424,0,0
1.9620165377356966,5.704162265401578,1.7236444201918464,0,0
8.0,53.10409370163934,1.0660156539139194,1,1
3.7077128158324753,7.053467564172555,0.6516491687792301,0,0
7.641440780355788,31.743167006000885,0.8786207446984082,1,1
8.0,46.24453486929511,0.8192648880362862,1,1
2.6755031512646603,2.8941796729804294,1.3630081233660594,0,0
7.842069932280893,26.280273820730866,1.1936089415557416,1,1
7.176222059043706,40.23461746710818,1.122244047707531,1,1
5.744127896818887,7.874328920561998,0.878070088285938,0,0
7.174112999646614,38.34477878103124,0.791131347708173,1,1
1.8257128194219732,3.762683154307938,1.1841780227273522,0,0
7.632117852342139,44.95658917607765,0.8226106010666293,1,1
2.7302436203434945,1.7429760895248507,1.6342633539926132,0,0
7.12467542849493,44.93473457145882,1.017106845895501,1,1
8.0,54.82066026042943,0.8856000601623494,1,1
5.114436019692123,7.208590772393328,2.0694742182426427,0,0
3.5417762767664005,6.807803527179769,0.8339996551930067,0,0
4.691027211814346,3.47426086416264,0.9556430837126023,0,0
7.146316234314248,60.30925139215135,0.9074439378235,0,1
7.218770120599241,55.75744566004705,1.2422854298699901,1,1
3.7825359943448107,4.6486545843327844,1.102574554397698,0,0
4.72894569652328,5.732747922958903,0.9208970453928749,0,0
7.526102947125349,60.443763076662734,1.1536827824773968,1,1
7.674480176368604,50.32621188560522,1.1544205224152913,1,1
6.050368943692743,63.04420742756258,0.9492340006470215,1,1
7.193549333883096,40.673005533221954,0.9655763701858782,1,1
7.778958546100598,50.735486844120665,1.0604246647643707,0,1
5.325426849421828,3.7602840693257438,1.2613348857415247,0,0
7.617924648933676,54.80681178913422,0.9476132825638949,1,1
7.803091486163642,72.24178323229773,0.997954504054661,1,1
4.988872905428586,6.6822150616026015,1.1465651828859895,0,0
6.429503014579012,3.9543351766714423,1.306753942209205,0,0
7.903900383138016,57.60859792853881,0.9363953841578598,1,1
7.043456682082865,60.625965222019616,0.9194803623042515,0,1
5.700863667743986,5.605105632633052,0.8154982143317695,0,0
4.752154443193222,7.0591481196603265,1.1954500824583993,0,0
3.9442762158790377,0.6442679177484427,1.202498888979662,0,0
3.988915337613874,5.429113769553546,1.3031474932838114,0,0
4.528227076766495,4.448939303595436,1.1735697734710302,0,0
8.0,47.27330095467584,0.9367927676117765,1,1
4.561547523508885,4.796720779431289,1.035549074556253,0,0
5.721531866799469,2.236927372499363,1.2707721809111816,0,0
2.437231527916889,6.95350414385329,1.529127601187355,0,0
7.307978074922509,51.59564371407048,0.962017460128543,0,1
4.08386789717001,3.365737173088861,0.9705768597966642,0,0
7.7926198409208345,56.9089026085688,1.0441857386221673,1,1
7.556818374211445,39.41678917378821,0.9302562012181728,1,1
6.447024126239475,4.980585736249811,1.026004196478275,0,0
8.0,32.134048072816185,0.8597291251940173,1,1
6.948134769362945,26.734758131823295,1.0114207073129025,1,1
6.539532958170692,5.166996527709239,1.2458291248487585,0,0
4.470165089310925,4.28781261422992,1.2264234594719374,0,0
3.224267137935497,2.7681963350080427,0.6643625906441681,0,0
7.532768378213874,66.84127018599973,0.9956772462529498,1,1
7.68351368189065,48.58207809662048,0.9926421949523193,0,1
6.526547878294588,5.012329770495244,0.97841857779664,0,0
2.9351819952523552,7.346325103761924,1.0307505107411445,0,0
7.829759661536419,49.88246231163313,1.1022694570481442,1,1
6.370937146229537,2.5278482812065683,1.0632911220169654,0,0
2.9462317200761836,7.825497524421369,1.4714494930273792,0,0
1.2833340540307394,3.6077185397501346,1.2511380423586278,0,0
7.564117228908813,56.60278230089718,0.9739637199071989,0,1
7.402906306391032,40.86943788853475,1.1010860202650639,1,1
8.0,47.39841061430758,1.0031919739794637,1,1
7.549773679853734,75.34935650256958,0.8536393133104756,0,1
7.7557034784079155,62.31790006581551,1.1690271294883399,1,1
5.714344431227205,5.88503744353676,1.1072664524753055,0,0
5.675682467806162,5.481903721059228,0.6737981490111759,0,0
7.701333261616575,57.982182232370285,1.0046489557685472,1,1
3.457058288639015,7.022574458205504,1.6089935463650125,0,0
8.0,73.23701186009936,0.7991594523998894,1,1
3.8279065691012426,5.79933395176465,1.5815308707529068,0,0
7.486694265491853,26.670476608446304,0.869418401974763,0,1
8.0,52.48072915894081,1.0428738961660444,1,1
7.724381598665846,36.59784980840751,1.188153592445033,0,1
7.049086670143176,44.83551590356713,1.0619109770266926,1,1
4.85383700444018,6.813522216591351,1.7108304988388356,0,0
7.192323203122295,31.832819494978654,1.1355513167100346,1,1
7.175580863851321,37.34376297869585,1.043458728613552,0,1
7.023544732188196,60.890037018768965,0.9758702556862935,1,1
8.0,45.042498136371364,1.1149977478318667,1,1
8.0,58.791968661699336,1.1229474689233698,1,1
7.097051888555742,42.69781761639128,0.9295280545699254,1,1
7.546992141034579,52.17760282714505,0.9149058267392383,1,1
5.209730896089463,6.861285073030397,1.1331594358484733,0,0
7.242370068416422,69.76956543242039,1.230727998383388,1,1
3.0417344177641104,6.564484600653964,0.8625706052999224,0,0
5.37321714015742,1.3461750885662536,1.1226755286231265,0,0
3.599958949654096,4.224639835192544,0.9798589052270402,0,0
6.583923658101102,61.35144962551084,1.0837933973469018,0,1
7.260586972706295,48.8012390547627,1.027041324750882,0,1
6.731420191757268,54.9329300241627,0.9787515046122272,1,1
0.7792168776632256,3.8010965888342994,0.9131050024544912,0,0
3.1855598415405173,5.463947940450425,1.848038976520006,0,0
4.60360982403553,3.9262065267341164,1.0137405649798161,0,0
7.416787388638678,41.453947566082874,1.1009820874667346,1,1
4.643201391909976,6.865064606976731,0.867133403352192,0,0
7.3413275285373025,55.765126958674664,1.1386112400608615,0,1
5.021947300196716,2.8970577607724906,1.0931557243747085,0,0
7.218762044172281,59.02620164017391,1.0283463976811544,1,1
4.556290329318235,4.633940124834745,0.725143595409834,0,0
7.967975579288771,44.63548284539155,1.0082039000713416,1,1
6.052830921691244,4.953421407571917,1.7443552066560826,0,0
2.484375758646315,3.217383866498837,1.250431906487493,0,0
6.046782719927828,2.876342131753666,1.232873227992958,0,0
4.590657348585794,6.009634934525178,1.268568372711987,0,0
7.020240754136845,31.620558512151387,1.086252589978967,1,1
4.928708658050105,4.565685614279475,0.6951621386722218,0,0
2.132427861263722,3.8509627208668906,1.167864242087221,0,0
4.526586559136053,6.21857416497599,0.7448182252508428,0,0
7.654851713974001,62.55135474527576,1.121738450194536,1,1
7.361291209613244,48.41099435660446,1.0389502728348408,1,1
4.890976960016647,7.137402486210384,0.9532476252262285,0,0
7.270873825537644,47.90579886890929,1.1890283277396403,1,1
8.0,23.96016581882936,0.9426307885397677,0,1
7.668364965303496,46.39352183126429,1.0917972807758067,1,1
4.43057469059538,6.32958637632414,1.5675414486144208,0,0
6.835905576707688,56.07186910738915,0.9650549330342211,1,1
7.419757009168687,71.62078198464776,0.999967563138286,1,1
7.473442340172982,74.65611871061157,0.9560644535734539,1,1
8.0,47.282548590987226,1.0336076279230924,1,1
7.497646432667502,50.32798884110559,0.9885276183989042,1,1
2.651144705422666,4.673341153210152,1.0786991445680991,0,0
7.4675957706050085,51.561390402051686,0.826536248721208,1,1
3.0095350233682385,5.372495467844071,0.8671952882161192,0,0
2.795974223229793,7.538216183963687,0.8517420104159288,0,0
7.715841465617274,43.92754259196615,0.9351781176336434,1,1
8.0,60.06040259923382,0.968500483323932,1,1
7.887539655974964,79.3986724907636,1.2173686239553505,1,1
1.672355460098713,9.325878456434209,1.1327447959372783,0,0
6.53475550940978,42.886383992475494,1.0380375277050642,1,1
7.371869779242794,66.25987176769657,0.8687237754367572,1,1
7.322155417895054,18.971576956010182,0.976380123080494,1,1
5.920111665543912,8.048801379192174,1.3951542569454818,0,0
8.0,57.270999796471614,1.0233239278139676,1,1
3.8522914717106413,8.041468896139767,1.0320225210498069,0,0
7.5124368243912265,64.50363460083813,0.9470584637320483,1,1
7.459081729337423,48.90885803363638,0.928889576988852,0,1
7.537819448497473,49.93343725027087,1.1092972958328404,1,1
1.8658107700068713,5.030200366759548,1.0421650730266705,0,0
7.588202045103645,29.10369880978454,0.9900176800085569,1,1
8.0,3.540646511030043,1.0218486311363721,0,0
5.097638814757348,6.8822926629560754,0.7148873061031861,0,0
7.062028656845326,41.287880261311905,1.0343201813440244,1,1
2.920111665014853,1.5090701713794021,1.2931651314246158,0,0
7.687412507673255,26.736982704026747,0.9393745406728055,1,1
5.6344280193780705,4.137744154175461,1.2815991661392263,1,0
5.458939148823343,5.4438719863036065,0.8818464814663597,0,0
6.273841611169908,1.350823532852742,0.9530901730670505,0,0
3.3303916999424397,2.3793480718969744,1.0295602783348814,0,0
1.4051760030215341,5.5566989581654616,1.136241938406568,0,0
3.1210350828527385,1.5875288236944005,0.9099562429789508,0,0
7.845957204878938,37.79856437943899,1.1073279693032223,1,1
1.885287890152537,6.14337117480106,1.2896559670362024,0,0
3.0823138269243264,4.825909007251077,0.6974707947802301,0,0
5.270460982893294,6.506226825690373,1.1528695229223611,0,0
7.098944751629251,26.552271548052808,1.132516733654197,0,1
2.6323599635433133,4.868387185207193,0.9547259949526168,0,0
4.076519937718237,3.737542287642735,0.7627821880427881,0,0
7.1801126946483,45.901037945624694,1.0834073493753476,1,1
4.647744275562832,5.200906279736469,0.7302051429264977,0,0
8.0,64.9915418693301,1.221187890077192,1,1
8.0,19.15887888454628,1.057851426374701,1,1
7.607281136541742,40.43359692507264,0.9847492138592793,1,1
4.733805333065362,3.6583093480864317,1.3488115206793543,0,0
7.740135526884771,55.71398928154065,0.8620808813260171,1,1
1.4100283207229989,6.308371045624328,0.9015510322039291,0,0
5.494115391063783,2.253206727808151,1.0273015374075964,0,0
7.535541262793727,42.418958294519754,0.9065083016278285,0,1
7.14557929235694,40.2764572686952,1.0031129980455569,1,1
2.4635036225167717,6.014927259712431,1.0108402277161268,0,0
6.67367726028119,54.12607006942589,0.9361210223922714,0,1
4.294548997492412,1.2333217184678493,1.362886637227868,0,0
7.245395009955751,62.51637445310831,1.1467134747513543,1,1
3.3755507747624343,1.9980296380518703,0.7623206671752405,0,0
2.759720673733965,7.042916137584328,1.5390955651347658,0,0
7.743507959608376,51.09703531082352,0.8469108525957608,1,1
8.0,38.228185396333835,0.9898247864155182,1,1
7.201302966103193,5.345241464422195,1.4040643810371167,0,0
6.452265119701304,52.24680186565978,0.918396318706976,1,1
6.967973129195914,25.6110620469598,1.0183264277445068,1,1
6.9775529515285815,45.57317247853157,1.0994246534102345,1,1
7.827317783346228,53.4074834297529,1.187586144433565,1,1
4.868280776027156,3.188098219133446,0.9910333355407626,0,0
7.220628055210953,1.9349276058269473,1.2303860045174542,0,0
3.941334746334423,6.391767808759078,1.0012356178717328,0,0
7.5101083290678385,39.323592906984956,1.1428497590539202,1,1
4.569737618748193,4.442201995836635,1.1239792776117223,0,0
4.483643030093947,4.3487107059982035,0.6882764144847577,0,0
5.4715229135770915,5.438537333616088,1.0296460041914735,0,0
7.752730521414968,58.587665720116064,1.091224364548689,1,1
7.2017684781011955,38.173703088363474,1.0991166780808113,1,1
4.602869178432044,3.1519195678832395,1.1248122793318587,0,0
8.0,48.51748155217935,1.0983870669937865,1,1
7.6677953259605784,54.95132694728601,1.1085022992619022,1,1
5.29662730653131,5.610429482321764,1.1389536042271298,0,0
3.3433162691175666,4.399993278629449,1.3587916356245613,1,0
7.430766367676376,43.58108404386649,0.9834279397990192,1,1
7.392916922295138,41.38533452133517,0.9194867771904196,1,1
0.0,4.291363466178804,0.7696994841612514,0,0
7.894338012410339,42.78200452739699,0.8476727843481764,1,1
4.439152345852644,4.771608479469575,1.6806530369887156,0,0
7.917047280920754,52.64111131683303,0.8236079110542694,1,1
7.086483761118755,36.21733627402196,1.010253188230894,1,1
7.247698767667479,5.319016705467621,0.8406115408642718,0,0
1.9208105302568432,5.282593562841187,0.7905789404587948,0,0
4.867393265575199,4.285248741894136,1.1787932463622786,0,0
4.457021558341964,2.2654156189049397,1.493815447857029,0,0
3.575039714851008,6.655214488584781,1.2038908440113922,0,0
2.6012678325877454,3.7733415548572893,1.1531911919569424,0,0
7.593919525225849,56.66464085655282,0.8979957241439795,1,1
7.271268892067799,8.914045091117401,1.1029656493818145,1,1
4.012154772282978,7.473269559543448,1.0581923006062033,0,0
7.461599576786353,34.469362643936606,0.9723781631483275,1,1
7.321070262148053,35.46779669911272,1.039504963974041,0,1
5.440408760028495,2.720245532226087,1.1592752389368168,1,0
4.305058040878824,2.156298399440127,1.4891755645572664,0,0
7.686170963609469,56.921800537178754,1.143711924946823,1,1
6.387177365099438,4.1108044001390045,1.1765329176132642,0,0
7.260692052578572,51.80162695627849,0.8143490406897932,0,1
3.127766678788171,5.7485582776657385,0.530925117749356,0,0
4.18440979473927,5.003226533076185,1.3652536800677049,0,0
3.133553659514045,3.6493275839912327,1.240051475249298,0,0
7.4941514567278,48.214831490098824,1.112412334608599,0,1
1.5081198224752348,5.685357729677142,1.371221408295742,0,0
7.430683329823833,59.03693492010089,1.1152861079334646,1,1
4.039374948361252,4.845090891295702,0.7172603570718998,0,0
5.068509381148921,3.0656510263159484,1.2487460939975434,0,0
4.0562008620228545,4.4896384486974625,0.5324150105919239,0,0
7.96220315233255,58.76845771035045,0.951598499626801,1,1
8.0,21.708806454543826,0.7812604926143185,1,1
7.305662624754419,39.936167745995576,1.124091412774064,1,1
8.0,41.744849938944796,0.9749931392087856,1,1
7.975567774384142,33.99137670864338,0.9613260223075214,1,1
5.5242488914932455,7.764081320230245,1.5206802182028993,0,0
3.4738430725132843,4.995875024357243,1.1482930960561157,0,0
3.3497119657894037,5.857707837431432,1.1513258452069766,1,0
4.272983393820312,5.656543794987034,0.9598516210397084,0,0
5.319292916813711,4.957142999783137,1.1636946018512138,0,0
7.759012728121594,37.50074193678105,1.1058102613969811,1,1
4.6743471680721225,4.1943028254180765,0.8918904682828233,0,0
7.688928995512701,61.05475262942747,1.055375756357287,1,1
5.030347015060769,4.829467444316096,1.882680038958764,0,0
7.777735992471502,63.23957818124337,0.9739518105875506,1,1
3.3996712900970874,5.561700853222022,1.1463802263538387,0,0
7.53235083733572,51.733542605150795,1.0219119589591679,1,1
2.2534148126328013,6.9326708303007045,1.0995176260909774,0,0
7.503781171050068,52.2730686769714,0.9572666482516055,0,1
7.019750467509745,68.59389317398133,0.8572462943554733,1,1
3.4958391682090166,4.743398756696438,0.8798704249839955,0,0
6.517316982302578,4.247512048296619,0.8768548069758504,0,0
3.69261982123987,2.6516470025948946,1.1822635066011162,0,0
3.0353650081127856,3.8653743135886347,1.6194166773161052,0,0
5.453276653826697,4.87439196535873,1.0094851417535553,0,0
8.0,55.74201415766348,0.8879295693832137,1,1
2.4445134287362102,6.557292032046574,1.549687561561079,0,0
0.9922104482613765,3.7730286584007553,1.2329956671759585,0,0
8.0,57.68096420028716,1.1608331238444631,1,1
2.5355944684425484,4.314780886700444,1.0177892137458182,0,0
5.022017672608904,2.806620688244145,0.6942700879411812,0,0
2.2961580586309402,1.5736711074029968,0.9169330735866484,0,0
7.7657730079259615,39.836658754150875,1.0251986351389122,1,1
3.8142989428902307,5.617855054688983,0.5248681717134464,0,0
3.6181146840631713,7.156134557687684,0.8307116661687277,0,0
1.149160179090484,2.7045320897094727,0.8942624632589332,0,0
3.9514901360360297,5.00281208357849,0.8537265765046086,0,0
3.587592821168671,6.921753449488079,1.1159356231397977,0,0
5.976954648331373,7.547858643487492,1.4102479232915621,0,0
4.969353470293775,4.523255964546844,0.9126935326382208,0,0
0.5858183386944402,3.478880159324307,1.4483061161211663,0,0
7.649551836432424,35.55652288678769,1.0686762544364004,1,1
6.797163584736717,59.3544483916478,1.038147565047208,1,1
7.146814400608696,20.055371636853284,0.9958736371321707,1,1
7.579830015955578,43.79657963080889,1.1703772273474626,1,1
6.230671370787344,4.026728606812549,1.3224858564949133,0,0
2.5387790859344714,3.2654709571416545,0.9136329730383053,0,0
6.8165666315735445,4.628528402022953,0.6160977234978356,0,0
2.1267444431460074,2.774062136120041,1.2875731577399632,0,0
7.100499404958862,43.43519111767437,0.8950780085586438,1,1
4.471540692967577,5.815758549920921,1.1943409248922212,0,0
7.006014405518307,21.505648141860693,1.0884624197676993,0,1
4.563166868042999,3.6941647778936835,1.0258783199774804,0,0
8.0,36.04133094732331,0.9573077435284993,1,1
6.578068198165864,49.753226206920246,0.9074796265990082,0,1
0.9284778461960457,5.518847277653683,1.426751449109822,0,0
6.410761126001111,5.607735367029785,0.925232958736483,0,0
2.9559300600625433,8.475775389772378,1.4558758407730035,0,0
1.6699123626871106,5.358274060077725,1.4204287889063765,0,0
3.7621788350229006,2.442011521575998,1.2234961310059833,0,0
6.473762733187746,67.93001182743654,1.016386779232726,1,1
5.430578387575416,5.9874490373994185,1.0611833531200423,0,0
6.904077751040085,6.308496982877614,0.5864239902688312,0,0
6.486970879329566,6.695490260045351,1.181766059572963,0,0
8.0,49.14974403416158,0.9138799253897243,1,1
7.754715067024891,33.52717358129369,1.0498247381650694,1,1
4.501121044466311,4.887139884912343,0.7948648436590675,0,0
7.315283467132531,53.237602083391636,1.1174494424952197,1,1
6.96573823524542,36.88584306640519,1.0631716072395523,0,1
7.976849049973952,47.62132005449621,1.1421789222957028,1,1
1.19732938617814,3.2967711279626637,0.8516298697175106,0,0
7.654845962100539,1.5141950464806442,1.0710598098123898,0,1
7.075282161795047,52.42550037478688,1.1702481850379989,1,1
7.471765903940892,34.85866558876746,0.8111736140289991,1,1
6.551938162485155,54.8033938548151,1.2118238772149876,1,1
3.9509068649276413,6.007994767671136,0.9063171394818805,0,0
3.711006776456578,5.446979876001789,0.857280188380285,0,0
6.456738465148845,45.77003011384114,0.9971614883063464,0,1
7.599660658997943,49.22308709157867,0.8335158740699944,1,1
3.043457373499815,5.761433928453902,0.7411823821797989,0,0
5.586186928743091,4.944461724389474,0.8325945774629613,0,0
6.83201408343683,56.496504072510454,0.8423266047498648,1,1
7.090044498428145,49.462877521194805,1.151609476277706,1,1
7.533030364337254,65.358766151161,0.8575972479645698,1,1
8.0,76.30731997726883,1.134276259132577,1,1
7.191235798641248,55.920916262073646,1.125500180408857,0,1
6.842869281030932,55.1155620701289,1.01272353889905,1,1
2.0501252326905064,4.534591621224263,1.5691856854193005,0,0
6.673719119090518,40.31459366835603,1.2142975780630534,1,1
7.782864590633181,54.12378675969317,0.9849124795228258,1,1
7.511221927909335,46.94326308750807,0.9840085834188363,1,1
8.0,32.44610577951681,1.0669314770880518,1,1
2.1229322086100937,4.0333285331820194,1.2209584066430925,0,0
7.30432400361998,67.83474366525682,0.9708395782984701,1,1
5.47904911614702,4.697991596866162,1.5052575628753595,0,0
7.9211726645351925,76.3301411832606,1.1430316909845224,0,1
5.425824541984067,3.9822862497333142,1.2084107898789096,0,0
7.505745948512904,72.4739865536833,1.087904984554645,1,1
8.0,35.76135623497373,1.1111622496308045,0,1
4.790968037266226,3.6770858608712094,0.6862352975725725,0,0
4.961622556175668,4.177706194886396,1.2294863206662578,0,0
3.056931700568153,6.660861946215581,0.07295217540793297,0,0
8.0,60.375337918661856,0.8800272105959179,1,1
5.636113503080774,5.603482255723908,0.5693247606708193,0,0
8.0,41.066757118727004,0.8566949584740946,0,1
7.561838541339306,47.53120864188661,0.9328132026612542,1,1
5.251443619049335,5.895999264889807,1.0161583832843066,0,0
7.298928871823216,51.94338747801213,1.012064716401547,1,1
7.7362182084979025,49.2834803976738,1.0070818502494445,1,1
4.4615343516873365,2.965746307557332,0.773342803401049,0,0
4.28376879090388,6.14396727188399,1.0153126047094234,0,0
7.725360162994739,56.1392381943807,0.9487357525532838,1,1
7.301643155384463,52.72685091803515,1.0354684127325433,1,1
5.465484698327733,2.9997951696079546,1.902116744777206,0,0
1.4977367811885438,5.711669631040403,0.7543524838818243,0,0
7.480765003453727,42.68929396815966,1.1387197295786016,1,1
4.076572227011414,5.534438074204133,1.2472866602635895,0,0
3.744690835411234,3.5776436920697106,1.3273704595953455,0,0
3.8466524488935194,4.5932332103815785,1.0127889685895906,0,0
8.0,35.75722024374294,1.046243069903599,1,1
5.768113453197885,0.7426233681521595,0.9158575638865535,0,0
4.887591573173637,2.4864064035860425,1.3695731330619934,0,0
8.0,41.096529927393064,0.9855373409525743,1,1
7.01133557175149,94.64979231522094,1.071437449376051,1,1
7.009092451379217,28.481584340436093,0.9779017448941512,1,1
5.580725050590923,3.5829331253740895,1.3003428883113008,0,0
0.6726461632276095,3.5090721578364956,1.2683666785660985,0,0
6.6422877664678825,39.907190782510256,0.9181540046965975,1,1
6.717906122811993,83.25055655265746,0.9180793159565016,1,1
7.946882821890742,52.80606065437742,1.0477669030875696,1,1
7.864518091338923,58.42008559343903,0.9993207115614958,1,1
3.1292569302596576,5.9986054455080895,1.156101610373044,0,0
7.844417037303597,47.43059764772036,0.9002538250152861,1,1
7.334681385169109,50.72927766289482,1.204361073728001,1,1
6.932852776824175,34.793233939084644,0.9278841426328461,1,1
7.7732495761600395,48.893914683788545,0.8617722980627197,1,1
7.039394165658404,56.10038345074323,1.0973284159087693,1,1
7.926314010346292,42.72169233633169,1.0117553242722714,1,1
8.0,45.12026782355869,0.8652477189221072,1,1
8.0,66.61740068437092,1.1646286107082187,0,1
7.19414539439957,36.41282977126917,0.9375223830482382,0,1
7.547003966809412,52.44902942889488,1.0671554844757734,1,1
7.338083961369382,62.49163046372469,1.1065435773782646,1,1
7.03337357045857,56.695593855851584,0.9420877386884048,1,1
7.174725957915002,5.225184528478779,0.7631463895495368,0,0
4.3634371622562425,4.602375043465275,1.5030939586503291,0,0
5.001016904468084,5.500789349385171,1.312438852304118,0,0
3.2944608836072855,2.486080334913034,0.885401798776329,0,0
2.8246480105018534,5.978115347248612,1.2725267577463373,0,0
8.0,75.02373088845229,0.9274395084836389,1,1
7.675772771007883,19.35397526882842,0.988268488782658,1,1
7.913666771968621,49.062324131483656,1.0141217893196401,1,1
7.045532288842776,38.67598880084603,0.9918474977940208,0,1
5.613396911139178,5.612202604801232,1.3517820789206874,0,0
6.4098520004574375,3.4935664690633885,0.9056031901589197,0,0
6.845916676052909,58.69339483453679,0.8318701666903233,0,1
7.132645502261536,66.86755301513381,0.9356568692873111,1,1
7.913477161733423,38.89694001459613,1.005593307697285,1,1
7.800252039167277,60.620583501517174,0.9009550704189005,1,1
7.471586518232205,19.202828219898166,1.1065423635979261,1,1
5.238873942463052,1.9363268335485677,0.3435895215940722,0,0
7.910369713338871,52.77569759297628,0.904548281158847,1,1
7.608713039630412,39.383291544041306,0.7400198614019347,1,1
7.877189140633581,37.66371368754935,1.1588280698620494,0,1
2.7739551137327663,1.9288523836187133,1.3623889787970176,0,0
3.955122902084013,2.764391327923792,0.8982815509459924,0,0
6.258443734303102,50.162270791237596,0.912036667894837,1,1
2.41810330637174,5.469558534612691,1.00929888373274,0,0
3.3784676732273486,3.65989748261727,1.3770860897281623,0,0
4.642960069209485,4.692904986754334,0.7926999179318376,0,0
7.5545234791801565,38.92997197202224,1.1129890617386096,0,1
3.9816099981858915,5.93894474954117,1.4988206760588725,0,0
2.4108727910961867,7.877971492949769,1.006961905783583,0,0
3.3041539144746097,6.89260550320063,1.0412031791866267,0,0
4.019963126088682,2.399736245325987,1.309289903340454,0,0
8.0,64.34656679354899,1.1696312999427279,1,1
7.143341523325253,55.512349816430465,1.0316420182242854,0,1
4.623399330933026,1.4740824101358108,0.8599126245851805,0,0
7.333393709454065,64.8010247970234,1.0545278501603712,0,1
4.888225600560299,5.945678111832544,0.6174963315700877,0,0
7.1613859155976884,59.23252865140827,0.800223196642122,1,1
6.187405048242429,4.186462786015809,0.7551470500383448,0,0
6.4354285117214065,4.06015504859946,1.155863488970345,0,0
3.9507929649755993,4.374501639164287,1.1441600823495257,0,0
2.7343583932296758,4.061400363642209,1.2786825982569512,0,0
4.212235831150765,4.378338237134321,0.7763653066602849,0,0
4.368047593236403,3.2329517644780474,0.5445306383869776,0,0
1.7993994671857396,3.7855072778801704,1.3550207160341632,0,0
4.101601620165539,4.834602326523788,0.8067840785808582,0,0
7.520391356753387,61.11418506427276,0.9795505082539565,1,1
3.6080920513018824,7.588650596266639,1.7793962930427403,0,0
7.815077257709346,49.86466042539386,1.093975138934243,1,1
3.8971769714438333,5.2278399208772495,0.6979036829564111,0,0
8.0,16.258339592911383,1.0411561571668038,1,1
4.776723416689812,4.220704414858425,1.2380974807850946,0,0
4.499203463239951,1.5508018565226784,1.344499661390048,0,0
6.422463525460612,16.34484490541604,1.0399253217291742,1,1
8.0,38.62683366498929,1.107244728977957,1,1
7.069051435703569,63.88736285118901,1.1425669355315624,1,1
1.6970803197982316,4.588963354673812,0.812923197516041,0,0
3.720509955322714,5.03313343724348,0.9209976647380624,0,0
1.81619004396465,2.003556293238209,1.502441802823036,0,0
4.678856550541848,6.3557478740458295,1.4599275189399685,0,0
7.67126596598838,27.190888025293486,0.7312720952467776,1,1
2.813412005498299,5.025774893309333,1.160514456489034,0,0
6.462071164021158,64.43128169411003,1.0731276968361232,1,1
5.8865031579641425,4.96545994303265,1.0616496524335752,0,0
5.963209376941383,7.538005420011896,1.196978565120244,0,0
7.571574568482927,60.88538951088306,1.0405663809990966,1,1
7.102171642399456,37.53501650637644,1.0251026337907274,1,1
7.356301716785233,66.77695873683774,1.075718515269421,0,1
3.9114825862383173,1.8280180106403492,1.2689385885613742,0,0
7.153531011211305,48.072670631814994,0.7089567478554961,1,1
1.1652078436920248,5.252995653715615,0.8941258555411236,0,0
4.846655578935038,8.657827505342778,1.3828097280765699,0,0
7.459435069664807,53.58567926059793,0.9718640773980713,1,1
5.551365908440846,5.269299833943361,0.939387412960232,0,0
7.141795804786844,40.2120863279871,1.0259446123983615,1,1
6.972162635740633,59.51182299637983,1.0043749691887858,1,1
3.0187638479006518,9.615563304459062,0.9382465730920868,0,0
7.127580472219661,55.45509423827809,0.9021198400606051,1,1
4.851919821843534,7.73197801464843,1.1100087005080808,0,0
4.006371119372352,7.749630921037523,0.7823903502391172,0,0
3.842765078807935,6.2830553698852984,1.3591176137325798,0,0
8.0,42.189985451393,0.9272552253001769,1,1
1.0430004436846652,9.142138588146395,0.8251948185343451,0,0
6.0944681509276215,5.627361438774734,1.0267222632153024,0,0
7.524719025128379,6.171038737546089,0.6117524952692037,0,0
8.0,56.98529800640162,1.012032059710103,0,1
7.430733281769652,51.30992212336213,0.9951971609450871,0,1
7.3433374296569225,47.63872580527431,0.944245698886661,1,1
7.334177213808692,70.3358848483695,1.0068798248462998,1,1
7.954260867225604,46.06924583730093,0.9950562842982776,0,1
5.866707938155486,3.0267010922078237,1.7926162541735131,0,0
6.962141140458611,45.463084597843434,1.0465754048811198,1,1
3.5162071613181816,3.0130232616309143,0.7783004448477654,0,0
7.397923863928608,54.15964336082513,1.0882118068178006,1,1
0.25638671665430035,6.392218673044706,1.338460198370016,0,0
7.4119420773316635,52.500478688724876,1.007401284628158,1,1
5.315120015137785,3.66505925617108,1.4323598158231996,0,0
8.0,51.69324988238138,0.8729274485937263,1,1
6.056730849521244,1.6073616013438374,1.4485152047071777,0,0
7.096369717123423,46.815186690524094,1.0387277580822862,1,1
3.292303356522561,5.581193119944777,0.8688913404053914,0,0
4.351415489795452,4.21116391592862,1.1570707398074687,0,0
7.693604677588199,62.657906910595166,0.9951400757429297,1,1
4.0149935365125895,4.960874849212428,1.2080227153093788,0,0
6.212736579142939,53.247629431372054,0.8065813140023934,1,1
5.083421532309274,5.34811847212145,0.26035919398321283,0,0
6.567306097725379,26.999461293881875,1.0112443549770416,0,1
7.296011143814877,49.34796998770291,1.1116124657436055,1,1
8.0,21.79793413859987,1.0923985521895785,1,1
5.726792857082564,3.0855843786057346,1.387506838213636,0,0
7.771440168049823,63.1765988618354,1.014661788901187,1,1
7.384901476910609,2.845811372982901,0.8668537344897989,0,1
7.542581712293723,44.76545846636192,1.0888157473481315,1,1
7.898811028464782,49.60819678766431,1.0740720872314542,1,1
4.771649274679063,8.958261801104442,1.1244619109795446,0,0
7.51462661084831,45.252758561198846,0.8437843199578022,1,1
8.0,70.7917943921239,0.9026267284830914,1,1
8.0,57.36308260256496,0.9436584856298668,1,1
2.5267198034911518,2.752020135868422,0.8167522834037566,0,0
2.36207906344941,6.775126527068748,1.7439651131287828,0,0
3.8036919824862716,4.413751294956944,0.8233675693782101,1,0
6.967033236041886,10.571264534065996,0.9246772215331792,0,1
3.4827460645008372,6.965009401255999,0.8600497453068492,0,0
7.692128232726446,75.60554065244312,1.044178937540527,1,1
7.74048196186282,47.12901732711117,1.0964177657546932,1,1
3.9739040565675467,6.257321857570002,0.5457770981177057,0,0
3.840626687361221,5.345540417661025,0.964690195765511,1,0
7.8760433405322425,72.20004481501049,1.012464998202368,1,1
8.0,37.76681072817901,1.0017629863287116,1,1
7.311652543655788,37.29743292361318,0.8064193054647,1,1
7.882762310021505,46.3459679722538,0.9734981315092335,1,1
3.8952450960737144,6.1842486842885185,1.127019569503805,0,0
3.616543694428772,4.376982837486907,1.1749461221968918,0,0
4.920033395760119,4.21265218105893,1.1163501372351832,0,0
3.1910510555634812,2.0874864133616264,1.1853321724424786,0,0
3.4441501245272867,3.20088910736271,1.3096919293569038,0,0
5.6692947124035395,5.28251311392772,0.7584242213988044,0,0
3.1948511317869968,5.575830233532851,1.0916675949473391,0,0
7.213938690885037,66.22779902533024,1.1623647600103189,1,1
4.962994375683182,7.442793560768619,1.3095146448395425,0,0
4.714544425431665,7.441970981836878,1.0117541095560154,0,0
4.130258031002471,3.488965909637554,0.9589811503400044,0,0
7.962257587324832,52.908671848141545,0.9896768716852113,1,1
7.851000008837598,37.820577071809474,1.1177127512580585,1,1
3.036015238748185,5.396214070521948,0.9558050812076249,0,0
3.2466127116760397,7.687114239476584,0.7945444480177244,0,0
8.0,17.794188463542334,1.0063474463380881,1,1
6.67464270490896,7.68458117541594,0.41769390020658104,0,0
5.266046742548564,2.4324342401576207,1.4335602589089556,0,0
3.772326838751139,6.3399760689351785,1.2966673612270592,0,0
7.327561985200696,40.18005031207394,0.8222241344299579,1,1
8.0,50.63955270159824,1.061040412934892,1,1
3.4677483577187083,2.7367658685869665,0.8243032925849272,0,0
8.0,45.80567567960494,1.084506788248215,1,1
7.442831724442642,28.10439687588293,1.0354965897978332,1,1
5.308126096347273,7.282647220343399,1.306293277245502,0,0
6.214913807058892,6.578907834983093,1.261730832944769,0,0
8.0,47.89483306113006,1.0258090388945427,1,1
7.019801187233719,28.222939835311063,0.923516571405813,0,1
4.749062340437513,2.499776834928887,1.5677557466149548,0,0
7.849188437016171,17.79510779579803,1.0784285012598631,1,1
5.129959820069413,3.495996106433929,0.42477361057549123,0,0
8.0,59.3577950133593,1.0169618363623851,0,1
7.796728958163152,59.72894556961482,0.9173032326144255,1,1
5.36725172618084,4.41389164288193,0.6713876826474483,0,0
6.196402096323233,5.662518805342471,0.5916434370361627,0,0
4.2701975771173855,3.618749223162631,0.978346876228481,0,0
5.927804141446179,3.135519212918089,1.459590232614747,0,0
7.470433542431158,65.71637551694688,0.8759588053899816,1,1
6.9583370928555,64.56402855888406,0.9828837592829869,1,1
4.520012141822446,7.0951083440583815,1.179882944280585,0,0
7.13458678327981,42.66768146410285,1.0418078538991389,1,1
7.850655114990669,46.40363598621881,1.1353608031325646,1,1
7.9349489583784,4.353434670468253,0.8716089130007942,1,1
7.060605047350214,35.604531768962474,0.9150856145858196,1,1
8.0,60.45343730014175,1.1921121912247323,0,1
6.119877973108251,38.01018343137622,0.9721722931892398,1,1
7.224208901564253,5.064158475608424,1.2807816285092595,0,0
8.0,40.96983360887228,0.9233645667552013,1,1
7.424082536392157,76.0141896140474,1.0574163838731376,1,1
3.4506418385948328,6.778365942084523,1.5200279476983012,0,0
7.084507503146155,63.30127690030413,1.1318790849452292,1,1
1.9294838252785675,3.2422372778305366,1.3733687519296591,0,0
7.610507437907691,19.349071515865994,0.98889282580041,1,1
7.19424468997434,7.890637950471923,1.2951742330034717,0,0
3.354485322177956,4.4600189373166215,0.8611643700269422,0,0
7.861997371890582,57.99755846988089,0.9662292249865138,1,1
8.0,52.128935589314985,0.9834567384421751,1,1
8.0,69.05843083250974,0.8804527954050623,1,1
3.5331405841526538,3.6707366716977496,0.7470075308137456,0,0
7.714126255414385,32.265009530760544,1.0981647421250302,1,1
7.280785136687938,35.09682799379438,0.9992613330473086,1,1
5.30596238331239,3.666261401090253,1.2468148787400297,0,0
2.724342468967915,3.542137711946397,0.9408561593772873,0,0
4.927728519782667,7.113632166292056,0.9647235396002757,0,0
8.0,45.74020368806977,1.100684872366926,0,1
1.1991792112117996,5.866648653615913,1.0113885499362487,0,0
2.9301733311438194,7.653744704314528,0.9414099481305472,0,0
3.3947223537969595,5.668397953342275,1.4672292432490752,0,0
8.0,50.952932657546015,1.1827850087936058,1,1
7.552997635041541,31.78537399070639,0.8731220060126649,1,1
7.50351822735788,42.03802057051641,0.8866789737314342,1,1
7.109568086981056,56.92752529880507,0.9110237587239289,1,1
7.3027577992380595,48.76925376343643,1.042681849938955,1,1
7.930722050573542,46.840712221807465,0.931860647998198,1,1
3.5003741062791045,3.3506523767759964,1.1041863112214105,0,0
4.25184532414194,7.622205161700775,0.9628286108521589,0,0
2.9434020118133786,7.3647472580087046,1.1632716764023574,0,0
8.0,57.44020202061903,0.8962710397573158,0,1
7.02745589338798,49.52917760057445,1.1520497227746456,1,1
4.6132778535105645,5.184313065778616,1.0980323082820995,0,0
7.739841347734567,32.64304407039285,1.2287873495628374,1,1
6.2982533354436026,2.653985787612896,1.119325294396121,0,0
6.791328126348106,45.51778035626083,0.9124576805213961,1,1
6.9338370347716625,39.49923170354578,0.961443868066826,1,1
8.0,42.42273691305391,1.088779010623173,1,1
7.481496520907251,64.1572109779963,0.9521978710241017,1,1
7.662600215394717,40.69939367840752,1.141672218607143,1,1
8.0,9.359257265672042,0.9578147642203194,1,1
1.5158790348568099,6.662045596170834,0.9813849759359061,0,0
8.0,32.14633238237714,0.9456720018610283,1,1
3.071601038827226,5.262079844459171,1.240233656592369,0,0
7.1816327564321885,77.46560303521414,0.9544699863290876,1,1
2.0288462593679304,2.7642205984567854,1.261835359402132,0,0
2.278651322337836,1.8702844302737947,1.040330103675895,0,0
3.737047124882766,4.898807903355788,1.3065826309975583,0,0
7.538296326025145,27.85729048522399,1.222973600847363,0,1
1.0493463575905508,5.19131171628987,1.3096248607734153,0,0
8.0,60.35194189319326,1.120747276120543,1,1
7.504782677616226,36.26022958983879,0.820672497580258,0,1
3.3699271222110796,5.281474360677728,0.9798445812575124,0,0
7.642617896276233,62.64626179822626,0.883720560288773,1,1
3.5291263354041726,4.98656792756873,0.8765198106358333,0,0
8.0,63.27742808028689,1.0574206597580595,0,1
4.820096379618052,2.305097173802219,1.4231493659782513,0,0
2.9888165689753534,2.5576998894754794,0.8692093358411542,0,0
6.7309568487252776,28.33679856828448,0.9958886351548811,1,1
7.836514651885856,44.429175315041505,1.1171057910909776,1,1
7.801107062051993,48.099271837219696,0.7958338599877899,1,1
7.170418103302225,66.91292290590066,0.9613266274359872,1,1
5.504510892245669,4.770467456425451,1.0522675636737906,0,0
2.1374023677763736,4.146022789710751,1.2272575353641217,0,0
2.8342059162563498,2.821989533215756,1.4881585564768065,0,0
7.997095294423142,65.0087270678399,0.9833886047222183,1,1
1.1653076996829501,5.002789019208697,1.378291398023793,0,0
3.243093238396099,7.711834563252164,1.1245613467603923,0,0
5.168132085618213,1.9518392569682352,0.7763353487659796,0,0
3.055804488775326,5.353141211516369,0.9939518528910406,0,0
2.998041271416695,8.043376844093721,0.9259905620997975,0,0
7.822388508088074,62.89795308490793,0.8787069761050122,1,1
6.9640655659219,55.40319943302014,0.946210156185493,1,1
3.630790218595637,3.311918432259514,0.6822887842554486,0,0
6.7464938143559685,42.60776405427243,1.0363108531380252,0,1
3.5731437931333847,4.576446735002017,1.1939123412780375,0,0
4.164165475901255,4.547828494215646,0.7873168824860393,0,0
7.833342230374476,37.11698679164359,1.047835485643651,0,1
5.465303517009637,9.153633584501375,1.2389708970839965,0,0
3.2897587183067443,8.953599224299595,1.143730149280774,0,0
7.463007586963428,55.11482397906787,1.1759284368917946,1,1
4.4527394290178695,4.283916288065938,0.8998464975339493,1,0
2.8950983831653025,5.691600002900197,0.9196770605725314,0,0
7.53252245843803,40.67805400552554,0.9417039465570867,1,1
7.3334149019474735,37.12360849806305,0.9248126381929704,1,1
2.9472475072080195,5.225672391925402,1.1854383581113708,0,0
3.567970588207625,3.1507162010767473,1.400917304257708,0,0
4.655845426276174,4.605193612084751,1.1112949963863437,0,0
6.6066325421036325,37.83198668153756,0.8465239191378465,1,1
7.436531175335758,65.53222995610328,1.0676677484621537,1,1
8.0,67.58204727990264,1.169720568845827,1,1
5.605851497018938,4.842749926636696,1.1088189649342837,0,0
5.312953886972217,5.574228630761247,0.7864151474029106,0,0
0.8721219643316314,4.377346580055538,1.104863435572231,0,0
6.996112989554222,69.57512151687057,0.8462028629265369,0,1
7.435141955404138,44.26661748775294,0.868468100535191,1,1
8.0,55.58525725811222,0.9896526617919551,1,1
3.2170101432730362,8.237781410683095,1.2542633715221625,0,0
2.5132697137838216,6.847326183729156,1.081225250944264,0,0
6.457681228862887,5.831558942929405,1.6491414226622083,0,0
7.811179216437305,60.09099402620262,1.0003829049706627,0,1
7.271003010251211,44.667296629002905,1.1497694980374065,1,1
6.950320797209583,63.89902628393805,1.0004924406342266,1,1
7.1169914388808735,53.66264546689002,1.1095355643085316,1,1
2.784922527639687,5.3459440414372965,0.9756826228391876,0,0
2.3336363347761,6.045088069990786,0.3203070607359365,0,0
7.390106550378979,57.729399974549686,0.890724910076996,1,1
1.4692692038033677,5.396596795853554,0.9579721584919938,0,0
5.0584126734981165,4.8998757523446015,0.9109427345176113,0,0
6.53226642913011,37.4387410417727,0.8793540719683752,1,1
5.388300520143924,6.769592159206271,0.9300074384222176,0,0
4.233233140897968,3.3377994513179083,1.028112307895043,0,0
4.681812943250635,6.271826068497363,0.9041412943244308,0,0
8.0,49.191972667230935,1.0169081744813901,0,1
3.680743196025742,4.880401952855567,0.6602165001583071,0,0
7.259366002964787,40.105974262397254,1.0835030029982708,1,1
2.3393070763218256,6.352763603740072,1.0690588583460772,0,0
6.937831403012684,69.44615250906497,0.9256888244310711,1,1
8.0,45.57792527048725,0.91182602595222,1,1
7.322052572135404,63.53316928707213,1.0282332183494998,1,1
5.055511250066802,5.6255926842591,1.0641203625347133,0,0
3.626607931886192,2.672159699750012,1.2835064090628165,0,0
3.330234842996844,6.6307277875186,1.2841361682892194,0,0
6.283252995032999,59.1148038788804,0.7941222085402626,1,1
3.7518586565216254,5.101559570740354,0.9462247306088795,0,0
4.351536218864799,8.466991390174346,1.1095796110844491,0,0
6.9163130214709785,41.92727402622424,0.9494395777594441,0,1
2.8123771432151217,6.627726194526563,1.517165014863245,0,0
8.0,42.55932137525946,1.0312318109094842,1,1
7.943398727506102,40.72754778461331,1.0676098065356185,1,1
7.607213735692245,59.300353044235884,0.9959287669589545,1,1
7.473355497624138,26.107949066500304,0.9947457298537516,1,1
8.0,44.748624014262035,1.12204550573079,0,1
3.4898960398299312,7.189468977801466,1.1095234056323446,0,0
7.312449555222271,46.06717173879863,1.0750215462206973,1,1
7.3613872382427905,5.069129791897084,0.8090032174775386,0,0
5.296114284277623,4.672091243396759,1.44217332040106,0,0
5.864607964065543,3.6272568730688866,1.4223016767718448,0,0
2.942884073668468,4.863683085468754,1.3824667592914053,0,0
8.0,46.318061804041335,1.1139109832104004,1,1
2.392541911053087,8.228729225290804,1.0061049014644736,0,0
1.2116534054299244,3.6122008308432174,0.6076692135813955,0,0
3.3365127467673967,7.519764838441393,0.9673998727475921,0,0
7.403645046902024,34.01088150827898,1.0407708495569215,1,1
3.729073456817964,1.1622967035053486,1.0631302477014832,0,0
7.755115022705401,57.215315871819115,1.0569724362691613,1,1
3.9846914195517025,2.081361966130954,1.4963451532176144,0,0
5.696737867003984,6.858583126214974,1.359661203900306,0,0
3.429778356761931,9.585125114414636,0.8466325573264992,0,0
7.483260792649155,3.811143903164197,0.2207256811595889,0,0
4.669687286965861,5.847772376830372,1.3473315991723747,0,0
7.384612912062735,3.8168692560106097,0.8810303757220327,0,0
7.569690096878959,46.7591696277682,0.9028079122591361,0,1
4.1992787507632565,4.516692159555324,0.9781426508770754,1,0
5.128694439046967,6.809029322689826,1.2396170297945401,1,0
7.52100945361542,84.45260410522171,1.0455119049468204,0,1
4.126156577469977,5.170662752375708,0.995678967726288,0,0
4.500701658706697,6.963374467809317,1.333735118856694,0,0
7.207859355671744,67.26083537334165,0.9595298924747411,1,1
2.9618046580157262,3.5918273211529956,1.7798663479395036,0,0
7.510255785661615,38.5516541267732,1.0368839851736629,1,1
0.0,4.805975835749712,0.6427594834195105,0,0
4.210095092843503,5.139946804081908,0.999621292409789,0,0
2.9604115828436504,2.8665880229300535,0.8071612939373406,0,0
6.166531670346221,6.226121347993662,0.9858268181564538,0,0
4.5154665852761635,3.567015960391963,0.6561461916872492,0,0
8.0,42.97763780634818,0.9695129043357444,1,1
7.303104414537986,49.572351220088876,1.2001534080741496,0,1
7.367508930122237,60.59367250980547,1.1350688609305737,1,1
8.0,61.42360035260502,0.9305895616195133,0,1
7.215391038157363,36.78714719613262,1.0937046563874822,1,1
4.03360369859387,7.139212383310033,1.4884887348910218,0,0
5.582474590653931,5.713455793448685,0.9347479751753611,0,0
3.8546769242951378,2.324182147559232,1.3180588933120378,0,0
7.73194110871822,45.26495014572233,0.9820024352583825,1,1
7.728636673355982,34.777284756227154,0.9950735955076807,1,1
7.304906549677512,48.93144310835631,0.9935743024533353,0,1
5.090235713219152,7.9438225831053195,1.1749730575150765,0,0
3.7082447402687997,5.973484374442524,1.0954141741145054,0,0
3.6938449231632324,7.471332510212308,0.8705959849885508,0,0
5.583848559383628,4.337413600233034,1.1907149214197439,0,0
3.9612358585158822,4.228312306799342,1.3880058920043603,0,0
6.894884262721933,3.3219346744237512,0.8131798699761996,0,0
5.70265072723503,4.418880669212884,0.5272580096438025,0,0
7.743841926403347,42.85714655593846,0.954524166832716,0,1
7.8471205724015345,10.745452362822164,1.0543461417350384,1,1
2.335080716545874,4.620738534454155,1.078925785672477,0,0
2.852689340747009,6.217751020230166,1.2778156876129811,0,0
4.781998103059944,3.9903828725130155,0.5797057001753378,0,0
5.563951367534788,2.5080308229214956,1.4782760713687304,0,0
8.0,42.87803568695681,1.0012520094566935,1,1
6.983503503002202,71.00415710707266,0.8975439163066207,1,1
3.319953062433237,3.6807357247014894,0.5763670117824652,0,0
7.610785653098867,57.01979156549495,1.0274504579472237,1,1
7.306379501111481,58.93727760832341,0.9377775312780767,1,1
3.0018362379961228,10.186240587544479,0.6278487173159326,0,0
8.0,56.244676250074406,1.0141531370857821,1,1
7.4319668022792635,47.22137452289228,0.7698720385832053,1,1
5.0220225389105,7.079343406614322,1.3734165066534172,0,0
7.253282616515141,56.39357777219345,0.9759426549088125,1,1
0.0561677069469555,6.7618076478311355,0.8681191003330633,0,0
7.035890930080379,26.792041912249147,0.9873511587671026,1,1
7.852806273062488,67.94429202648207,0.8945131845445842,1,1
3.9447639953929055,4.900749331763506,1.3831534257136355,0,0
8.0,55.82503343165189,1.1024929518995663,1,1
8.0,67.49300305112122,1.1138742230662373,1,1
6.143773250487959,5.404419335211892,1.3015290479931296,0,0
8.0,21.981219029630868,1.0523977305928403,1,1
7.073149209866033,53.45473971610834,1.0980353884874068,1,1
7.782802431848333,24.16590453536217,1.0198649876197274,1,1
3.341244875130246,6.83336505483716,0.8773445054038606,0,0
2.9274396181915083,3.7037183581721065,1.0495444204471414,0,0
7.7858891488406545,53.55528627709974,1.114561690038327,1,1
3.904568088941587,5.621317603457869,1.1576216314128027,0,0
5.558975297105823,7.38875797950347,0.43640823736764656,0,0
4.969009392178726,5.5452726419479195,1.3066897407400466,0,0
7.064813605552602,33.57944634541942,0.92911240530499,1,1
7.681098051861882,40.10894078337359,0.8092488675375192,1,1
6.024253551914136,7.984806988194454,1.2086895135870768,0,0
5.270896603264745,6.889373589487601,0.9084799948225089,0,0
3.026260937401385,4.307119267134066,0.9645039643053787,0,0
8.0,49.27116815842074,0.9259472297065823,1,1
4.870463115467557,4.245033557413449,0.7899372701331002,0,0
7.634586072222164,40.78673563631237,0.9722522037221215,1,1
4.068911409742096,4.887676825637569,1.8222722186202924,0,0
4.414577898781645,6.46959792972324,2.218282548267986,0,0
7.260769953975293,50.145439675199704,0.9060817438712581,0,1
4.901617169612662,2.946371380757441,0.5662837428127555,0,0
7.2465053842860545,49.96443271108874,0.9812046194313905,1,1
8.0,46.77804277312615,1.2626783608637466,1,1
7.55457357787467,47.6196793322184,0.9798901701643865,1,1
3.0323813001523128,4.935487723619493,0.9189798913707498,0,0
5.462936333967063,3.535983048430234,1.4953662983096192,0,0
8.0,36.845954284700944,1.0609488875397557,0,1
3.805505939355389,5.519391096317315,1.4091581540268785,0,0
5.139241833821766,2.988985087857444,1.4250739199212794,0,0
2.741465206639975,5.638664724122956,1.0685201176932033,0,0
4.162890609744214,2.0176052605204475,0.9350076739400852,0,0
4.3064862819612495,4.204095491361391,1.5373445903412248,0,0
6.143652051681623,3.0252116920449588,0.8702003248730462,0,0
3.2369284235855673,6.362367755684743,1.3458166370829487,0,0
8.0,45.02233149396176,1.1429499633654427,1,1
7.689734048285848,35.93449940533531,1.0603608198344987,1,1
3.921148169459092,6.1547655923114535,1.0735682900869545,0,0
5.694301660543246,6.952525922035517,1.4033973783089004,0,0
2.8804134473763474,3.7950545465849617,1.3462750410130202,0,0
7.913235976655388,49.46495558648773,0.9136658958968169,1,1
7.8887521495367725,41.65027069157644,1.0385768539593154,1,1
4.310360314885075,2.103036234952117,1.3416068733773372,0,0
7.74036099156737,42.78882648491138,0.914413241215167,1,1
0.0,2.4223892047353455,1.3426150265904364,0,0
4.265938784287572,1.8530040359466051,1.1339090578091913,0,0
3.2722512784229925,2.052857619556682,0.9286433039280992,0,0
5.431207822190051,5.5210777830818865,0.9278957313661323,0,0
6.480679300910643,5.831239880999039,0.4723990394636792,0,0
7.00745254593653,7.700497804417509,0.9299833370005438,0,0
2.329831334715884,4.321952514784419,1.1618779497873692,0,0
7.819527537567356,52.27966349632321,1.1399688745709844,0,1
4.84280050751437,4.3915188619581,0.7644621158808859,0,0
7.812855405536554,35.062387668563446,0.963881297584749,1,1
4.106731112683865,3.7399298240582692,1.1870056325514355,0,0
2.524158708015375,9.166624705797279,1.1871800297796387,0,0
7.876117120948339,21.60872210739593,0.8651525063258377,1,1
3.3864717584777146,7.049967758417208,1.242127465564303,0,0
8.0,53.98248277825344,1.0656297547163736,0,1
5.507315267588498,6.274484049091786,1.401325658543598,0,0
7.056893047153906,13.946940964317044,0.975195081492166,1,1
0.9341554390184541,5.190851933361679,1.2632048098887387,0,0
3.084304444398902,5.813181651477334,1.4593784771648655,0,0
2.8816225857413906,3.408050497278069,1.5953177674514136,0,0
8.0,69.10524953806089,1.1302425282028234,0,1
6.5697199093462935,41.309961399422185,0.7839160867732464,1,1
4.900807286445003,2.5794305480572546,0.6697679077089409,0,0
6.749068099965959,60.42310115013597,0.8446025084033149,1,1
8.0,26.54322979009008,0.9425010952506265,1,1
6.924459989659816,64.3768565671898,0.9382290256831913,1,1
7.0360507924557005,5.315416382451638,1.2598436919138363,0,0
6.346102757451959,6.858434494695902,1.2271073930184302,0,0
7.416722469335969,71.84225375776232,0.9318397078377221,0,1
7.319728382993041,72.1612092042248,0.8742844929956199,1,1
3.9812690699949944,6.464201529557485,1.5894015218908577,0,0
6.673582494445054,64.694359591502,1.1108192517015736,0,1
4.35554820818224,3.2772799678285125,1.61370823172917,0,0
2.913038473711333,5.1665919452054965,1.4697949749706702,0,0
4.072826034406018,2.8590584433205724,0.7417061390886919,0,0
5.478748436692576,5.784337920761253,1.2386409692793139,0,0
1.4397207496374822,3.6076305772508075,1.0513729290501899,0,0
6.606461168986434,53.76552525494317,0.9979172513116269,0,1
6.834829498356225,26.79209587889568,0.8589687535141152,1,1
4.47754892019933,5.577097829383684,1.3333571778501006,0,0
8.0,33.460289439684445,1.0393783552107334,0,1
3.3154816805064757,4.6577227988127685,1.398622332068044,0,0
4.408483831565007,7.384264149967431,0.9411740483626155,0,0
7.833342540985934,52.848800900851614,0.9866887252066476,0,1
5.494021536245341,6.405970580690509,1.1806670051112782,0,0
7.468144326307079,41.56647295959727,1.0762782367929518,0,1
2.580347598061029,5.794049462953913,0.883241260704461,0,0
6.969984421264824,34.483887179137504,0.9742090500056682,0,1
2.7954975371424275,6.537385972872604,1.473215037006685,0,0
7.385079333706034,54.54158392981063,0.9613867685217765,1,1
8.0,79.20563052642396,0.8730267741602671,0,1
7.862596430943481,48.734408731126194,1.0637260329887899,1,1
4.716026393700201,5.6348727922605955,0.9368281817577113,0,0
1.2075678422840683,5.749763686483489,1.4320230624468273,0,0
3.2450498147921554,4.02166884804953,1.1056997726856765,0,0
4.568492102047572,2.856759581719589,1.310043020974522,0,0
1.3991499529163653,3.1520208259475577,0.7454371816951069,0,0
3.8933860508649576,7.841542224939072,0.5793804009068672,0,0
5.390684403948651,4.239584951893134,1.0420932573068518,0,0
4.51891869217204,5.446480075823946,0.8864788213090198,0,0
7.8359825433274635,47.45053243711288,0.8985296857227325,1,1
7.130067338946196,70.81365440637595,0.896186529793831,0,1
6.511616911116662,62.80374907670416,1.0367100999211791,1,1
7.766468968414587,69.90881870536738,0.9058941237361565,1,1
7.248092424162978,83.44274238340151,0.9030362985780327,1,1
6.725812892767216,76.67897530394066,0.9506014372740056,1,1
7.827455244564114,55.090721733717864,0.9949112751380919,0,1
7.175303617877676,12.216521080317513,0.9665364573595758,1,1
6.439115155388699,2.849505348636918,0.9349724540407001,0,0
2.7677655232892735,5.780038221429273,0.8762266503621843,0,0
3.813609937145887,2.735543112596849,0.6680893498978475,0,0
4.228387136533635,6.348003484447276,1.381389790927761,0,0
7.940189764549686,44.735417755843,1.0743946120223402,0,1
7.705206600721556,77.20825121993033,0.9676688461231425,0,1
7.0411478028881955,39.3417996032727,1.2650974910346382,0,1
5.483871360511667,5.4588824334028905,0.8626162589242581,0,0
3.4519296357681375,7.801466157128733,1.8176654935881942,0,0
1.9925460777831567,5.700431937176695,0.552936601853224,0,0
7.084931175502568,56.91904479512802,1.004380415268629,0,1
3.68782103455022,4.687366469125609,1.0055047121950964,0,0
5.120285895407763,4.061504514850976,0.4667328056512131,1,0
5.361572760215713,5.238340291295962,1.4653786971826603,0,0
7.045099815817531,70.91114358349107,1.1663209260306295,1,1
2.856183921238414,2.660870252450495,1.5186702074989678,0,0
3.0110191332420215,3.556900429864845,1.291121073054092,0,0
8.0,74.61057206837755,1.0285234306151705,1,1
7.213659584088731,62.11370985676969,1.1738079059839057,1,1
4.105884733194123,5.133569946535589,1.2617838583100416,0,0
2.3917643721866377,8.461379582539395,0.5219766114515003,0,0
7.278388948404987,49.09984712577693,1.0936047460666636,1,1
5.5055884540718125,2.4142469625383876,1.0682726580715343,0,0
7.411429935233481,45.22467245649947,1.0134736801784432,1,1
8.0,62.5926266454175,0.9683811413473445,0,1
3.6419218434628284,4.96543049489061,1.340562590546228,0,0
7.743739339786944,16.08539563293502,0.9305685976863217,1,1
3.8629135032560136,6.720137075382747,1.2732819672085904,1,0
5.593322715600579,4.983455111528475,1.1231367241770132,0,0
7.87472849515055,50.3976009183458,0.8943065153969314,1,1
7.56093274625012,44.55533500636796,0.9295083164234242,1,1
3.4421442958086805,5.745675715728911,0.8905578915452526,0,0
5.320628530136334,4.081894633570754,1.6607365708686554,0,0
4.905674885678096,7.986404845484664,0.7131522191885424,0,0
7.925153018537226,44.76862331646407,0.9052502564737064,0,1
7.5036247160524665,6.922174837144991,1.2611986656548946,0,0
7.452925790510001,28.843137456275272,1.1314319508968655,0,1
6.335528036614264,4.633799974141844,1.0115687969938556,0,0
7.6696567832831875,6.765405136914916,1.2684059998898438,0,0
5.850996061867146,5.792167061011397,1.515668381402747,0,0
4.5400198440949495,6.150638689614532,1.2137609653432144,0,0
7.314608610425792,63.75028237573987,0.9399084748198763,1,1
7.438885968810634,33.99780744248933,0.8722666645435914,0,1
1.8391064764602336,5.861819656204406,0.9958610840611982,0,0
3.423430344995847,6.603700158850394,0.9015727100229429,0,0
8.0,29.277978135762073,1.0176868819268374,1,1
0.0,5.052307505672395,1.1283450811396456,0,0
3.214357757617359,2.4245451119786834,1.0237553898790437,0,0
8.0,37.838470761743736,0.8258768056225546,1,1
7.646236453500466,71.19087316529928,1.043211099042235,1,1
7.152522390214254,54.345783108184996,1.1468683767250956,1,1
7.503996737392134,53.99400223847256,0.8879515487001698,1,1
2.207745590900788,6.800778575102741,1.478520624918752,0,0
4.552748365400812,2.9128370382621003,1.3068119423621511,1,0
7.229109346130893,40.8476900955965,1.0286290879043667,1,1
3.729520165907292,9.159020488432233,1.1763933646448543,0,0
8.0,53.695765369037595,1.0703587121260307,1,1
7.979079401195733,63.193992688217534,0.9541429685758179,1,1
3.7343000437542,4.993128732824001,1.3847199824542182,0,0
3.0296393421223247,6.922398361403232,0.6976869413895146,0,0
7.853422268874765,74.58029232966577,0.8855432400864096,1,1
7.490413815942124,54.021735670007935,1.0226568595556902,1,1
7.401457459334125,43.38745169529937,1.0852547212769432,0,1
1.3990911892457136,3.7785337701424844,0.5816016761737878,0,0
7.462048025883504,59.091260780052195,1.1468584069804273,1,1
4.603766734545634,5.191642071785109,1.1373549713289879,0,0
8.0,72.25237551361538,1.189291312434634,1,1
7.709805049767389,25.257839036071225,0.9789859514458998,1,1
2.8823676683004207,6.240088502050122,1.3600240462274713,0,0
3.7216620125836846,5.503347568770529,1.1491573408394191,0,0
7.491573826413759,62.40373787007117,1.0125103077019897,1,1
5.34254633817384,3.2141420862692556,1.431665364121619,0,0
7.681236268144874,54.956444440406436,0.9877771330759587,1,1
8.0,58.962068949667824,0.9641929466840693,1,1
2.754037205999434,6.514535492560296,0.7177118499219739,0,0
8.0,33.3249097908094,0.9999593884745791,1,1
7.771598678106976,51.92944054162099,1.07679810012179,0,1
6.383549164024192,6.377865209950649,1.2879658928182203,0,0
6.966483870076733,43.57190785402283,0.9239527846181895,1,1
5.123014244036364,5.96698346021169,0.9017854932099167,0,0
7.375932603768474,43.934516698610146,1.1315408216021594,1,1
2.864739225225682,5.218505209491166,1.1026343862384602,0,0
3.09792671147361,6.245338151556879,1.004430011056983,0,0
7.066952163225575,35.8101524541584,0.729884277161005,0,1
1.8035003516599257,4.818099968750132,1.6782731830563749,0,0
2.149745229499407,4.880041201488871,1.340156538190635,0,0
7.108776865132234,54.151148377936956,1.0200173361422338,0,1
7.428992566836564,59.83101065045553,0.9530208174088771,0,1
8.0,47.408914551605974,0.921082933346415,1,1
5.832338206984316,4.41631829908281,0.6897637220046355,0,0
7.346212718002415,40.984058233963964,0.9115708065204357,0,1
6.504820310619801,43.312727328574624,0.9173392989030493,1,1
5.5871004423400175,3.1594659831988814,0.9557861756992845,0,0
1.3473169400201153,4.471617670771817,0.6667033857160604,0,0
7.857819283822685,57.58346303581876,0.9759363653451143,1,1
3.0020662563688245,5.694152367075138,1.2593149329501618,0,0
4.176535424967893,8.217394382122206,1.0432918166105996,1,0
4.983808147471494,6.311635256635116,1.3936366541990262,0,0
4.074925186876798,4.470163729770704,1.159303583850534,0,0
8.0,64.0067699927346,1.0683390647926045,1,1
4.027304692884423,7.252160078239415,1.3681936813149937,0,0
6.763865768027397,68.8286367378856,0.9929678656894804,1,1
3.9460702481670347,6.9039039607258905,0.9553061177932933,0,0
4.3714566504845385,4.477746018734607,1.379873838015432,0,0
3.7478341377081295,6.820937022421518,0.9664839674744305,0,0
7.455795853341052,48.22486985231809,1.0929519110459764,1,1
7.461281980636182,47.4163340331476,0.9882137246351204,1,1
7.574960866218072,35.28922528354723,1.1732916191129872,1,1
6.419971479672753,20.745180375548813,1.001360396518993,1,1
7.730495366202693,60.809196425164906,1.2496086513112736,1,1
7.278634317164982,48.133281261624155,1.1468873923899738,0,1
4.798796489017145,7.050270930054828,1.3186364504181196,0,0
4.234094144397063,1.3900048501940918,1.1156331946811056,0,0
8.0,47.00622605524654,1.0781351309058156,0,1
7.596456729666072,36.423071237351614,0.9984343770808788,1,1
3.086787231819415,8.091441360696827,0.9178008651796301,0,0
7.110980959235028,25.00489739906563,0.9432074070061123,1,1
7.38352066638737,23.411987723728164,0.9532035963258073,1,1
5.745245911871219,7.945700783646561,1.0234089044711068,0,0
8.0,41.943018477001566,0.7870351321683671,1,1
8.0,45.15633907720624,0.9660352915504004,1,1
4.3187748025743575,6.834481370813227,0.5301770264672403,0,0
4.723598755594479,8.789460758761464,1.1114909573423317,0,0
7.9013192578638485,54.49896508499657,1.0351188572778505,0,1
3.7483510224830763,4.110798057133503,1.701230732574658,0,0
3.88608129991299,5.223385483700087,1.292199187645193,0,0
2.0314455835164296,3.9440082032767068,1.2050315077937916,0,0
7.850559242765252,19.09412332327424,0.9536876622664944,1,1
7.549149272884935,27.212922944490497,0.9481244693516818,1,1
6.794357490435626,75.58549465516943,1.0955813547623985,1,1
8.0,41.3268537323206,0.8452238965375048,0,1
3.3902476228665717,5.6265724278649705,0.7868843096837569,0,0
6.722845412258176,62.46423498479666,1.1947528367106712,1,1
6.525171024230557,6.909475287689111,0.8632711993097456,0,0
7.06387362466289,64.01448661645057,1.0271433833645456,1,1
3.4625881494295565,11.069629312765716,0.9739164207578508,0,0
7.554745966769268,48.133162439476195,0.9429944557573369,1,1
8.0,70.06698572072085,0.9507827609849553,1,1
2.8834162185883736,2.1157780550086933,0.7592463625698528,0,0
7.442622460291803,48.90278764606744,0.9237245444065779,1,1
3.8849383397806,6.10397682614679,0.5806399510122006,0,0
2.2398241257523748,6.6687024667524355,1.2417574233601696,0,0
7.221585555650948,66.75791062276521,0.7553406539007372,1,1
4.87951907316338,4.861654267000718,1.042870654631001,0,0
5.8487804939934485,4.438746321603472,1.0855817244195116,0,0
4.7860493285935855,4.285729630766991,0.5935323277714245,0,0
4.387712619364482,3.8247034253663696,1.5794762919064682,0,0
6.55687074103645,30.716341341321645,1.030009698030217,1,1
6.980540064563373,53.05685247195381,1.0928594542369345,1,1
4.593127728429521,3.7640794219714966,0.6835284753473378,0,0
4.233223345114441,5.801174195748794,0.8387124092800955,0,0
7.663201221095092,56.98605501088777,1.1565571761820586,1,1
7.3092377645663,54.64267143839497,1.1144269149369814,1,1
5.545406321211294,6.321665574283193,0.9941389332493715,0,0
7.479412766165626,43.86932837493124,1.026175613236892,1,1
5.766932860814554,5.050225094476262,1.6851477533064476,0,0
5.509780363726586,5.19063186571781,1.2606576779760021,0,0
2.984639404882467,7.543912466453524,1.2346746079817494,0,0
6.292680315174415,5.995731913855909,0.9035118684096917,0,0
7.029914257315976,62.56176477335923,1.0146070426803053,1,1
7.469783107943995,53.52564826545446,0.9532063968212184,1,1
1.945614839055256,3.527687155561891,1.8019246993036524,0,0
8.0,72.91658766104779,0.9325577265044747,1,1
3.595570480459383,7.055415516465273,1.1323331581887655,0,0
7.510061140443203,34.95637531441553,1.0513465006643483,1,1
4.021839362217121,2.588569715507349,0.5921633467143382,0,0
7.564767960493113,49.81136521063466,0.9255781806672336,1,1
7.214454906567199,46.601833361973455,1.0257525120541255,1,1
2.5379615477332327,8.533497327097367,0.9844493487993176,0,0
7.480788589864872,53.80187610616176,0.9629246240660415,1,1
7.420132839315002,30.740999066856048,0.9689607331246881,1,1
7.761358980814021,51.82218646763421,1.2532775574133896,1,1
7.871611521336343,55.599049392291974,0.8874546914780383,1,1
7.1768666721921015,45.531491203936916,1.0091543849509255,1,1
6.953429304654441,34.594115264619504,1.0209795439523819,1,1
6.6331841549872745,61.336631992494816,1.068376486615854,1,1
7.555657753370569,65.2112283070131,0.8723496108504117,1,1
2.0538259105344023,5.805162573723903,1.2119343811152685,0,0
4.058894144836482,9.183383544654527,1.7042772536529531,0,0
3.573382413894767,7.308269563161959,1.0742798270177258,0,0
0.05189193502214007,6.311795403961456,1.5462904743936359,0,0
2.1216962206154193,4.136914277260855,0.930508896138767,0,0
7.335675922710691,76.01170850618287,0.9033243824437516,1,1
5.077110614183305,6.578860000514138,1.531730693351586,0,0
7.270907541784392,75.16368980055171,1.1437458010210546,0,1
5.147693170570845,6.133283672060031,1.0790262657630485,0,0
7.537868470895242,42.758394817120084,1.043595805396552,0,1
3.819257620679435,5.808987731758097,1.1516765943918985,0,0
7.8851748416291025,61.14070375779848,1.0954738527213563,1,1
1.531758406249184,3.464212537046894,1.0679560625264028,0,0
7.5822261230617425,3.94578146166245,0.9237959716611519,0,0
2.9814932518869224,6.630816225426003,0.9596102603590646,0,0
7.873453308181089,60.63469173142699,0.8596586442917962,1,1
7.016380505701806,66.49969532048817,1.0865614009655848,1,1
4.32332977598,1.5530787246753377,1.060984531929589,0,0
3.2912329995289307,6.033540990813476,0.9953331101135837,0,0
7.072415236078663,3.273968170154287,1.39945150508861,0,0
8.0,67.16062774151611,1.0008501310449858,1,1
2.9219185371140597,8.429714343763024,1.0902034788528718,0,0
3.160557899396963,3.7847245478753466,0.9133548245878871,0,0
7.553899843596137,42.002684298527775,0.9711825547509385,0,1
7.966560819840937,44.794504290744484,0.86800932375645,1,1
6.846563682811412,26.249427802207684,0.80227279467595,1,1
7.712629618658534,36.383645467101346,1.0192680568038606,1,1
3.7127850641841946,2.2231060057842833,0.834765049429453,0,0
8.0,38.28934737111253,1.0215619625934078,1,1
6.835806160573517,36.8449341252825,0.7696909168028243,1,1
6.209941554302982,5.814077757199574,0.8256690164384834,0,0
7.538476604015812,62.67410251818043,1.1923171544562317,0,1
7.306136744331585,48.64884026842896,1.0755472136125683,1,1
7.484766090005941,55.93747638571705,0.9101972101764365,1,1
7.39787441850027,66.53280297591706,1.1330624336442656,1,1
6.774023202475695,45.637393957264095,1.0190787593209887,0,1
5.505864783958672,4.923226891324376,1.0479230135865925,0,0
4.077516286504746,5.2314149367181075,0.8866284616935277,0,0
7.579435833082759,72.43511788435092,0.9859616119757658,1,1
7.2976763886844065,46.28932060821802,1.1434920445404662,1,1
3.0481992088683523,4.519705725326514,1.5665805738156813,0,0
3.865933078978664,5.011945889644066,1.0332214364215657,0,0
3.7878864040469002,8.742114824780337,1.4190272949753848,0,0
7.413705573968627,49.577983042323055,0.9895927155419961,1,1
7.599649567189632,11.64041571637528,1.1238442700405336,1,1
8.0,55.00271291624552,1.0319365517036216,0,1
7.38246731598622,41.85448582089591,0.8331914769069936,0,1
5.29271491723239,7.048842784857696,0.9627736238096591,0,0
4.455799817229401,6.0387677877735,0.5804823242391525,0,0
2.411926695675424,9.390331125646759,0.8890140322883391,0,0
8.0,56.935357763594936,1.0105549716392503,1,1
7.214076592711526,46.06494492539288,0.7671966749521357,0,1
6.617073301552696,28.762956741356412,1.097283135198969,1,1
1.844161693848947,4.7704696929114485,0.8566138388843505,0,0
4.371794444587378,6.870928016264517,1.2976442106959694,0,0
7.755834247707357,45.10563191374254,0.9677184501749969,1,1
3.0377950566078855,5.032020297273979,0.43470359174396433,0,0
6.219240277273991,3.639480557055813,1.1907999556395068,0,0
7.456040294571288,35.63228386632294,1.0400654638003526,1,1
7.464305070642646,3.035425351843932,1.4201371782484553,0,0
7.24094251457995,41.31251924205816,1.0306227217058603,0,1
7.434671798901005,55.61263154696142,1.1751225672698613,0,1
7.903658964162094,69.49531185054727,1.1192571308081711,1,1
5.13265864248609,3.9257548637283177,1.3565257315200046,0,0
7.251199270770611,66.67324363737464,1.0223365371824562,0,1
6.570660497833815,39.688552110481496,0.9670953297144084,1,1
7.645446320168871,37.30131462268345,0.8900756865953429,1,1
8.0,59.10066396135451,1.050440909222832,1,1
7.705037841669762,65.95856749623923,0.8831081343505189,1,1
7.152192750316879,23.617335214659857,1.0508880783789212,1,1
7.213233836401415,45.62991600270641,0.9931848536424442,1,1
4.30774472111368,7.511145783300199,1.0349949860593157,0,0
7.12591310848356,37.243708882899206,1.1217217917371798,0,1
7.3066624398717295,40.016350735986975,1.0123538870190587,1,1
7.486616088500575,61.627213116014104,1.031749842942063,1,1
3.178753261701964,3.8682109393562083,1.0084374136921854,0,0
3.278646189321627,4.483525680705609,0.9390397214473001,0,0
7.882179354083312,37.218619744885004,1.0947453270793333,1,1
7.175979434922998,57.111754798332846,0.8514772991926065,1,1
7.343762298131533,25.921516995993223,0.8285599865874191,1,1
7.581338984964811,46.81541182647757,1.0115668744491295,1,1
5.56492235817785,6.528988416963401,1.1033637073521485,0,0
7.313976387510995,6.611020932360274,1.9648960256035473,1,0
7.946200855981387,74.52837149139441,1.065796259937073,1,1
3.5899806143742024,6.483247988795898,0.9499712473998883,0,0
4.068988816200378,8.786162747294153,1.1974390511535744,0,0
7.522048838147424,77.9436590518311,1.1173829718495758,1,1
3.885557649332651,3.153378809209248,0.6706489592905049,0,0
5.485734413958193,5.41719308018782,1.2397375017471257,0,0
4.980159626098773,5.577290493038046,0.8271500575556643,0,0
6.832436936952761,1.998272437470256,1.1364581100264515,0,0
6.704356090215145,39.602567675872024,0.7588091873096334,0,1
3.3025454639566743,5.771914194671702,1.1145678700902615,0,0
8.0,72.76074693567053,1.114708892457903,1,1
2.022200251382348,5.565207182175557,1.4562724098332354,0,0
4.0107617357426655,9.132504636170154,1.1866756541620336,0,0
8.0,45.20537564412224,0.9813456017235381,1,1
3.342913361240378,1.3640044047477273,0.9373685387385644,0,0
7.490537586793374,65.5913124540806,1.0465577947477054,1,1
8.0,66.3493801736471,1.0804109300108509,1,1
6.594474221750013,57.46680670897938,1.037955704503911,1,1
4.752461836150665,0.5077378884314383,1.5802990463670163,0,0
7.481966530120204,64.50418660735478,1.1328080228664716,1,1
7.443794091309508,33.955178956511446,0.8768167341731558,1,1
7.099237209048295,45.40899462690282,0.9686944794696876,1,1
4.138354653447057,4.464063194455772,0.7417735185101406,0,0
6.849442172839731,52.54808885233076,0.9679908633307688,1,1
3.8886988231685407,2.61274939065824,1.24409337366312,0,0
8.0,45.15259533817412,1.133117026297089,1,1
5.547471084329299,5.980538251390146,0.8092458301659016,0,0
5.282453107379004,6.937561856938585,1.1264271791243985,1,0
1.8464311039132673,3.861349056731395,1.5965575176521392,0,0
5.423741943171201,3.6760098905748055,1.2384499003299334,0,0
7.038713662894844,64.02228838551254,0.9938330906413065,1,1
6.0957175537227695,5.557198579233982,0.8876438020122037,0,0
7.067893348171946,51.9874205192682,1.0642932138873333,1,1
7.402232961978041,35.9780538601252,0.7524881910721521,0,1
7.125162514371165,55.77137116826869,1.0193546367259843,1,1
4.353360296243977,6.855676382547573,1.306230838223758,0,0
7.780725766552472,33.400598322968264,0.9706072593798266,1,1
6.533133665986834,41.862770849986006,0.8689817247304686,1,1
7.602620873112676,61.197653976882904,0.9116717862985473,0,1
5.121005432489633,7.948983152667612,1.136930672796049,0,0
4.204198434265908,5.595570311231093,0.8878821895302077,0,0
1.5760580803153292,4.908388911694721,1.3125162784841056,0,0
6.853676054777058,6.536515705102133,1.4295984093942968,0,0
7.402306996805421,80.78361575141167,0.9626014314931923,1,1
1.8864816370804074,3.7479531724519726,1.2720407406222527,0,0
5.894253418595518,8.655959595535661,0.940554938525372,1,0
3.8431783071568284,8.465848659408987,0.827773930952274,0,0
4.490430277674571,5.784170341835669,1.174447736579879,0,0
1.5811289689855736,4.459522263456644,0.6302768637899668,0,0
7.397109991683825,52.8823560479001,0.974427268883096,1,1
3.9707017743242803,4.791563267277796,1.1738592716966378,0,0
7.420875819207786,31.65055750583641,0.9201449292634873,0,1
7.533242145404744,50.12742151155489,1.006203937524444,0,1
7.0353944958204995,8.183074407472546,0.6991482627989618,0,0
7.617154122095061,49.484461238350875,1.1851735413960212,0,1
7.970078536139856,44.70323805616431,1.1617309370233562,1,1
3.9842082512036483,4.753563360388759,1.354153719852396,0,0
7.895629986758657,55.77008697773526,0.9146213577483009,1,1
4.744827026390203,5.273376560213809,1.204008737138342,0,0
7.715471623098517,54.41736510744728,0.9104680133906554,0,1
3.4608917995288047,3.597314037470997,1.3777079244778612,0,0
4.052669452915801,3.7102506922640996,1.0758675656688077,0,0
6.793326226852333,52.34230512978065,1.0291439892144854,1,1
6.9589896362886146,33.647630530676196,1.1328749472480066,1,1
2.6885162616590055,4.902995461838347,0.6158319157363205,0,0
4.039126149527139,6.10767157438157,0.7951792234992534,0,0
4.652743682306351,5.912912406094769,1.4506954963258891,0,0
4.692634032041467,3.9607058817548983,0.6612414893145537,0,0
5.274176462238734,7.38929751025003,1.219273032094855,0,0
8.0,37.33476142833189,1.0310847642783636,1,1
6.123376165880451,4.628058512900693,1.161492991135489,0,0
2.2968158639232943,3.437859530028344,0.9927532042647286,0,0
3.6817683179552256,3.833662831086141,0.9726434582124177,0,0
4.543310492078001,2.8090871778798707,1.0926167506389828,0,0
7.449688518262345,26.179531207934946,1.0868670427718172,0,1
4.755742739138069,5.185565180620135,1.092754009738359,0,0
4.885836087443022,4.300973527126675,1.2483053419852732,0,0
7.001559932154214,42.65287925046113,1.0758925939543145,1,1
7.847736037508028,24.833191798550732,1.1685951152959704,1,1
1.5519453165882373,3.914958555172543,0.9359056599898214,0,0
2.363687812038962,2.960937413102269,0.9419010694293602,0,0
7.75194666493525,35.642451124054745,1.0300615605905998,1,1
5.1473099372447315,4.332275963361948,0.8778511130814853,0,0
8.0,57.59474565390957,0.8948428618589419,1,1
7.622485010954977,48.11534902250489,0.9675481289944229,1,1
6.914492638969421,32.78459633642103,1.0083758185025622,1,1
3.7753755094391064,6.750218326340816,1.1829832337286252,0,0
6.971306402744532,50.518854110661586,0.8936863212185043,1,1
2.758901545817934,5.6705157384975315,1.6196539973974755,0,0
3.62941060744219,4.608207329562412,1.3508262433377565,0,0
4.357034916523538,3.6456321629816526,0.8977744693715499,0,0
7.602736875361047,43.31418544083536,1.058365700343048,1,1
3.0998053473024445,3.2932354236665002,0.9767636515673055,0,0
7.468865019544801,62.532373610751186,0.8783038719471693,1,1
4.126291691737076,5.382278152998966,1.5901180150581142,0,0
7.867899879329977,13.583902664316895,0.9123647680556917,1,1
7.538770911366976,26.165397336346615,0.9778107898213131,1,1
5.114425115173299,2.904493135486952,0.6104157564040055,0,0
3.5357429005772834,3.34706812225597,1.1142896873586103,0,0
2.5485754703088386,4.6980017472702285,1.1561389185622721,0,0
7.647891245283402,53.02639186565103,0.8263293525728852,1,1
7.869969942932083,42.39995081713455,1.0181262594790879,0,1
1.5860162135203568,3.535384382528107,1.356398238319516,0,0
7.116133497272388,48.51589567708241,1.1020075326493985,1,1
4.931404216091932,4.328449884703118,0.7940835834804763,0,0
3.352720751141602,2.96331037541653,0.7857473268977644,0,0
7.314148287043331,41.48930828787229,0.8490001231296316,1,1
6.972714756807976,65.0090498946561,0.8853862088861595,0,1
3.231287315008843,6.811226048488345,1.131947708639309,0,0
7.385334244131552,43.4915779585362,0.928294188005052,1,1
8.0,52.04140110094663,0.9022204978661628,0,1
7.811726607606274,40.60852461763448,1.147311034838022,1,1
4.218665005718357,3.1129132581123136,1.0049183681811884,0,0
7.443835187157522,74.57562352030041,0.9955221891249764,1,1
6.747671047708735,42.46433581826595,1.0723979798677483,0,1
7.60179385085662,6.57484288621913,0.975114762498805,0,0
3.340639568372989,5.011846286951897,1.3428582446781245,0,0
7.783362711676892,73.25936646768031,0.9200317528483006,1,1
7.2478415456472325,41.96281633452135,1.0157551642372196,1,1
8.0,43.349876246000846,0.9347982404602914,1,1
7.023295836539046,49.252575043708454,1.0211147829999583,1,1
8.0,42.32214946054223,0.9322590359632439,1,1
4.8154480264417625,5.9027863307830835,0.663113454076047,0,0
0.8919242318481699,3.087389101356516,0.6627669528695233,0,0
5.292466164151415,7.302656834153446,1.051516411527116,0,0
8.0,41.39175727925103,0.9831215927484603,1,1
6.007641648991443,6.0462790138988165,0.9321089270947929,0,0
7.682567803063767,43.466250741784584,1.0743803625727233,1,1
7.561690526993051,68.3700726386142,1.1467881070947683,0,1
3.270602455816244,7.161507599468687,1.2760721691219923,0,0
4.310439455831637,6.248563012129046,1.0557973770936389,0,0
7.466973519694325,30.822850988596876,1.0696622098314723,0,1
3.3166278432440137,5.952950723420571,1.4925093657425361,0,0
7.420310074740045,47.75441556304388,1.0142455358004323,1,1
8.0,51.224248863536516,1.1252156552375256,1,1
8.0,56.10986561035641,0.8894552083519078,1,1
7.687003866077001,37.114691444702096,0.8891349476208084,0,1
4.556962621811203,7.2522732362916855,1.0255044929337729,0,0
4.578683686375491,8.104817901967165,1.4304579609320611,0,0
3.319825135263024,9.095803465563009,0.9878670460034892,0,0
2.6200715839476825,4.851463386532049,0.8606979267835397,0,0
6.556717390900958,3.339655462086242,0.7017283036940059,0,0
7.038819924220608,39.59178428292414,0.8859078617426736,1,1
5.143399173954389,4.952562083891396,0.8760313071402811,0,0
7.88426119064706,61.6389191623908,1.1272255721405438,1,1
5.35454457907691,3.9730420473869854,1.233535146287465,0,0
6.033994920345366,4.20004292102731,1.108931867405517,0,0
3.0231527223629433,3.652831077902271,1.1335716440501455,0,0
6.427989503079624,4.8123868690095675,1.0873079958992056,0,0
7.514316129369804,58.09057695234425,0.8602386513425274,1,1
7.4744995817699476,24.59582037447793,1.034858057124005,1,1
7.746681188758602,64.20604639942485,1.1725895843390188,1,1
7.146954820389258,57.275242623341306,0.8511351181639724,1,1
8.0,33.94751219400362,1.0437542122342958,1,1
2.3196132190077656,4.79011506813368,1.196760796029451,0,0
7.094007349733894,40.30312155526554,0.8923765909939135,1,1
4.239400819713146,7.571087206824936,1.0405270068832082,0,0
7.688862961355916,50.81996857021885,1.2528814354540574,0,1
7.0843690069615795,65.7713170143305,1.0027916308371978,1,1
1.8874025783416908,3.8818692109284703,0.9092960007981971,0,0
7.659647802886952,48.244314498348636,1.0854655761440746,0,1
7.363920595533456,65.13168446130247,0.9519787022347668,1,1
6.5967177477249805,38.80105760694328,1.0127732212548206,0,1
7.207813693644059,72.05506763380814,0.8159224869324606,1,1
7.135927209393461,49.44317418529227,0.983387074868255,1,1
6.444195716780455,7.256432873372786,1.5213690965280584,0,0
7.833898501561357,45.960764113699135,0.8846349728363982,1,1
6.4279432957494,39.410006925001085,1.0992301334411971,1,1
4.8421009837536655,2.295210768155336,1.337411399148899,0,0
1.1677336219464403,2.048261719822489,1.197999357750342,0,0
4.40016102549416,6.102888169061657,0.8541846615426014,0,0
7.359420519925853,44.08580222257404,0.9752127583420522,1,1
8.0,64.63404358638812,1.002527664501662,1,1
7.140385413979271,47.40581621053743,1.0736566013895534,1,1
7.309629820011404,70.66776935751949,0.969119047789293,1,1
4.122650492484054,3.271186266625749,1.2790910967032065,0,0
7.595823528762532,37.87401908875309,1.055418907473017,0,1
3.673036750176192,6.351494433440677,0.9367750053105752,0,0
7.379996823446488,58.42584710540407,0.9338936737996305,1,1
6.461498455597981,1.4212997745644804,0.9126307874675734,0,0
3.8364015771704283,5.231964398760408,1.7121684021923147,0,0
8.0,44.418307796786294,1.184355266530516,1,1
2.349762840364574,6.600825619952238,0.7472343510097252,1,0
4.656213979499599,6.33582934390583,1.1951675200437977,0,0
6.786936678271923,43.93527098162209,1.0095225976567692,0,1
7.099872001423187,3.3838636285124366,1.2107956281385444,0,0
7.176430890882447,67.4335706395762,1.0022815900557596,1,1
4.704618211426241,7.781241402830897,1.1988514284232337,0,0
7.549302569268154,49.654062777742666,1.0271116156399258,1,1
7.44854869043169,48.03769224943119,1.0121644230026459,1,1
5.556545091909335,1.7701724600398618,0.8817994801246204,1,0
4.321222389703199,3.2491066466000076,0.8446878501084172,0,0
7.033312101297904,67.62610161523884,1.1004822693055554,1,1
8.0,35.11038926355889,1.0309036389288846,1,1
3.5837410625560815,4.649207465542282,1.2420499505382545,0,0
7.307795623064707,58.01849779284273,0.9697345435745729,1,1
5.475587274301237,7.214096685371414,0.8598610705930646,0,0
4.090054296257352,6.694233359003923,1.0411528875123204,0,0
7.630752471239501,50.99335833419809,1.0465170306766856,1,1
4.238963053966662,3.4566511996082845,1.0655476515524536,0,0
5.959848200443959,4.7677067397578,1.0939869157339401,0,0
7.587459239365721,41.740705316314546,0.9359220298327279,1,1
8.0,74.96002687678491,0.9996103025042936,1,1
3.578325230485152,6.255923904379253,1.4162825366208305,0,0
6.71854420506698,54.83980991183957,1.1616794447231913,0,1
6.526349478738075,6.623231891927357,1.0804480990771808,1,0
7.975781379167823,22.226021574545783,1.0018449439848698,1,1
7.449037213655862,48.04109751400929,0.9752106569499474,1,1
2.6966547832052634,3.4263972610108495,1.1789343426899772,1,0
7.864234921136632,25.53084476066101,1.1238237397881303,1,1
8.0,64.68667956196428,0.962494149335255,1,1
2.6127817527487887,5.329450683942856,1.5081122766598156,1,0
4.92100956933751,5.306563014674885,0.9467943754502532,0,0
7.701098700993914,56.87242674575275,1.0407805657365556,1,1
4.350485348932286,2.8557870632622695,1.000971658764968,0,0
4.532488731877637,7.513741918701898,1.0995439559201245,0,0
7.126713287873146,43.6883027588938,1.089737203353504,1,1
8.0,41.475647270843446,0.9167730563287135,1,1
6.99332412442122,36.51405417346039,0.8003637037807158,1,1
4.552728987599172,5.712769662909344,0.7421975826941113,0,0
7.3886725229364485,7.1152452751201505,1.030243740452856,0,0
2.860254632575999,7.090594735178253,0.862533593873871,1,0
5.612816660378733,5.595871708761267,1.2327845435292353,0,0
4.803204291992968,0.0,1.3141288618188438,1,0
3.4380218950276302,4.691313099666589,0.8074197687573426,0,0
7.284075838458732,39.76415764571203,0.9660543459053704,1,1
7.3639826714108105,38.24371004447074,0.9547204270842508,1,1
7.224090903224059,32.3381115430454,1.0570237774048201,0,1
6.772410081592858,72.19583136356331,1.0103018581817786,1,1
7.032414927389569,52.968861625418626,1.1400278265398767,1,1
2.510297061071336,0.924391576784708,0.9721571585419239,0,0
7.686049048778762,59.372274913546406,1.0618986384732612,1,1
7.861545147908428,51.540152839043685,1.0446026509163784,1,1
3.4856280950263403,4.441463366079179,0.8472158493067283,0,0
7.203423799413091,47.20801651582955,0.9943212867692753,0,1
8.0,65.73470115211285,1.2818563277325312,1,1
7.1924475592276975,26.88890743903521,1.032204941060801,1,1
3.0716743922681116,5.3616868123254235,1.6519639503239434,0,0
0.0,3.5334733345597398,1.1779057475045,0,0
7.473216949425911,59.24586584174161,0.873382162754078,0,1
4.7816802084754,5.072775972505333,1.0318002120134728,0,0
7.323040311274308,46.17231064514834,0.9531260328457694,0,1
7.96086148564352,67.9202384928659,0.8957611965294088,1,1
6.8287735130432985,60.232268555475166,1.0366362808184981,1,1
3.2978474523204815,6.271433457017072,1.2124919239148266,0,0
4.672845609560442,4.34742952854868,1.1855626326596678,0,0
2.401575601551232,2.010844830745268,1.3656587118750287,0,0
4.205335127105385,3.0281253960650796,0.9469202529971086,0,0
2.3408097179585554,7.336171467881961,1.0008039891717104,1,0
4.8290117282710705,5.705035592518481,0.6688905330356102,0,0
4.318031934336667,2.732685668612168,0.9517294767385802,0,0
6.608404915044897,46.176586396229204,1.0601414910399374,1,1
8.0,27.469870751028214,1.1612626826841872,1,1
7.342478082725175,61.9476574159362,1.12720817720371,1,1
7.094154100689321,60.649817662391825,1.0144993617181575,1,1
1.371993522263927,4.146341037176301,1.1468653435909537,0,0
1.0630439436640593,6.773992914961734,1.3394588355109533,0,0
4.792930099858609,4.024402677808641,1.2985500316555822,0,0
8.0,78.13932600204919,1.0365011020102362,1,1
7.780612382792942,32.02845607752127,0.744412491332904,1,1
6.7772618744561415,67.78405122273517,0.809783460370072,1,1
5.940826885773074,7.852113687765643,1.2393613799581316,0,0
7.604170465409042,76.89469873207535,0.9013083259929573,0,1
6.415686905196395,3.364683971252335,0.8193002923401047,0,0
7.88435231132247,32.888824257301884,0.8730318682045249,1,1
7.492068795946824,48.74318389627681,1.0707646262249935,0,1
6.933149581560456,49.33548706387158,1.0250491797744894,1,1
4.13929979169159,8.75965390701105,0.5715160910963405,0,0
7.88622129048347,65.01932228740336,0.9667856806540084,1,1
3.3460458223453085,1.6918853401115306,0.9962476400994905,0,0
6.719243501871943,6.199294889216535,1.338127288178863,0,0
7.160341985498573,45.0236940930071,0.9854673201272882,1,1
2.4552063005921205,5.2903112046933956,0.5079716761895817,0,0
3.8845695321890767,2.0985785640528394,1.1828541889040356,1,0
7.764846081766426,31.681350479169183,1.0596032083156135,1,1
7.236450188983971,49.54954481310405,1.072928645874151,1,1
8.0,60.08115651075798,0.9292747879401536,1,1
5.249193559594235,4.053350845426108,1.2200321485208634,0,0
7.529781777958348,66.19816730506939,0.8771878678425103,1,1
7.56274598955493,33.78760992126977,0.9386576017151582,1,1
7.5850160437081575,44.34324656888481,1.0102420122010454,1,1
7.634667986865876,56.14294591050079,1.0286500933956133,1,1
7.409222333339589,65.29433213745138,1.0196454335861207,1,1
7.821940698189424,56.955855685193704,0.8523389389507319,1,1
7.827848953316851,60.03295325010761,1.0206585500329772,0,1
5.4283065072496335,4.98067703250347,1.33240484325244,0,0
7.9336793020701,56.82069942123281,0.9309840023561733,1,1
2.77887013521796,4.356001703369852,1.2946941134849126,0,0
7.83305014564852,63.18928294671947,1.0802752162979437,1,1
7.726450525222451,50.28051990588102,1.1010769451730313,1,1
7.243016884594377,23.96883793962716,0.9272786447322112,1,1
8.0,60.57616005524641,0.8676034734408116,0,1
8.0,51.77178209719798,0.9889002879785406,0,1
4.035832326806244,8.380771341368744,1.231457803106619,0,0
7.984747777462514,37.30296116745808,1.2193983919687146,0,1
5.240110383035612,5.222827999829104,0.8356297512649252,0,0
4.575571284640293,3.829719802018595,1.4991229375443074,0,0
7.757368666659805,47.48414660114118,0.9008803065918236,1,1
7.947243979964277,50.94310137546164,0.8770439088584577,1,1
3.835183124002102,3.72285144544408,0.9769816563857454,0,0
8.0,35.528519353446505,0.9418022143486574,1,1
7.1195739560549685,60.58810763005836,1.0702270731407553,1,1
8.0,43.68349555476534,1.0082625452275318,1,1
6.528024653584499,45.164576348971366,0.975039497819162,1,1
3.9519868861730365,4.708991453864171,1.451089990935595,0,0
6.753428704549711,49.97080780513474,1.211140407963809,1,1
3.9025477391516006,3.9144907530075623,1.4394593493357826,0,0
7.641246378094133,39.65684340795723,1.0481413836556637,1,1
7.1853133034243175,54.33167515418563,0.9917307173130682,1,1
7.360966255283359,29.91424999762048,0.887007638881556,1,1
2.1782248625212453,5.330533147536468,1.3902956620758684,0,0
7.740591021791518,44.88155705884018,1.261026164533298,0,1
3.8485673980623845,1.426935982843347,1.2410536833097183,0,0
1.2192976614393611,4.905275701337186,0.8065663810286525,0,0
3.6082528124375237,4.6017740186070695,1.3369750342142686,0,0
7.701464790915609,51.49159039883996,1.138269202469321,1,1
2.8572052188138617,6.251311623134606,1.0680792527517842,0,0
7.173921588180082,34.34407650295914,1.0095009282880785,1,1
2.455291658112749,3.8009007820605616,1.703433398454753,0,0
4.010380248461913,4.584210441686933,1.1270195215030927,0,0
6.362928851688955,5.502683962652179,1.056844238082409,0,0
7.609218387917817,68.28881323294013,1.017073738527702,0,1
3.658738561872881,8.318584534915527,0.884154298668409,0,0
6.658400246821882,7.900061892360885,0.9593451052124983,0,0
7.558782768764802,24.126418145721274,1.0085419608869408,1,1
7.411800567274487,67.39967717350524,1.0554803070409795,1,1
1.7814069144674138,2.374420883341276,1.4541458154926572,0,0
2.3285350670558445,5.538831942021475,0.8588223393300898,1,0
3.350772377896462,5.353152096507578,0.8062522584121312,0,0
6.933843142193732,55.24823748540659,0.923473543906251,1,1
7.7950973943177235,51.10550870862858,0.95074085924774,1,1
7.137223028973833,72.8892299320434,0.8747098172910288,1,1
4.165162424809765,3.5031010511091605,1.144855188463062,0,0
7.418211453121067,46.36272905531091,1.1161601122276168,1,1
7.571037536603161,51.9754897822293,1.0494704725701516,1,1
8.0,83.2616428345902,0.9065584440194412,1,1
2.436787611322967,8.314581320312817,0.9818688900344796,0,0
4.069904594858877,7.717577327393288,1.0417437239332703,0,0
6.061101803393048,1.4859284275874978,1.4568921533996533,0,0
7.334264610669543,6.064337723785412,0.9349362968975165,0,0
7.964402286993183,97.63195952910812,1.0509525619562436,1,1
7.315495719019163,78.82140371944068,0.9226167143451606,0,1
7.955689258379197,27.434017479220874,1.036195004884513,1,1
5.614730136963132,4.577715900527848,0.8283437396243811,0,0
1.9913190118904907,3.15763957799176,0.9848295599928062,0,0
7.594194852954691,56.25166937613949,0.9111735248587891,1,1
4.481887653355443,6.020299981866326,1.279423433993615,0,0
7.413637308865864,49.49209305547378,0.904630550008201,1,1
5.474839312617279,2.7876718141336867,1.2076787820313566,0,0
7.1018600483953245,60.58799960962696,1.1349533446035842,1,1
8.0,41.74566108488459,0.9558230305620063,1,1
5.017923013000046,5.19413825467491,0.7539683106476124,0,0
7.646186294401763,64.35110999320287,0.8054182909596154,1,1
3.6121588438252865,2.922485964997878,1.009236522250715,0,0
3.67126974958476,5.72981621343173,1.0151626511549872,0,0
3.765645880042813,6.770213967156391,1.453711215448353,0,0
6.379475878257562,3.652739674819828,0.9213879647224176,0,0
6.835266414106675,33.28379239657665,1.1961589788405667,1,1
1.4806945702938465,4.515135919045046,1.2388047108267972,0,0
7.445892881742427,18.177983924849183,1.0765466355555664,1,1
4.520976296075509,7.20392484772107,0.7191109851768132,0,0
0.8892172077662845,6.689114407794463,0.9945079567812429,0,0
7.074182043488017,40.20749279229169,1.046038904228625,1,1
6.6719783004261295,25.561267856394593,1.1246796245294033,1,1
2.5312603804982765,7.40233835467418,1.1489327345109903,0,0
7.582127036572394,54.69287929699437,0.9226487885343992,0,1
2.116442909792603,2.449042747527988,1.1340804352516467,0,0
2.2363801665125114,7.127046633295267,1.3126213419418158,0,0
7.494801810121264,58.340666238735714,0.9851718035500882,1,1
7.015725176716446,39.66308975376513,1.1185653435868343,1,1
7.83856756411815,32.43510301745681,1.0601577772761581,1,1
4.22220408195602,3.234648739192326,0.7862780184199321,0,0
6.488864558215166,5.1180637140009795,1.2648182616818244,0,0
6.722186209172638,52.59293805764392,1.0796855329995778,1,1
7.388612266239062,53.81825411255778,0.9838036250604836,1,1
2.24580806998025,4.787582090356436,1.5722954227180823,0,0
4.68608652393614,0.10775038952635896,1.194546665086459,0,0
4.6502435702600415,4.42918247270346,0.9586509191323336,0,0
4.888483860551103,4.710280182437462,1.017915845128716,0,0
7.641167547962974,44.43909298659443,1.0323085565055277,1,1
5.71672165449603,7.8331971394102275,1.0969729559967907,0,0
7.386772567798816,76.25404255072257,1.0198982566739077,1,1
7.931946100805597,51.36967913651662,0.8217516829892327,1,1
1.6158868033739342,4.223915169370354,1.2278933746252587,0,0
3.423814287970869,7.350996655741724,1.4569166565663303,0,0
3.7180260951617474,4.332741939303175,1.1674932247206544,0,0
7.146256739572639,41.85043481647629,1.022913361552165,1,1
2.1627522573107605,6.845010433284244,0.6451035641181929,0,0
7.068072913597097,59.8739613788693,1.0736183635505707,1,1
3.856216719782272,5.157846313464789,1.4660621991397822,0,0
2.5508730494157055,4.723295286067281,1.1819352245940493,0,0
7.085548353407188,19.86385666676233,0.8984224422663594,1,1
2.9493340225097704,2.1719811770100743,1.6634079411086078,1,0
8.0,73.11922625328248,0.8996369217729627,1,1
7.4301455685462825,81.37691858752507,1.01498886676236,1,1
5.875049358636785,4.642923442806356,0.6159636089173937,0,0
7.249118332043199,61.263877959277266,1.0015888200247272,0,1
8.0,58.38415811714325,1.109249825884984,0,1
2.718579599111263,7.627786117268702,1.279543525123798,0,0
7.612148881493187,78.90374796064269,0.7831457745157462,1,1
3.573087672486716,5.020878606223317,0.6708036309274833,0,0
7.840405227921428,55.9163985210682,1.047999340590785,0,1
3.838316159233563,5.33711216940464,1.3522789241330662,0,0
4.132598040150969,1.796061388881049,1.1929705724979875,0,0
7.285770774952202,37.029920321582686,0.9532317088287957,1,1
6.953494226193468,36.926787701476925,1.0906409776487842,1,1
7.372934858062595,42.07717605347091,0.9429214270272565,1,1
5.204488548364106,5.459945910233626,0.7907467519486777,0,0
7.540374811380095,55.59942042638374,0.9032657193871318,1,1
7.718150126314688,76.8585828447817,0.9743595180676069,1,1
4.545686490832404,3.5134162771899837,0.6075711110092656,0,0
6.83170060321421,32.471332877901546,0.9794179835284144,1,1
4.530892283334633,3.870034346295692,0.8867056870087309,0,0
7.440672377138336,64.67556413619234,0.9571683538771838,1,1
7.3868692715650415,76.34141653558274,1.036223178550557,1,1
7.558200596801786,71.34095869470244,0.9503832576577251,1,1
5.333548636673975,6.373509331754421,1.2027932109875081,0,0
2.6177436133249077,6.090271252769275,0.8517628237232626,0,0
7.176529165358711,47.93544882040021,1.0959531485974916,0,1
7.162450218499016,58.28915169362158,0.9993952884342479,1,1
7.785497101879653,39.20317467057089,0.866514801723898,1,1
7.095661929832898,65.42164902146158,1.131136479173215,1,1
4.420696399782148,5.188555165663104,1.3614920319277644,0,0
3.7657778704452607,8.757593725793495,1.5653367109067764,0,0
7.387370149993298,88.74263175234857,1.1340697205530206,1,1
8.0,6.968698086792243,0.5589439211932875,0,0
4.685676920672626,6.192797273079226,1.340643288631587,0,0
7.398382738374652,54.30274420579849,0.9457340968563478,1,1
7.461480189204529,54.20769887846917,0.8864978623978129,1,1
2.068480809051723,4.12797399872375,0.820108454285159,0,0
7.060488716334997,72.00825128299292,1.0006111223475216,0,1
2.514477305192626,6.437892387796735,0.996302741214953,0,0
6.563585381012764,52.15663176003481,0.8285456994985728,1,1
6.791135663214742,21.317587126254512,1.0189447928157556,0,1
3.0074383567042915,3.0935873347127334,0.9366310353353632,0,0
4.026570456273093,9.04110082339996,1.4607409652724959,0,0
8.0,64.97655905399314,0.9377251857050659,1,1
4.0854862730821235,7.831900162141088,1.6036442320446789,0,0
7.5414717817354795,39.97910003332622,1.0641895296503379,1,1
7.648465332582913,33.12841491297737,0.9932780945677108,1,1
7.402484196998845,57.470820136348834,0.9090480562564196,1,1
5.149705681280556,1.2937358271684447,1.13851469276057,0,0
7.784706336482315,41.80320755461373,0.8973698812362051,1,1
3.7053337563079083,2.730160756756268,1.411751343873708,0,0
3.626655180755786,2.517713941825095,1.3207861005208026,0,0
4.183537399030239,2.3541112809245,1.150123010265049,0,0
5.054908972737243,3.8199396917907658,1.5362351201056998,0,0
4.536050946770587,5.094337262274417,0.6052559612479731,0,0
2.845230010694603,6.13169470085948,0.7222574822189745,0,0
7.7815259282818,29.39699723436191,1.053593396464124,1,1
8.0,96.13191198221155,0.9892744268580977,1,1
6.845996206278474,52.67721051131452,0.8101220616537258,1,1
5.89225639966502,7.054140362163727,1.3483692762721933,0,0
2.8092253319745804,8.286327251420122,1.4688388887809292,0,0
3.705130858430235,5.250967332540628,1.0374295500673865,0,0
7.2106670569160904,52.804729193942265,0.8782377143680554,1,1
7.539090906700033,70.74916748029707,0.9045429005485686,1,1
8.0,35.84517430372055,0.8325135488989223,1,1
4.377913724622219,4.772413222462689,1.4604888747083542,0,0
8.0,49.92816746597999,0.8980705951135649,0,1
7.644909875181796,36.75086361440014,0.9982982820486443,1,1
4.440877476423416,4.572987801754044,1.165531262922989,0,0
7.688877395646307,57.15772725771872,1.04682913608569,1,1
7.256882723864697,72.95964307071313,1.0108657304929465,1,1
4.358903141671471,4.028576201938892,0.8997641622494313,0,0
4.462539122290435,6.723963584443237,0.9917590157206128,0,0
7.348792352430235,86.77073782534171,1.0948089918717094,1,1
8.0,72.17150672211045,0.8532515713141193,1,1
5.823696605959094,0.1714378525059539,1.3853141080238034,0,0
6.708476196557037,56.08151032037541,0.982810167716918,1,1
7.786697527234224,32.644214763702635,0.9306640153587291,1,1
4.434436712860039,5.032178216946923,1.8594614903521918,0,0
4.033457479195762,6.230299504659515,0.7710004388201662,0,0
6.737014671073631,48.812285402380745,0.9234002515176771,1,1
1.694676229860892,5.072006020700024,1.40127681189389,0,0
6.2520711268541405,4.947567776071416,0.9596927764827853,0,0
8.0,43.641520469391885,1.2035164148234523,1,1
7.454088511992256,42.998323017086406,0.9497666391713495,0,1
7.6418000138385995,59.841899006183965,1.1249323787159387,1,1
5.124775202772641,9.283985890954455,0.845355402590312,0,0
4.830210783822894,4.320715007697966,1.2176310583158387,0,0
3.7239457605637867,5.31196359049429,1.195333417458488,0,0
3.77881198279248,3.1603945561763336,1.292646392967393,0,0
7.1475323185630195,47.754647984450486,0.872143726481036,0,1
7.018263144519735,29.732634497778587,0.9312908929630491,1,1
7.184329828398583,27.626193567610713,1.1054921420985795,1,1
5.3295702504799545,1.2982685356422365,1.0411318030691092,1,0
7.303167632907982,58.43133502493636,1.0015521203438893,1,1
6.163553685433862,56.039391391094625,1.03206302733282,1,1
2.6299686376986493,5.748737316001132,1.273227190433193,0,0
7.1314656000566155,25.113771829234874,0.9317126732760755,1,1
6.982397402775318,60.6844357924193,0.9163538140689023,1,1
7.5260994935217544,41.839642228701365,0.9469014452694199,0,1
4.705111737956541,7.809930487815988,1.1031745078189588,0,0
7.415046293651048,57.554579637278465,0.9542061804749954,1,1
3.1891595885316812,3.380396711817353,0.9295881681511754,0,0
5.845661425901714,4.320486655503134,0.4321055348578283,0,0
3.152266886653062,2.0087071330913058,1.3359939491044492,0,0
6.4895296302057055,4.251337372179203,0.9701478986138814,0,0
6.800767218729999,40.25276563965364,0.9476449176202912,1,1
7.475627977686751,57.506722762188,1.1483031598137305,1,1
7.112429053332781,27.58409115021301,1.1440906534917143,1,1
3.1363553778966056,7.365364374079548,0.9630510269938873,0,0
5.553235411247876,7.7868074849035,0.7914297894223032,0,0
3.8378220645694388,5.31364257511072,1.1307127488770994,0,0
7.94012238243242,26.83063182397235,0.9420164598368256,1,1
3.529426066165437,5.359587308257013,1.4247783631192628,0,0
5.572488512076614,6.242467330233902,1.782960823490129,0,0
8.0,30.379290516665083,0.8954478790806589,1,1
7.5940447537508025,48.90985531232853,1.0923941705547802,1,1
7.97357090369632,74.38261338603898,1.025739656045933,0,1
2.50517502576817,8.183353297375795,1.068939442910629,0,0
6.235157529021977,41.11784174120012,0.8009443818237489,1,1
7.794924572712897,28.283261816713722,0.8736360269820012,1,1
3.619099356475115,1.8934676189700634,1.6030676002384263,0,0
7.437190847562085,44.160475927785704,0.9327648396724619,1,1
5.658012026918704,6.214514240602632,0.9044650654609587,0,0
7.197798413846061,38.19213450135577,1.0192252236884562,1,1
7.511293160542754,70.6218700956632,1.0286512905376262,0,1
2.6456600535319037,6.315724805710089,1.0646844578140324,0,0
7.753468608772582,60.821895669491106,0.928121752074682,1,1
8.0,28.21005309779615,0.9529720305037199,1,1
0.3108095753734972,8.219087159735704,0.8672015926445371,0,0
4.858309815831557,4.951322294815885,1.2159346914533191,1,0
5.285605823677493,4.382255027929484,0.9822371226745994,0,0
7.529452171496269,46.09229859260361,0.9447853593236107,1,1
8.0,46.26910724834824,1.1767493010357306,0,1
6.457380011948024,75.8852287948523,0.9398416149897698,1,1
7.843085408447749,53.01072789376727,0.9748516090990019,1,1
6.252072176570054,65.59404257758553,1.2080868162769076,1,1
8.0,66.80395940659795,0.9320886126059256,1,1
7.797684792367313,40.438422053175294,1.0634306674001122,0,1
4.484991215914608,4.81672894846404,0.9297456486690083,0,0
6.6067910049484,6.962365497483134,0.8284987401961289,0,0
7.346021975596524,52.20409058551619,1.198580101560516,1,1
7.791845321617315,37.688911639660894,1.069026883589287,0,1
2.6158458235873514,9.421739224368608,1.238570975246055,0,0
7.732185020106502,73.93919755140232,0.9830572277529014,1,1
6.088421608929501,49.81383976156763,0.967876473913992,0,1
7.376662961410162,54.60720070587391,0.9732605509058004,0,1
4.011977707660398,5.598631186101279,1.106247896102273,0,0
2.612829538996847,4.015381955899574,1.2795652248301856,0,0
5.432535901054363,4.409309622983824,1.0526620701566756,0,0
7.4094214221303885,66.09927130051199,1.0891733810117472,1,1
7.3732046122813335,66.65357250311037,1.1974354198080825,1,1
6.989321779359946,35.51521499575438,0.9576444237041197,0,1
6.384959247854314,9.664067977796163,0.7800274159007423,0,0
4.062948238038412,7.175751497622517,1.5790760711824152,0,0
7.485770868970641,26.8000055677275,0.9006048980252226,1,1
7.35914488265405,49.15595581265285,1.1437962525032563,1,1
4.1587516551708195,4.467285333540456,1.5493991212540132,0,0
7.103303389682601,64.12903470310012,0.7434093433344169,1,1
8.0,32.80666521527188,1.1768125193988608,1,1
7.264179290206075,0.5461441848189192,1.1977842615344425,0,0
2.6878067222461453,7.048428306319822,0.7740268477917605,0,0
4.347539404733189,4.456766882995925,0.9401040480733236,0,0
6.894768461117669,43.22537978006113,0.8842405276435755,1,1
3.314046993406815,0.5333322016244724,1.3630254521598588,0,0
7.27705945971343,44.202628082041386,0.9677504991106773,1,1
7.850598663651168,61.1487667125552,0.7310193289556258,1,1
2.7996999765746047,3.822352582271918,1.1634412021750509,0,0
3.647687338415646,3.8402748729425227,1.1273635720198565,0,0
3.3466751564431663,5.425691849879034,0.9227513243047855,0,0
5.1496282956636765,6.183181854096989,0.9559596348149239,0,0
3.469308155354053,6.677423729969665,0.8774784078155806,0,0
3.86348559447124,5.164547775730803,1.5168861948256576,0,0
0.29991118919300197,6.623811540355115,1.0028054828234483,0,0
7.455748662462925,26.291936203760457,0.9123008321673299,1,1
4.745883530561118,4.558691666032504,1.3762791552499214,0,0
4.4629671552010866,6.1932504692695085,0.927374462086462,0,0
7.8815774389538,17.781776742966834,1.014516526047751,1,1
7.293745058245645,71.87171013563251,0.9815079313569912,1,1
7.471372549307767,73.45070862095749,1.0096975332360811,1,1
5.756750232304111,6.28698121386777,1.4368577353153547,0,0
6.822332832091624,29.032291475824934,1.085047041045781,0,1
6.001536861475172,1.5399225717180989,0.8290768541045457,0,0
7.99114511577454,16.25008871885563,0.9258282025484647,1,1
7.6764353601334925,53.62467242018412,1.0275051732104508,1,1
3.9308041112808083,3.2599390626184555,1.1221883667233687,0,0
4.6697426658457255,3.667669836839457,0.7086704603796112,0,0
7.2099022860195845,38.30079977083561,0.888981635687689,1,1
5.191785377285827,6.935348300936898,0.9076205448485573,0,0
6.25750769454646,4.559441762241106,0.927956318375241,0,0
7.181528774126684,51.81746917078781,1.1383701591836128,1,1
6.336535806462129,4.308947601442146,0.9427075245495812,0,0
6.288977364267012,54.63547372956171,1.0817954868124153,0,1
6.387478134263766,6.849710176893632,1.1762488140225873,0,0
6.98193546386413,61.008859834164824,1.1259975223410468,0,1
6.09026487369329,4.980029335824303,0.824639882631419,0,0
2.566423698497216,2.145516351666277,1.4399262113502003,0,0
5.079391255766295,4.520564578801115,0.2277421334825932,0,0
7.058771725923647,45.89971162948903,0.9787588200655256,1,1
1.3080989713100784,6.024817408809383,2.0241318727151714,0,0
7.829825469784796,73.77090483730171,1.038841285524432,1,1
7.169951561034898,59.69757154993442,1.090761362021664,1,1
7.455323733058332,32.25117294568626,1.0410648538469385,1,1
3.6433681715261725,0.0,1.265586003579324,0,0
7.0525199508817815,57.10281931802704,1.031713279152107,1,1
2.7229611986752773,4.220468871861093,0.6884665161928749,0,0
7.460012679977828,52.98219932222185,0.9917404284727922,1,1
6.923667967554197,41.476535431313124,0.943386398612413,0,1
6.3876119457161025,52.51819075477242,0.9094143830722715,0,1
7.363201304701335,36.29304894044204,0.9943416718638507,1,1
7.845866965572739,5.66157392741333,1.008208654791873,0,0
8.0,51.242786476989146,1.1569259519848325,1,1
6.484585551277422,55.75735284069201,0.9096651370344406,1,1
4.597842303079705,8.308152606602702,0.5628007941169009,0,0
1.9339104434152117,6.118759664173936,0.7855154374772548,0,0
7.021903288442172,51.32177684789797,1.0907127522600515,1,1
7.242393886544466,71.31723175993359,0.9945914523777661,1,1
7.005345500858952,57.49234127783974,0.8560754763333123,1,1
6.974895832507653,73.04262410616073,1.1004284400000026,0,1
7.937290873131514,42.562347469073025,1.158561403184473,1,1
7.510380651509133,51.06508874440696,1.0174334929288191,1,1
4.06767495924988,5.273763076739117,0.857018725055549,0,0
8.0,31.497958086535025,1.0261473241253853,1,1
2.390958119283654,4.856187390054817,1.2039260039658208,0,0
7.448187695923625,51.357039842667696,0.8676893507637966,0,1
7.816589413559361,48.44097757652861,0.9164071434834994,1,1
1.1208023415811414,0.6258574725463637,0.6714760511757858,0,0
2.0363648149683478,4.8539150941497535,1.8131559566467392,0,0
3.770732990856964,4.0162560138224395,0.8705312245476127,0,0
3.4479186161908735,4.6475338875215,0.6655579014297845,0,0
2.6027067921623894,5.785774399589601,0.6750316701767685,0,0
4.230109681314474,5.16429228820704,0.7747645195040007,0,0
2.9017683222376163,5.728154478128436,1.0867116541044093,0,0
5.01173672516723,5.930574616699705,1.567066664026858,1,0
6.39776848885914,1.4858159528685952,0.7811051100154887,0,0
3.5657721813923287,6.337965604016358,1.3815301430452303,0,0
5.854371520012055,4.095556406187568,1.2131522052831694,0,0
6.5117114376126715,51.28320691120957,1.0441404102269114,1,1
7.974170531487066,31.303154007284974,1.1258995999929877,1,1
6.584022694063193,55.086952254569084,0.8975769938779445,1,1
6.576932277410984,1.9966480819526509,1.3353072199271163,0,0
3.547730117145384,5.4610056739546105,1.1479078171822292,0,0
7.0564886024661995,67.85575185801932,0.9451290679180315,1,1
5.659156588888164,7.7794545815941385,1.0735462024442486,0,0
7.579589617281264,45.7094665099519,0.9432049183813609,1,1
5.357373248287708,5.846528927395039,1.344293996344068,0,0
7.769912470193588,71.66360981765364,0.9764500261946067,1,1
4.78603311736682,3.079442360686838,0.29045821893569,0,0
7.404621356878444,44.030496177683,0.8371706695655949,0,1
6.041830333534292,4.322373146439388,0.9442517749251128,0,0
3.19523821558676,5.070518903459747,1.2631045542906394,0,0
7.127910933644576,49.7882244228562,0.9961585325177769,1,1
7.805636388133428,32.21780859679825,1.0945400848587736,0,1
3.1203095966709697,4.275909195250587,1.038618838795341,0,0
3.7954878492595165,7.558648483965813,0.9589072282872542,0,0
7.419235055588959,57.90850025620092,1.1854428388567615,1,1
7.6543763432317675,63.430084446888586,1.1244329633121712,1,1
3.565999027065741,7.543849790289061,0.7639202227734361,0,0
2.859817586040052,3.0912428011112008,0.9093379040579298,0,0
7.121011281147282,3.416844037183542,0.9816580741384379,0,0
6.505923904705332,5.661911524383845,1.1092010506404189,0,0
7.4959654271182865,65.05731114239185,1.0378632740743996,1,1
6.936542813685555,37.40418225825168,0.9537871418891752,1,1
2.502337227804692,5.066096002294117,1.4700673060608025,0,0
4.264145001796196,5.2128933783229225,0.5246520499684458,0,0
3.564795377036879,3.858771966389604,0.6234288790719369,0,0
4.348181501610419,3.8778566235604335,1.2524746970890546,0,0
7.404467149162563,49.731629857436246,0.9055870317510843,1,1
3.525868908033605,8.427520553277555,1.0333816600905001,0,0
5.157294371599098,6.033470397076789,0.4972398711677537,0,0
4.306932764152585,5.24028141055268,1.2936481700406608,0,0
7.233019262488644,48.70007284168152,1.1068166805719477,1,1
4.146934820560095,5.0479330846352335,1.0632816433477326,0,0
5.654071244490249,4.493642572934387,0.797640187279743,0,0
4.966256559130771,1.8867753199430872,1.15597819816646,0,0
7.362462219500079,53.35553644710673,1.0464837230292638,1,1
1.2784899123405724,6.70504315591425,1.6554054410062313,0,0
1.7657210591627006,6.029831579600413,0.730506999641956,0,0
8.0,49.35654967524175,0.8573587604083687,1,1
8.0,41.217786209610274,0.7880642365787364,1,1
7.775915413545498,61.7076078815886,1.2242837414053147,0,1
1.8295311832588337,2.7391492741206647,0.6111398794113629,0,0
7.350879099328067,59.05975114807902,1.1013831480425929,0,1
7.202373605120775,67.11184771277772,0.8169874726903933,1,1
8.0,39.60945317325112,1.0047909111763311,1,1
2.929680114789737,5.049638406032189,1.1363090072909143,0,0
7.500588094609533,40.574334721362554,1.0732592006592623,1,1
4.300124782466918,6.788825491025387,0.7305372077996628,0,0
4.205883405614197,2.551567243225548,1.115479120019817,0,0
7.000048203030778,57.98706123636166,1.098922202186246,1,1
4.242415460018196,7.001551359773003,1.0974268382169263,0,0
3.4830500931045405,7.325999825143471,1.4746815361144034,0,0
3.1726193364776467,5.935859602300189,1.3555761333675953,0,0
3.433839638629397,4.8941229065974925,1.3534819844556427,0,0
7.720373318105729,52.59417038528382,1.074388811372975,1,1
7.766945484461893,63.52745744578863,0.97803421878004,1,1
7.67733270953837,39.33803492811107,1.0984576394973662,1,1
3.837717622522601,8.719540079289848,1.0600814140310921,0,0
0.24846100353875222,1.9363785575452974,0.9956594408710486,0,0
2.8997209683627263,2.6223225664088954,1.6105677392518716,0,0
4.7066855190393655,8.418232384429006,1.3049554548066014,0,0
6.86324696641741,39.357907479693864,0.9880319710221562,0,1
3.666541958879142,5.807990390809001,1.1533799220627472,0,0
7.811571958471974,50.19963102224618,1.2087766226933951,1,1
2.4014044312342833,5.609718576546959,0.9369612394899809,0,0
1.9934993711328919,3.33020386618505,1.429593739437756,0,0
4.134470838895088,5.772636411001548,0.971196706854706,0,0
2.895839463793496,0.33486452637740793,0.9253381439511871,0,0
4.511371484417804,7.502186475552542,1.2488960395956692,0,0
3.703943945273001,2.8675580947190342,1.2513252124376786,0,0
5.859180080210294,7.59127340298332,1.3017151081497214,1,0
7.442102793476528,30.8342078639238,0.981539351867581,1,1
7.0494681248842825,57.182996851497194,1.2311983418807824,1,1
4.327873808044133,4.673378286900298,0.7150303258994886,0,0
3.210150498572347,4.189519315605178,1.3533128580745013,0,0
7.505234036128583,43.716989886017224,0.9697160459504859,1,1
3.615697348162896,7.035827939414751,1.260186093325552,0,0
7.712491012459457,68.4919751705315,0.9613311235868273,1,1
4.790988886816756,5.939299108427486,1.27523893690831,0,0
3.0044113271770136,5.517864994403318,0.6810972057388593,0,0
7.357267044810738,53.26703194994906,1.1393286603509898,1,1
0.0,4.920496180247987,0.5798954827801928,0,0
7.2967644375209115,32.01785684574598,0.905967879782788,1,1
0.5424777400649239,5.94984105412925,1.3552154122399171,0,0
5.1344743504378965,9.125138856030656,0.7766491907060739,0,0
8.0,42.414012489206,1.1537682308400035,1,1
6.620496966775712,34.92841452850091,1.0588907897298743,1,1
7.4402116463976515,46.69259022389036,1.124441722594049,0,1
7.3683756200828965,3.7540242431896402,1.3407927481814725,0,0
4.254046628388771,9.262051537398879,1.3033000923235396,0,0
7.810389925814134,42.01112579678094,1.095645882784514,1,1
6.9172731153881095,59.631309270800145,1.1716160957813297,0,1
7.460353035060248,50.58152560470734,1.0776570528645286,0,1
5.420898177351938,3.0767880193247743,0.4637494110092938,0,0
7.0581250492948175,40.254325066784645,0.7832184390565433,1,1
7.692648259618665,45.48711025402361,0.9468194975731279,1,1
3.0468434486290272,3.5737575230022345,0.7728405636431663,0,0
7.154653889473584,42.772753443679115,0.9614350875789713,1,1
2.55672032745526,0.9402278970865989,1.4837652834375277,0,0
5.933709297081105,7.806165985185924,0.949828398450593,1,0
7.9534839718797725,55.72065754628614,0.9123565731844474,0,1
5.125277552911449,5.186158794406011,0.9320532205638898,0,0
4.914303727159802,5.955107264213142,0.886881741749087,0,0
7.559855755176415,42.30962810374257,0.8732304361559808,1,1
7.66186384219799,35.09861695028145,1.0482781273274777,1,1
3.4478526693871214,0.9695391975871184,1.2778127131456944,0,0
4.807097775177486,4.857253736357645,0.6830052688063213,0,0
6.305995845300348,9.310518929588394,0.6786128910230307,0,0
7.708903078417177,44.979650167629885,1.0715825712350229,1,1
6.852401293386931,43.990673459813415,1.0183444357800142,1,1
2.0030155807427743,4.275652407260871,0.9968425820521206,0,0
3.5620304282356687,5.588406282032386,1.4076883193624492,0,0
4.936685477646352,4.86044302523062,1.1100114724189298,0,0
7.459927743415351,59.985013913164146,1.062493778033062,1,1
1.7081402562349384,2.710880428520871,1.1565955983532898,0,0
2.842942483489299,5.76783111740423,0.9291513637549093,0,0
4.940894583713278,4.80356442846725,1.3649521744343713,0,0
7.235307108872742,38.09810443902473,0.989528325169399,0,1
7.5466322036191436,75.42345929386468,1.0784374530224554,1,1
7.5196650800279565,53.17497729164159,1.0459489970877738,1,1
8.0,44.466702706156426,1.0351536406552917,0,1
7.759998358939899,49.158717007095376,0.9151934833669918,0,1
4.912742416278074,6.465237374687808,0.9713697951771418,0,0
6.7112967377014465,57.99636324256946,1.0519330324416467,1,1
7.138579740473453,6.961197136216828,1.2476867985906848,0,0
7.331815008137206,34.91547687745241,1.1560623621647583,0,1
4.651716671592164,3.655266610487857,1.0125062434350212,0,0
7.106058653367945,64.86229395910627,1.1810883470539855,1,1
7.932044267171706,20.662684456542454,0.8820866751806755,1,1
6.8233655083759555,4.520201029742037,0.44449407920086403,0,0
7.0100695264348385,42.24661261540255,0.9259579556334091,0,1
4.387336559550717,5.153876679689898,1.486871552262763,1,0
2.609659510453307,4.276550083109579,0.8516660366127697,0,0
3.063344235271905,1.7894216303941168,1.6438424040388213,0,0
4.600499743329006,2.156630132657097,0.7487948335729311,0,0
7.243061252558403,45.88038843677634,0.9195767142570187,1,1
6.106561534686886,3.6183945652601657,1.4462350566689879,0,0
3.818895126932822,2.6334597206184758,0.8775424621717163,1,0
7.729510563068702,45.99896022567831,1.0167310536509306,1,1
3.101743037992112,6.482615257931902,0.5510198619048994,0,0
7.043147546401264,64.97381065494908,1.1066325041087777,1,1
6.809587714064926,21.734151833382864,1.121368907447782,1,1
4.8402936960463485,6.618825961176819,1.1216426903429382,0,0
3.6792919563826585,1.9891805490174406,0.919465474344352,0,0
7.318240391191148,44.25825823648417,1.0721423240485923,0,1
7.09969711880793,50.53498696614981,0.9869813202320771,0,1
3.5539849526659664,6.881396693757597,0.7279912557467441,1,0
7.727682554813973,29.55074480409092,0.9539670652175694,0,1
2.215451215038996,3.409813758178565,1.3000408171506221,0,0
5.0290327920996525,3.8134238620614704,1.0957245023173228,0,0
6.919200690355132,51.576172807682624,0.9180878776707354,1,1
7.672811958718237,46.52486237134623,1.0161031794025692,1,1
2.9116081811820065,3.6872817221851815,0.9121803111696639,0,0
5.119199751260451,4.903660467557795,0.5495728629432887,0,0
4.796280750961736,5.9851968853066415,1.2008224118792024,0,0
7.501355274805609,46.85333265017206,0.8176156688772096,1,1
3.4329678638444663,5.326086720325732,1.0641701822805756,0,0
5.212476878985622,0.0,0.7229134171094405,0,0
2.6993615086983884,5.066242326483156,0.975778424988662,0,0
7.663029236272582,57.243051770968385,0.9664077359120098,1,1
7.91486556211298,52.71736308317793,0.9602609408965503,1,1
7.7671252120571745,30.116395087145747,0.9466051176609646,1,1
3.0847500696383046,5.460409438138616,1.1109091696021398,0,0
2.135568358232081,6.103049910826949,0.6348277106746627,0,0
7.1751584128557395,62.19510005346649,1.0799877130485416,1,1
7.262315037669543,44.52156083463528,0.969472051257767,1,1
8.0,30.376617792832533,0.9577931975677848,1,1
7.340473451238126,44.13566932774238,0.9836085321022631,1,1
7.231952878060188,4.4627465572848,1.4055287923191608,0,0
3.4046648599116383,5.137383624884879,0.8831284360306668,0,0
3.742572464786191,3.6316203675862755,1.49300453070726,0,0
8.0,57.246693072633576,0.9988477661512483,1,1
7.914604103706043,37.107218506809176,1.02113045184285,1,1
1.2651841042173526,5.743853597763744,0.8890788151956811,0,0
8.0,43.24807652341396,0.9937029959801622,1,1
7.417810360178924,65.81034713460295,0.9902787216245689,1,1
4.116974105761334,6.0313185991983715,1.0153777621939424,0,0
5.40676061075131,6.608469702818583,0.4465535477947482,0,0
2.66515723383616,8.513598171621183,0.9139013329617031,0,0
4.250235385025942,3.9348017718059745,1.04403728921007,0,0
7.769102394434637,70.11323516345607,0.8960632156552734,1,1
3.5310314308741377,5.0490287642036344,1.2993129272246762,0,0
7.898183512686466,59.02906030929522,1.0304269867267235,1,1
1.3516743916672218,2.9692932287457965,1.0881727864938058,0,0
7.6163250817277,32.57294642148648,1.1344257367892228,1,1
6.854534437453546,40.23458393323557,0.9954001915281325,1,1
3.5168989319023654,5.307239212669567,1.3204014601164398,0,0
8.0,60.79319563793167,1.0017047490422457,1,1
6.5101967669951595,4.527082547972876,1.473540891835681,0,0
7.508353080102712,57.0350098711244,1.1335881764474425,1,1
5.256446881372223,3.697518740250241,1.4610548813277444,0,0
5.0077132028413756,5.205919980976897,1.3636615359748163,0,0
4.076149454352637,8.344604366252973,1.068364204556536,0,0
2.7299247620505778,6.723030670267448,1.3715895786897545,0,0
3.5860357487023817,3.839459646849975,0.9748620058695254,0,0
7.878799162863561,64.18005594764828,1.2092144420065387,1,1
2.562323857588991,3.9469423431473514,1.4198805640443248,0,0
7.309437104706271,42.97261376187267,0.8939039626258231,1,1
7.1696590242453775,19.107142430670322,0.8217391642452143,1,1
6.968147696227324,49.000385903835,0.9909348094074868,1,1
3.4909087331115933,5.3266805087339435,0.8435343951865908,0,0
5.728691917736294,7.242597551892289,1.49723572882304,0,0
7.628204620232658,59.585592898294664,1.048528426378569,1,1
3.8567975328386233,3.3107562139587268,1.6007192059522541,0,0
8.0,44.24749231113043,0.8582718820662019,1,1
1.3132597563377466,5.790700872381471,1.5376617102281334,0,0
7.613645983460423,58.086253381667305,1.0675523168831755,1,1
7.855601811885563,51.675125346799234,1.0852636405989178,1,1
3.2402963712840265,2.93962713857876,1.062862837114589,0,0
8.0,60.26678525507201,1.0040946351198503,1,1
6.425472181898781,8.418225939273537,1.3315014089725945,1,0
8.0,34.218992767953665,0.8943830036106442,1,1
4.297686214094551,5.442869313779471,0.9024091642922994,0,0
3.693365803803143,5.843518547361338,1.1501006595085757,0,0
6.719840369017127,61.75965030545609,0.931367236792454,0,1
4.049860071432074,4.51936503935757,1.4480120858979575,0,0
6.758192279255809,4.967586130336425,0.9642955365636221,0,0
2.404373263796665,6.30023571607198,1.6177580260549707,0,0
7.275212434596221,32.1461940058721,1.1064789461789777,1,1
3.540392417237667,0.8275545025722906,1.1096792293765432,0,0
7.739558251967098,67.33245540919913,1.050264667139434,1,1
4.128456233792706,2.534467992945091,1.5475554992439302,0,0
7.146047323930183,55.53666619829033,0.8774243094763012,1,1
8.0,44.65298784082098,1.0196982151314296,1,1
3.3433536783896565,2.5509492215710288,1.2277218552413487,1,0
5.622741760441987,1.6695160556035638,1.4276536122679038,0,0
6.911748197638812,57.471905597375084,1.0810030267177875,1,1
7.92013818466571,73.12212781918451,0.9112283020073918,0,1
7.188926968858328,50.825357788878,0.83384777993913,0,1
7.409354987689474,10.087058016737231,1.1301436813018932,1,1
7.826814283445609,14.644984343067513,1.016171269246899,1,1
4.0765919490605835,3.3999591321558627,1.4858610480784689,0,0
7.8489301187014195,53.98607566837894,1.0479769413382718,1,1
6.738987998204539,50.2280739247341,0.9747519127806881,1,1
7.318113437400568,48.95186588981111,1.0440529310956619,1,1
6.490706480109468,27.37845596251611,0.9009150077707451,1,1
5.164811518336579,3.003709098292341,1.3728072801441267,0,0
2.855027119948237,9.048089040892789,1.0627404050677198,0,0
3.0196964353325204,6.069291966029401,0.9539181977162654,0,0
3.270669730496552,4.976498366082169,0.9832358059578311,0,0
2.5555655651568587,4.29970033235345,0.5577480323249371,1,0
7.25536183421175,49.919579441922785,1.0284862562458958,1,1
7.7001693433459595,37.20938841648859,1.0592621479084372,1,1
2.519760692931779,0.2876102102356173,1.2360879494007013,0,0
2.394483044978266,9.177221392421243,0.7842773080065029,0,0
2.7840253572077995,6.325825118270982,1.2713547698139895,0,0
7.568668601886449,33.550871580889364,0.9939917736579452,0,1
5.683277449033072,4.900819533697841,0.8737342618365318,0,0
3.973685377552052,4.790253573516815,0.7337866333755534,0,0
7.177328213846776,21.260538256211294,0.931528965635602,1,1
7.7232383020595154,50.229562225039494,1.165756341417054,1,1
8.0,64.1789175007705,1.1589459268551199,1,1
6.8552247043668295,44.081259779910866,1.02426712241296,0,1
3.5678774686218615,8.657515205541205,1.4357916071492782,0,0
7.567843321745021,72.36582374679028,0.9613778499054396,1,1
7.899072651878089,53.44288459483624,1.1793266669209705,1,1
4.514685230378906,5.618257653675546,0.5832936121816641,0,0
7.795342515340141,92.42815782138265,1.0278320015026272,0,1
3.1936443425076027,4.271553209592856,1.3492829735298737,0,0
3.906235265175725,2.7264616820390755,0.9985122552374576,0,0
6.905141097675129,7.051285258979525,0.6601925190127711,0,0
8.0,53.59514850997487,0.8784389324021933,0,1
1.7579643974734784,4.290728504801043,0.8261684818567439,1,0
5.026918529208597,3.447871358162368,1.301008372515793,0,0
3.4557781906896654,6.436701043797019,0.7248294676566888,0,0
7.280534426013378,66.65329987764679,1.0655394704335306,1,1
7.689802907750647,40.008949024516006,0.9676959414077285,1,1
6.459354430342547,33.5329716828234,1.0206828623232638,0,1
5.192722806477892,5.010648213264773,0.8774034578428681,0,0
7.568589312507388,28.2926062881082,0.9578803148604332,1,1
3.1310987041569773,5.838350950907998,1.1261369071124434,0,0
4.230795977625375,4.75824977551303,1.2522227053837693,0,0
5.588337696410001,6.95506169928611,0.9101352866943864,0,0
4.426578224592964,6.9164806328384145,1.6770675457008946,0,0
7.6168070869139415,58.72010317324806,1.0126398086776205,1,1
5.391608829556279,1.5733594552807992,1.2378482522698346,0,0
1.0897474826585003,5.196724781407279,0.9755475542977372,0,0
6.620708248754742,1.126963338009439,0.875383958343729,1,1
4.1769366172390106,5.057640041113095,1.2006140995857528,0,0
2.9538260615042162,6.500278336866632,0.5760813225949356,0,0
8.0,32.35498943328288,0.9111281328161029,1,1
1.0073997730129318,6.439125751934361,0.39474804131807584,0,0
7.440726389901353,28.802897519330642,1.0507209778513646,1,1
7.684785166463139,64.45130175067118,1.0106805790795625,1,1
4.160170652759943,5.892986754505065,1.6401024171813565,0,0
4.739033640511741,5.41412176268623,1.0309544603610323,0,0
3.2572928244602877,4.405359844878701,1.1271671422646699,0,0
2.7893491711382055,0.6035555178384175,1.1985678831547568,0,0
6.781022022357863,57.88295187657133,0.9320045913002942,1,1
7.193583596933721,47.46470686061748,1.1576696986060486,1,1
5.745856162209455,4.432661699268621,1.441381761217218,0,0
7.378068993525045,55.13167238315781,1.0889537940202847,1,1
2.815249478631194,6.2488548669443915,0.6182062910895542,1,0
7.099783571525496,50.574950341180745,1.0486073934150133,1,1
7.7316697095054945,56.62846285764036,1.1801464358736355,0,1
4.414311756810729,6.558890231938923,0.6151981437072847,0,0
8.0,37.6407536442549,0.8578710641253475,1,1
4.137776274636818,3.8479557964836806,0.5132044345580095,0,0
5.155850785325536,4.932879668903498,1.1873768724081102,0,0
2.117875424558005,5.936204161827079,0.8807091903028856,0,0
6.931844832265264,2.57108831912767,1.3580515533733168,0,0
2.3547746677003754,2.705406095643605,1.44929523970234,0,0
5.031148957192855,6.021389591525872,1.600785252762498,0,0
6.624882495848661,61.94043994648774,1.042163733588767,1,1
0.4490768607494182,1.3854500931235436,1.0901326859657132,0,0
1.3406921871106308,3.338418150834924,1.0551156735833007,0,0
7.517074545225291,49.78862960477281,0.8884999706706822,1,1
7.552285723182892,80.11656958146209,0.7990417559291701,1,1
8.0,60.954737611233845,1.088608776962696,1,1
3.2929094187896597,4.230712275323059,1.1234807285797073,0,0
6.774569468400969,69.23539085223557,0.9429947716769378,0,1
7.836835275406719,52.21430920835482,1.0326435383770218,0,1
7.186884487241671,52.550084616985615,1.0325955410914505,1,1
7.764665931990409,46.316146299269334,0.9725417843245835,0,1
4.549671347831193,2.4740836197838387,1.0162107924336106,0,0
5.4804094589945676,7.713247633871211,1.2604534092446626,0,0
7.800965481287654,31.556439695718925,1.1053013014576136,1,1
7.732881654545332,52.17746107759514,0.9541621965382251,0,1
7.895100076935224,50.87048065858051,0.9342606637194942,1,1
7.151971021085269,60.87212569446434,1.0936496026074576,1,1
7.165520886725304,75.07005778408697,1.1793131267986456,1,1
7.507767620263712,43.15532723380067,0.9629172739854107,1,1
4.811542912589193,4.263232853625581,0.38119305226430356,0,0
4.037690281045891,4.0934351419871735,0.8118578713270512,0,0
3.4931947794317337,6.817408652567686,1.1939859608704007,0,0
6.967705434636727,5.190948034376655,0.5967479069383499,0,0
6.87380409569053,35.216196875938714,0.9646815952912206,0,1
4.878241505410347,2.9561673936398307,0.6612530382132704,0,0
8.0,55.586053283143016,1.1085389391195015,0,1
7.645292410904002,51.83582252137538,0.9921842020258987,1,1
8.0,78.12169835030025,1.2937797144020418,1,1
7.137905302322085,37.872135308602736,0.9795847853613073,1,1
6.486752702586768,52.96021884528451,0.9130212059339933,1,1
2.436550379527013,5.850744052179223,1.2334211315948977,0,0
7.801614041077438,48.51474857322114,1.0474124081393938,0,1
6.938352942954826,48.20703358822984,1.0792617552882866,1,1
7.903118544501602,55.978911354741335,1.0508312080886,1,1
3.9344285015832012,9.122335506673613,1.0524061442953916,0,0
3.9144585286159113,9.185201816790517,1.0728084847795343,0,0
7.290612068906278,59.144332828783796,1.1022683417758672,0,1
2.1166266650414154,3.7303908018008993,1.512915608479037,0,0
3.8564340933569827,7.316276273284382,1.1809426415343558,0,0
0.7130135324792022,5.999179035395552,0.7954375565233047,0,0
3.7919913887544565,0.3555432025932559,1.3945707721135048,0,0
7.402736765826466,35.71673158896811,1.0250214759894425,1,1
8.0,47.14419986659001,1.05740846235196,0,1
2.830704862618246,6.573948873266634,1.4397474148380336,0,0
7.580729851808504,45.76033246384109,0.8532452447950959,1,1
4.517873422050191,4.845944059117419,1.3107129471644585,0,0
2.2490177710879173,2.9179585266896333,1.3114603327164764,0,0
5.9452666590739,0.9511690771352859,1.159453749672241,0,0
7.623475132245589,66.47727388080801,1.0931366937784823,1,1
0.9551525654657964,2.707429241787391,0.805160919577989,0,0
3.991525882351206,4.082414816784182,1.4062793434880272,0,0
6.0014375692741355,6.525856557576163,1.3111513429975066,0,0
8.0,33.04664451983369,0.7784287034803992,0,1
4.441108914969394,5.5004731739880075,0.5176023705976356,1,0
5.420268506521037,4.622990430944318,0.989540950890609,0,0
8.0,53.74173400009153,0.8635397541339779,1,1
8.0,53.69754351154245,0.9393230788980189,1,1
7.740382837843633,47.77477103488999,0.8300571941766959,1,1
7.567085953283246,34.313243968764496,1.1343725303239642,1,1
7.440884326855588,39.5982233734606,0.9181245683116431,1,1
6.774176122358828,40.64097737818434,0.9621091679147113,1,1
7.9121695372994605,58.079404392380724,1.133729486154428,1,1
8.0,48.13649348764705,1.1301828377197882,0,1
7.494853371837421,42.38667475912021,0.8349620374616515,1,1
7.620691187833201,44.36405511323933,0.9783821516687139,0,1
6.840433037827908,43.68808578302614,0.9458728536997899,1,1
7.8577191465117515,65.5087336106691,1.12613933949869,1,1
7.693055128087233,55.66106850736252,0.9798842679399584,1,1
3.553201593721058,4.125034909104342,1.1031754783066545,0,0
1.656168780109026,5.016575380607835,1.118888464328245,0,0
6.671435841321536,49.97037639492089,1.0438578668897085,0,1
6.997977682064704,51.554239267574644,0.9996266807686687,1,1
7.198859183344407,62.264677069795496,0.8917093276098067,0,1
2.7149450238876867,6.5075353873078745,0.5438460035906489,0,0
8.0,43.50955842203864,1.0045566085754618,1,1
7.406655461605791,43.051417612258106,0.8777775493464701,1,1
3.5661783863087613,3.499027733747757,1.7678735747158099,0,0
6.983027999584172,43.532016725664285,0.9371396983562248,1,1
6.901493377971602,50.06985616874021,0.9823892942697285,1,1
3.2303755018731843,5.577563028983955,1.1649749187959042,0,0
7.569013370051978,23.51556609939777,1.2126714147274282,1,1
3.7628503406173275,7.50636875965453,0.8114031485517152,0,0
7.697373877583829,66.61739968380506,1.0896913598678477,1,1
3.4214418172344163,6.02936546159153,1.834071661005681,0,0
2.7120154861872985,1.7086393240527746,1.2174769095554365,0,0
7.453027014749614,52.62908985737453,0.9075242641169305,1,1
7.12871426201343,43.045221943117895,0.8011803780817871,1,1
4.825084528646167,3.147637813667786,1.6421643364210048,0,0
7.102842433659661,72.26047731952154,1.1046189943755071,1,1
7.580423255288119,46.96897349782525,0.9107543748953171,1,1
7.122313404284052,47.08617997783065,1.193782870673713,0,1
5.348496157567996,4.401145035773874,1.0454469388372525,0,0
4.410573006897224,5.141405992979586,1.3503438955078104,0,0
7.392624546385216,79.78327667285632,0.9168539999694878,1,1
7.843741763901536,74.41482773992408,0.9358949108800098,1,1
2.6402967820849192,2.431823648640415,1.101293699380446,0,0
2.400816736979067,4.627540011721135,1.0519621646857928,0,0
3.4669959913076256,4.572573988366082,0.9772694030270703,0,0
3.7054464537720784,6.602453450196961,0.83338095197274,0,0
3.6536739803744305,7.41159937097115,1.0191254398438845,0,0
7.908381501244394,49.05123978804488,0.7456625201004288,1,1
8.0,77.6377268210815,0.944718173589447,1,1
6.701163297981754,55.013995942881415,1.0726188965803296,1,1
6.7712921741914265,74.74952462524249,0.906836530521179,1,1
7.026929826609009,64.05731029886289,0.9002781439769847,1,1
3.3444158709889313,6.824955180300474,1.0256329512292555,0,0
2.0858866833389267,5.455107172150887,1.2532533675873416,0,0
2.6392988525981735,6.2608827176157265,1.358979467776352,0,0
6.6107449684769755,60.66125712173393,1.1363556478803096,1,1
5.485222198737861,5.700658160508487,1.3028760637722467,0,0
6.588901009591427,26.249180784140624,0.9494330860620444,1,1
6.882869595682412,53.433141056431154,0.8200673818974156,1,1
7.56219936417029,35.15034641277507,1.152084471132244,1,1
8.0,43.64177250866232,0.7031413752157836,1,1
0.44169069852347986,2.711507505575913,1.1595054203566546,0,0
7.020232215460666,35.814829021593624,0.9541747172388144,0,1
2.515284677292214,0.9430599709165834,0.6770071273198031,0,0
3.3255978624654396,3.8146278613351514,0.6246530539966724,0,0
5.4961813446444685,5.521026503340015,0.4033147966548566,1,0
8.0,42.43698825775759,0.8882457150389769,0,1
7.802181168260099,65.39761261576484,1.1688617273123407,0,1
8.0,53.66022318316016,1.1005618285992453,1,1
7.585031294671804,51.97572840641781,0.9807303752346087,1,1
5.386728899147061,4.1162054460745034,0.9806935982042715,0,0
7.813686121092248,47.954345435216155,1.089658925485884,1,1
7.489124089095562,84.61582659737486,0.8825179056604808,1,1
7.216496189918848,48.32424825218862,0.9696391175705767,1,1
8.0,47.700224898530465,0.9652297328928782,1,1
6.982696275438229,46.05306379492532,1.0252150905933428,1,1
6.5220985559499205,47.936121917141165,0.922757072886145,1,1
6.5523183867207395,36.17665534276004,1.0361485368454517,1,1
7.193043629907624,34.34987682399902,0.9702236542527275,1,1
7.079182817749049,61.95432577703481,1.1995593009993262,1,1
7.4829900986336275,55.54696970827349,1.074326269205494,1,1
7.929576618379578,38.38640004111178,0.951032143928511,1,1
7.09393204385009,28.097767519435347,1.00961227558936,1,1
3.970607328683281,6.294663781561827,1.5555473926613463,0,0
7.469618775152166,38.88281231892762,0.9320095386344899,1,1
7.915086701324454,49.07982984162565,0.9452276655928755,1,1
7.211592522740546,16.53027707164739,1.0350814054128972,1,1
1.1602566836431083,6.008897289208809,1.0333188673385356,0,0
3.805512535331813,5.5995556583729975,1.4141493844359547,0,0
4.585621196643864,7.0164864181951945,1.249661859333296,0,0
