entropy,write_freq,file_size_change,extension_change,is_ransomware
2.7630456435490505,7.619475167084465,0.9795218263441059,0,0
7.589358084559716,60.86489878910416,1.0599573412725158,1,1
6.922564088794047,31.949067523434202,1.124210058544143,1,1
3.6885844883236736,7.308694700839829,0.8695698691005378,0,0
1.4589406667242684,4.105515589624563,0.8597897472279934,0,0
7.8180436877259165,66.1961416510155,1.0452463465130575,1,1
8.0,54.206642761286126,1.1417882770617511,1,1
3.4046410727761236,4.786996068437856,0.9193153931421705,0,0
6.956244279716295,45.22396657598355,1.0517449324523676,0,1
5.576023425415757,8.88896891133532,1.3251722813612736,0,0
2.2179364302329745,4.647098492033988,1.2992557801972378,0,0
2.5729532710447813,8.596572518882462,0.9295396070751689,0,0
7.11654826166345,63.79876535529989,0.9024328254372588,0,1
2.465185922419702,0.47718111764984705,0.8150475107428126,0,0
4.327089026495829,6.464377880104088,1.0336317324745992,0,0
3.3367030858193374,6.26383732044751,1.2671774701064873,0,0
8.0,60.14487983463295,1.0403873870431708,0,1
7.082620232341029,69.17375719544464,1.0336112387898895,0,1
7.7859469471895775,54.631878575164606,0.8823534625111974,1,1
7.380837772748856,4.762263614268208,1.3076007206747047,0,0
2.7788370577202697,1.2542893786905944,1.1867367158374795,0,0
7.547613579815474,58.73628361792109,1.070176472374775,1,1
6.33072930983647,2.4716598320357925,0.9971257918832422,0,0
7.410986625774023,47.52174470215083,1.06865313252189,1,1
7.247123484933873,28.745818867434856,1.0130888702348941,1,1
7.809163554083906,64.70226803083717,1.0335756206000615,1,1
3.8613733900578464,2.296145490878663,1.0509560768286343,0,0
7.914898595656354,49.913131196179016,0.9977251199540543,1,1
3.2758641937279744,5.275811059275958,1.234754988070791,0,0
7.586777925081733,38.42542925949907,0.8744549867505067,1,1
4.102704339414955,4.264729955222163,1.5748632118709245,0,0
4.266483762267502,3.1850632936335437,1.2127027738288731,0,0
1.9780546729839084,3.5882586226638757,0.7835764999589825,0,0
7.88306346237958,57.91617690530194,0.944887872880066,1,1
3.478314286477367,4.368004123441743,0.9292622027747208,0,0
7.8456453332930405,55.7272500386678,0.9525872566788275,1,1
6.5484654237727655,5.7220260633913655,0.6591448514366782,0,0
2.769353641264655,4.002246605065281,1.1535306680594597,0,0
8.0,48.76469692277703,1.047726880148387,1,1
7.266777018422777,25.77074696904021,0.9254913219307597,1,1
7.9196082172550355,46.243767438177876,1.006072287305561,1,1
5.581393871820822,6.979831791827769,0.7650364805619746,0,0
7.4196490954297385,67.46835335049263,1.111261726817816,0,1
7.377857580246614,45.14212480456781,0.9443103267335754,1,1
2.551232020975729,5.610637886259632,1.6279517722982106,0,0
6.069322647405915,32.12171769396487,1.0578698633026495,1,1
7.54442581064113,62.37051292215726,0.9250128847323397,1,1
3.5416367668108553,5.880811441792845,0.9455509911892822,0,0
4.366092545538054,7.237215100580654,1.5482316986093818,0,0
7.004036831542504,62.72912716476354,1.0397689171095381,0,1
7.58077842709694,40.93997827570013,1.0011728254610808,0,1
8.0,32.63151463367925,1.0204668743853456,1,1
8.0,43.8591526477122,1.1227952137377093,1,1
2.0769397315171627,5.910301036665727,1.4526386939793838,0,0
7.384423671764011,68.16112427112915,0.9047561254112497,1,1
7.3868178218065745,50.35673945962734,1.0552014108938872,1,1
7.381458839082705,30.15467741809098,1.1340197853866776,1,1
1.9849470048290794,3.8080284116937646,0.8604865374366015,0,0
7.216047837525898,51.79015910195083,0.8508587307736418,1,1
4.434672813074062,7.1770103088601545,0.5118407349278921,0,0
7.836565153381715,34.677728019666404,1.0304459740082794,1,1
1.8535418315235468,5.201137517631536,0.4520748841144092,0,0
7.812649332967027,52.92279767815527,0.8805468953507377,1,1
3.229736853029163,2.5267664078690184,1.218891275674183,0,0
7.326123505947351,34.809969432364,0.8615251455644561,1,1
4.146358496174745,5.36901461361712,0.37896278215618795,0,0
7.344114236078779,41.165662997216494,1.1101574979942486,1,1
6.714888221152894,36.95639064004716,0.9075308752404553,1,1
6.816023815047356,55.77327991363061,0.9661721866649962,0,1
7.519458168720506,21.913331064952242,0.950366287371671,1,1
8.0,62.8259438879209,0.989204332407023,1,1
8.0,72.04345349065503,1.0183018863919122,1,1
5.153632472043377,5.756163392494427,0.9364318509523973,0,0
5.101953841295485,4.213356253510685,1.0104901765094105,1,0
7.6392379753760835,28.12827895165317,0.9381338069236106,0,1
4.487776467678762,4.973721785524666,1.037592520612595,0,0
2.374016547262775,3.1955037032805462,1.0742973876626287,1,0
3.2257832523365795,6.684562075544518,1.2356607050459247,0,0
0.0,3.7479693712789475,0.7610811089006266,0,0
0.5343482041690097,4.252794773146871,1.7767732130191687,0,0
7.078434616749545,38.81382623543712,0.8782462662007696,1,1
7.31265970953369,45.249976429223125,0.9673401365127564,0,1
6.863855021308623,74.65593435612585,0.9956013898765624,1,1
6.896527489314636,41.38656709283791,1.0105311327957915,1,1
1.023661005958616,0.48325958171810157,1.0342539618466158,0,0
5.00721629982442,3.169381547415933,1.1148210071346665,0,0
8.0,46.77273123851859,0.9008270315084583,1,1
5.421937948922942,8.795084085971332,1.5061610426911427,0,0
6.6648419158603405,69.73511090739838,1.0877773123380325,1,1
1.880181326393365,3.8083679426549093,0.9325341262446145,0,0
7.322900292446585,46.169410429042564,0.8831365718106535,1,1
2.128981372431628,5.626166812024355,0.8754056144842624,0,0
3.5524482910887607,5.201221098293068,0.29935725778560096,0,0
7.187751176617945,76.06951089478835,1.1352336377633967,1,1
3.702552741325241,2.2055765322300096,1.0029373782363702,0,0
1.6899927236142016,5.553303336993848,1.1472568544271966,0,0
2.962258091476889,10.261766625552173,1.1279682856302877,0,0
7.722914757034893,34.418878559163744,0.9198151603857657,0,1
7.127771076487684,44.91224406732993,0.932166802363367,0,1
7.786452375845135,61.69529052778118,0.8515609461833151,1,1
7.661320127880634,41.933736086950276,0.9608195535430162,1,1
5.76092729749846,5.4826556304446425,0.7327605359535476,0,0
3.1496579010718175,5.264011475182108,0.8968871643415744,0,0
0.14806702081653045,6.050448868698892,1.6927133458391146,0,0
7.697650087100234,36.96053651224088,0.9621637500992298,1,1
4.17856718480426,3.9872789255063825,0.8165325893565982,1,0
4.259020975773993,4.056583091047827,1.1816173455728527,0,0
4.795206618950893,5.96183783497804,0.9967075940555442,0,0
7.561737699145729,59.63690852038932,0.9249739655359841,1,1
7.562221580348793,50.02308651496589,0.9902260118943904,1,1
4.244099967686605,3.5610855981559437,1.091799560416535,0,0
7.904121695163652,49.02904536165585,0.829616449434931,1,1
8.0,38.54282413690089,1.177016571836893,0,1
3.876023830747826,6.831333228534666,1.0618204550092876,0,0
4.447050447645417,2.316222310416752,1.2036123902275249,0,0
3.430214609365377,7.472239102555797,1.3476609499743801,0,0
3.2497696046899804,3.107209795588253,0.8830871629502023,0,0
7.093598552988225,48.01356577832864,1.005758766500574,1,1
5.032383114600195,6.876784976145402,1.2580594937640637,0,0
2.1910553814489524,5.299866139768707,0.7881472630654637,0,0
7.746583386807512,29.272116085535874,1.1584971599170544,1,1
7.629647604667874,46.57381397833085,1.011623723118699,0,1
7.207878407683447,50.63541275132427,1.1901178679268152,1,1
8.0,35.778487692969016,1.0514990028300337,1,1
7.778548514169393,35.40594190067766,0.835038603882489,1,1
7.547580884480154,73.13128088934104,1.1210952826336158,1,1
3.855067573076908,3.974482193631015,0.6226936105310661,0,0
4.053838053614778,6.3726725248796665,0.9823452705662638,0,0
7.302318075242593,22.67163622299449,0.825511436679774,1,1
7.559135073237367,44.63135283437093,0.8810150558164751,1,1
4.573330984917779,5.344486159249867,1.2603006696849657,1,0
7.820873344500178,44.8086288782685,1.0272378701844291,1,1
6.485323479626435,80.63510488894025,1.0538894079256487,0,1
7.002354085764591,49.39272286476604,1.0031112271300129,1,1
7.487247320270597,60.364163611454536,1.0053570359082176,1,1
7.668846136681614,49.13915664532795,1.2136568330031616,0,1
5.328408892877066,7.534507264798894,1.1445281765008242,1,0
5.174238000000803,7.9753554551516,1.3753013849952973,0,0
7.029095821494144,53.2250148800261,0.9527977392363346,1,1
7.221236303170606,16.681358390869242,1.1525622508195545,1,1
3.5708089659193583,5.965202402101825,0.8409777725776009,0,0
4.638496159121823,3.833794669729683,1.2685470072529923,0,0
6.87966986502259,7.309011132518978,0.7956198718455186,0,0
7.299009063044617,44.87417303952226,1.0835286558319768,0,1
3.7385761451373942,4.223698677833379,1.3730986967343233,0,0
7.0266917550201695,45.011796173507115,0.9932911234951765,0,1
8.0,47.86756783952543,0.9500108752288933,1,1
4.355337389833795,4.700090310981359,0.8252717145495483,0,0
8.0,37.77715791959095,0.9218909739765778,1,1
5.843494009906853,4.433595242917677,1.0482107570627528,0,0
7.333037865523871,44.559248422373216,1.0518515183097101,1,1
4.681055936223846,6.458881776858133,1.3046764243268005,0,0
5.83721977444092,3.621372438403716,1.4248754687765395,0,0
4.534464081663296,2.5261134097229396,1.317267879324752,0,0
7.180584147223696,8.012167914184483,0.6578998378231489,0,0
7.423425530929393,39.08683942038837,1.0178508091531724,1,1
3.7898263802963217,3.473057477328327,1.4269327884781846,0,0
7.2022176183903674,66.15067556940616,1.025867507042674,0,1
5.1570600572104714,5.3592784398237745,1.383652926420622,0,0
6.949508494914213,50.53469939357511,1.0094933169810654,1,1
7.099150020047783,74.54769186297867,1.0089007852281777,0,1
7.496172326329203,12.273474898980169,1.0731559025486004,1,1
4.384377204159797,5.728081898627054,1.3470606219041235,0,0
7.157186331384404,70.71460427560807,0.9361959777708585,0,1
3.599219698697029,4.041507076386825,1.1895633689168357,0,0
7.633855599699786,52.418289648807665,1.0993918943106262,1,1
8.0,4.408133091100252,1.8823165204768983,0,0
3.3005942861807416,3.669898849163121,0.9238307098406361,0,0
8.0,48.612488802632875,0.8808032244496248,1,1
5.2224539849736455,3.05289870850099,1.4026827569259315,0,0
6.404639976542972,70.53845958323798,1.0864095500117696,1,1
7.030008469624769,54.52782077865457,1.1504076089576947,1,1
8.0,53.36962485240815,1.0975442239322666,1,1
4.300667063738753,6.609277121075675,1.203370180608114,0,0
3.6446339385424142,6.926621752582125,0.8181007290406975,0,0
4.033247311932454,6.870336231906433,1.096156260446012,0,0
5.722702070926286,4.379973732687601,1.174169193102364,0,0
5.797283441331492,2.9830692910889254,1.104755222789664,0,0
5.924272586042719,4.635540410885625,0.9399216031423725,0,0
6.798926748148327,65.3765089899263,0.8510064865583036,1,1
3.559219685196133,3.125151667854914,1.0566244156542894,0,0
7.699355371883811,31.24121475783591,0.9852267057925423,1,1
7.075076472719033,36.005814865703755,0.972725712800143,1,1
7.468340907227546,35.44405446204446,1.0157009269101966,0,1
7.4323761747963495,47.633796387135874,1.0193473615899993,1,1
8.0,75.74031211806417,1.150295636703718,1,1
6.166008035133605,70.70996829508574,0.9833308795352268,1,1
6.529261114083798,3.1160067242732183,1.3649682919611257,0,0
7.416575376451478,14.415996481815434,1.0307987909573444,1,1
6.9734398809757305,38.338305422492795,0.9935146668264735,1,1
1.9696011167459604,3.4168056973221734,1.293868749717879,0,0
6.001364393770093,64.6328717926137,1.0310630853217957,0,1
7.387652967919625,63.204413717291544,1.0606436000774617,1,1
7.8379439289857435,38.67708995093035,0.9307826371359597,1,1
7.627206903322954,51.63193032020351,1.0316981546916626,1,1
7.320926548526223,48.755976450089726,0.8897050523674178,1,1
7.4961400150655955,50.9981718396437,0.940471462007627,1,1
8.0,58.89723086214062,1.0878344840788017,1,1
7.2814356467672905,17.27596875870968,0.9256539755524126,1,1
7.229095755644676,79.40686885997809,0.8557330075864922,1,1
7.4536937458875565,59.57089834857966,1.0141933303717265,1,1
6.698719683322889,6.768952496360567,1.295942082174581,0,0
8.0,18.74003891004394,1.04431939819874,1,1
7.178132217663203,51.7474281616852,0.949344703467011,1,1
7.366880717321305,70.13055683609406,0.9497367398948845,1,1
7.392326889705151,51.735624990065666,0.9713199128081325,1,1
7.602867360420501,8.499984293729867,0.9515981070104907,0,0
7.362807514902127,60.436225888283474,1.0404715467551182,1,1
4.2225516352502686,5.341107070567453,0.829334681348515,0,0
1.9013602328098291,4.15081970964432,1.0600424868139562,1,0
6.50528639867732,72.01498194269446,0.8337565229404538,1,1
2.4848918469615424,6.028820495125053,0.9674807797204628,0,0
3.541013113205663,3.7235246786184835,1.0177699745489475,1,0
6.870139295806493,70.49854430601899,1.0351617911678446,1,1
7.407838514197852,57.15695352249918,1.1331508271041433,1,1
5.681200630487068,6.103551283705641,0.998202034602985,0,0
7.9944677618079805,56.78786561743894,0.9836854692194891,0,1
1.3475597651267908,4.453325175514965,1.1958597508700886,1,0
1.7897088843615636,1.0827968771752978,1.8605998726874031,0,0
6.295183795994245,4.070012372575297,1.4120402005801296,0,0
5.23381430836959,8.700193541969764,0.9978791466534771,0,0
7.099276780601635,29.715503994610735,0.8666158085970509,0,1
7.554936392430134,39.76821023663664,0.934171081436855,1,1
3.1326879002889196,6.605240406008028,1.033730046057672,0,0
7.027295359434913,71.58028971901244,0.990652818148233,1,1
2.2829779889038306,7.222336715612285,0.7378864448295296,0,0
1.4930748320152385,5.341722416355842,1.4438633040130933,0,0
8.0,55.863373245729996,1.0529988975738545,1,1
8.0,33.92930820522895,1.0217301080663908,0,1
3.8926867530939844,4.571844013416104,1.2478873245071511,0,0
7.566966562209423,8.071516003479088,0.9051997764487663,0,0
2.0293438315016283,5.175980343440219,1.0161378248354576,0,0
7.139112208331248,51.458826665595154,0.9739324998479127,1,1
7.064961222705478,52.09772584393857,0.8998019098035177,1,1
7.705971244665779,34.10865913247484,1.0067856945522538,1,1
3.471110654398972,8.102239901667652,0.693369263502969,0,0
6.888875655379131,54.29966733456312,0.8840033478823439,0,1
3.2252932621523356,4.692606714439259,1.0282211367349958,0,0
2.328905027376025,5.838848943653925,1.4280296245384687,1,0
7.65673559594342,39.94016877046141,1.0020943025735398,1,1
3.330613359728302,4.939801504578696,0.6266863683783881,0,0
3.8921674639631476,2.775755499184828,1.2845582102392714,0,0
7.597380402648055,59.15596500102879,1.0234700400753238,1,1
7.692850463285104,51.73968307517507,1.0723381334070956,1,1
5.103754390695762,2.953081599656327,0.6483155188408101,0,0
8.0,34.117804265389964,0.9801618030639572,1,1
5.959545668538912,4.0693542406131975,0.9221384273267347,0,0
6.959622774184366,4.524612907411774,1.4493259176607218,0,0
7.393662259443486,55.222999495719385,1.0905785380961142,0,1
7.435477718312278,59.080650218687225,1.0115604279886763,1,1
7.088596367658298,60.88260892287052,0.936020083663293,1,1
2.470556280253789,7.195751228421378,1.0513970660763117,0,0
5.048572065353282,5.959628451060382,1.3284639317152882,0,0
4.656689052954877,2.809823846279361,0.5233429571202054,0,0
7.319599539973622,43.311897700309345,0.9020371438345882,1,1
4.119283252639166,3.8116789962981823,0.9305233085409987,0,0
7.492982761841747,64.75934239284875,1.106505143045995,1,1
6.419632713352788,75.63142890703308,1.1488288466101553,1,1
7.007948619068131,4.385700217830847,1.3368085840977229,0,0
3.6051208883993433,2.828889595496075,1.0451134770532857,0,0
7.356305570172505,60.29814224901065,0.9868052042465318,1,1
8.0,61.90517993335023,1.021440647850404,1,1
6.257427815489528,6.985078530793892,1.2052809506948758,0,0
3.446301857142386,3.7333785472594325,1.0155142705457698,0,0
4.419400400496885,5.3025573880807375,1.2685063979002043,0,0
7.128126118195124,26.272997335468233,1.0542790394788213,0,1
7.102570625224968,61.470551936847556,0.8865035891895023,1,1
6.9425903109792015,38.68493744315358,0.8556221833601951,1,1
4.40610964904757,4.484436538439465,1.0159536073340583,0,0
5.680802288341058,9.1732918153257,0.5411699159879861,0,0
6.736377910314858,56.13589094103417,1.101474146877325,1,1
7.617174372422854,54.29013669538615,0.9632270489367045,1,1
6.934245994583674,42.80904881727493,1.0176611648479268,1,1
6.193264971125087,5.331318316639953,1.4846364905546534,0,0
3.6192803202343,3.802123475119351,1.2215083707289978,0,0
7.286487392184047,72.06840680423304,1.1180207873786439,0,1
4.560282682616703,4.553568758808223,0.8961384111712463,0,0
5.816100548056733,34.52312000079874,1.1024650904440205,1,1
6.227991015652367,69.77855085325258,1.0456566170576571,0,1
3.217727560763387,2.922073731039678,1.413850441122625,1,0
8.0,37.758918146362646,1.0308259494237657,1,1
5.081499009217529,5.80320433759468,0.5605229074557739,0,0
4.504854402065135,2.7465853350464777,1.1178518929153736,0,0
4.637689130441979,10.243177803601442,1.1385742495117401,0,0
4.033931717149729,4.8803840811883425,1.0911497502050094,0,0
7.488636508342642,70.56089208632945,0.9620053035737826,0,1
0.28867741512389955,2.1512539525403156,1.213019368041641,0,0
4.587263611411704,5.74630362001251,0.8415958063103561,0,0
3.2880541134862042,8.046332516525851,1.1437736838147614,0,0
1.122197731364678,5.568022156977014,1.0243971666517004,0,0
6.9918231986579675,56.10150087496295,1.0384910658775173,1,1
4.406054323026541,3.555836700784773,1.2315052726557378,0,0
7.0145310724179835,67.54063787294854,0.9603151049674671,1,1
7.01681454096914,69.29235830621153,0.9285636949426395,1,1
7.306772452001233,37.00604101930635,1.0476705736094143,1,1
4.292070861180237,3.6818031662203863,0.6924520083686503,0,0
2.915123676094407,5.8472615243988555,0.7566551267636477,0,0
7.560422950252073,58.04404804079232,1.1493203608318827,0,1
8.0,45.43498378276869,0.9835970393106962,1,1
5.093584847140517,3.6801236041719063,1.3652745423606676,0,0
5.306830494398666,4.115154949874396,1.060821230920857,0,0
7.121562206439252,37.5811198906628,0.9662549061966434,1,1
8.0,56.65266980893686,0.9923788025152911,1,1
5.76253431084346,4.681361751717354,1.2189656897240249,0,0
3.585762721907568,5.834743740324676,0.832168114907355,0,0
2.4424365793736733,3.3227636045561146,0.6383045940350704,0,0
3.5215264519439313,0.0,0.9147894305688035,0,0
4.705249149670064,4.216989996414045,1.0469071348310284,0,0
6.883180431217564,4.755943194495295,1.135522480064158,0,0
0.9159919521944095,5.2460532043239825,1.2114842330004265,0,0
7.6457635623147056,63.5855905600759,0.9281841024422957,1,1
8.0,45.91454007554918,0.9915020810167816,1,1
3.1345515217085973,5.425763263699913,1.2135115560401377,1,0
7.481686211900383,35.80018589473768,0.9673237697523506,1,1
8.0,41.8046571484717,0.8822832672274946,1,1
6.244969898617023,5.5264900062223,0.5955533488871176,0,0
3.2088849909368666,8.41633542831112,0.6134855479415355,0,0
7.359643366856926,17.415194375088426,0.9067698204590948,0,1
5.9395649235789,2.6316314382195625,1.563813623699109,0,0
4.099139909938099,6.755810930540719,0.9104649872812764,0,0
7.568926212824748,64.21013512558001,1.0104795608785624,1,1
4.911262968517834,7.140411764244944,1.444148649940191,1,0
3.9602945917489283,2.7370687973363603,1.116877334251311,0,0
5.273012397041214,2.310415460110756,0.9544197821840255,0,0
1.9590195760464537,7.164780380665347,1.319899814632639,0,0
0.0,5.065118310279315,1.1990918540716378,0,0
4.135974898656626,1.3323616140056411,0.4897427847702627,0,0
4.894869573042296,9.42421158726071,1.1491314652155635,0,0
8.0,42.620048555575224,0.9989870530259571,1,1
7.291288354858166,52.162894202850275,0.9721935289692395,0,1
4.613776848269516,6.064937223934674,1.503997878496087,0,0
2.5985094889088227,8.992049755945754,1.469709423714066,0,0
2.7880296806984237,5.3560185700398595,0.6077053201520466,0,0
7.629794182382284,66.62652299524642,1.089651718618618,0,1
2.7629102142992865,1.697944236315886,1.2349110166812058,0,0
7.336626397012365,5.121454879804006,1.2434920254385542,0,0
0.3598013586508113,7.404194155459715,0.8978608758470152,0,0
7.412997338317643,53.44532256024622,1.012553408255682,0,1
3.1390933427350527,2.0263861826635936,0.9690879835652924,0,0
7.348965533984844,29.47275258820311,1.0885021320600585,0,1
4.278255175329687,6.970257822881933,1.090149715359437,0,0
7.028526406040761,41.76236473465563,0.8649971739118198,0,1
6.8722880315170265,42.47724346845692,0.9919260129901615,1,1
7.7939992506435525,66.86406503573811,0.8659497953585943,1,1
7.635968723808435,54.745109958510476,0.9808524781250287,1,1
6.641795812391473,54.40900701216463,1.2014928625599064,1,1
5.478572958672224,7.0607929834681045,0.9915643019144773,0,0
8.0,80.51106868215633,1.0516057349610273,1,1
2.1780797157888134,5.055897644347048,0.9564292744736913,1,0
6.961636630461729,24.80398475159089,1.1610900919979419,0,1
3.6835290366317075,3.651338138300968,0.840236555621577,0,0
6.804005657116325,31.693726066346013,0.9550453223684677,0,1
7.056362867446742,58.249336449460245,1.1284180833784903,1,1
5.003267919230813,9.174658423038583,1.4978654818183206,0,0
7.149673765355716,39.02297449778561,0.9966413606825621,1,1
3.305453396931578,5.932959437179148,1.2309981835732937,0,0
4.805040613598302,3.5570431162491287,0.908596769901989,0,0
7.200209039556786,57.00739782459246,0.919877737876432,1,1
3.5822536097079936,10.42588267887109,1.0542297962091618,0,0
7.397474462000032,35.53746990097526,0.9528712919303036,1,1
4.576990442448835,1.0884149113303692,0.8536369990256356,1,0
7.239802130595182,33.001532474690336,0.9693761154751026,1,1
2.3596390411047032,3.410060975767021,1.048897555143269,0,0
7.393883358440565,51.420549790340424,1.0936977907030578,1,1
7.453693405963863,34.42791764450433,1.0515401085673357,1,1
4.893441623644423,7.248337694284027,1.1376446090259318,0,0
6.1687859110554,7.1244249727451745,0.9492924849619456,1,0
6.02335696555296,3.972535014105238,0.8287609973002972,0,0
4.204302297841894,2.938099227203262,0.8698047172036235,0,0
4.079777623200832,1.1514897985209105,1.0411433096391343,0,0
7.412849083120762,35.89179767996207,1.012161115708464,1,1
7.681996530728566,47.54422523029015,0.9019970230847901,1,1
7.228175370746431,56.364063570468126,1.2621002142428694,1,1
5.349457137059654,2.108670514013612,1.1038221817364426,0,0
2.1532049982048713,2.329209540528574,1.1068517485766682,0,0
4.490109281260454,3.899323119385656,0.8062144358869507,0,0
2.149583493079593,5.655468530888283,0.7529069549615663,0,0
5.553620370376498,8.532214106213955,1.4640313312104278,0,0
4.485081042092162,5.274156455514393,0.8713196837055589,0,0
7.703103000629764,40.067563489752445,1.0181563508928788,1,1
7.139935789953731,46.42120672899427,1.0185348790616593,0,1
7.671474394712489,44.27651977693915,0.9162678917108898,1,1
6.651305986302045,59.963170759675194,0.9436152435059934,1,1
4.366127004533277,5.066770106622572,1.2616169768052508,0,0
6.884569999378908,24.47060954607937,1.2042688919391307,1,1
7.718729071764324,49.697998615653944,0.7708213537261539,1,1
4.969758889295632,4.513915737140624,0.7094189455352593,0,0
7.449757354950384,72.51847362381682,0.9867414630392314,1,1
8.0,64.90718228262186,1.1005833186485503,1,1
6.656068363213751,27.30928408923893,0.9805286136845344,1,1
6.805907853115175,51.6088326670748,0.9975307564935306,1,1
1.6440514029731554,5.177057016505028,1.1228299033449671,0,0
8.0,68.98056366806946,1.0308712461488327,1,1
7.259154177437239,68.22391327733008,1.0420233148769142,0,1
8.0,57.62606154647502,1.0026529318203294,1,1
4.933620085037991,5.860179641457487,0.7694257908991435,0,0
8.0,31.23385702580689,1.0432647649290123,0,1
5.468122399195094,6.076655879863875,0.8747383023777333,0,0
2.286870600712818,5.023121751879756,0.8087067517176681,0,0
7.602973317780844,46.78475997362423,0.8588041506226739,0,1
7.47713270520517,46.79614437826705,0.9129127576222642,1,1
4.39221923899916,4.047447449552706,1.0380174735192442,0,0
5.885362955998671,56.20516123730108,0.9332414916184412,1,1
2.710435103222844,6.186708058381319,0.8736287604489825,0,0
0.7590466439763546,4.228060938350589,1.5302506116225894,0,0
4.02793754804037,6.923953583208841,0.8541635668480563,0,0
7.771217570557853,41.91452160750632,0.9869923698969068,1,1
7.490850739190533,54.26776946387545,0.9292686340769303,1,1
7.024291723290498,54.14543836506317,0.9059282795288232,1,1
7.249517070214587,55.14588110538889,0.9661650172474212,1,1
7.2280384220220215,62.74993294720795,0.9236151083563684,0,1
8.0,73.26570934974721,0.8773992583297945,1,1
8.0,51.742875880294434,0.8985299038838582,1,1
7.169767708768475,8.03629850675981,1.0156995242612803,0,0
4.206222375518604,4.826870987662996,1.2686310277918507,0,0
3.2558177930042986,4.58752690403367,0.3293005355832893,0,0
7.143026637442534,32.99490587715463,1.1194681890397424,1,1
5.574935416797452,2.4196999659041727,1.0664025902967755,0,0
6.657015922891327,2.762557232629278,1.5714929382071854,0,0
7.1827895250924625,30.59299002392453,0.987234525368577,0,1
2.225674734739284,7.8801361640793335,0.8316765634674389,0,0
4.219689336251642,2.595149682611518,1.2961518865574355,0,0
3.3059318473008013,7.929353846907535,1.0466200668250991,0,0
6.852259501656707,54.87743516875291,0.9828218460382736,0,1
7.610972203043566,38.264980752910674,1.1129949181797878,1,1
3.536469168987825,4.028640041203501,0.9981570379084221,0,0
7.553855052586949,55.53745736165255,0.9904409637890633,0,1
7.690051788693831,26.883060639150365,1.0182834407882126,0,1
8.0,71.92721711779566,0.8942090716906295,0,1
3.0152047504030257,4.0641970752563275,1.1322108627945286,0,0
3.9218386190303303,4.719382905443055,1.382802612841412,0,0
2.7937884373357353,0.24620951234777788,1.135583047516425,0,0
7.467650457055235,27.39938145692577,0.9852163440982028,1,1
7.057164195085061,66.80719025992144,1.0367897898261587,1,1
7.128821677022889,22.742957887284668,1.0359123630113372,0,1
5.113019148980719,5.373076233419201,1.8950419284294422,0,0
2.928753104342875,3.425002475408741,0.7661216228668801,0,0
6.83941641746551,53.212074851219754,0.8188990796002966,1,1
3.844354956764658,4.921743648947968,1.082522555987549,1,0
8.0,78.85110726162031,1.0703844887505765,1,1
8.0,56.463155251305444,0.7945543418585549,1,1
2.6727169750462387,8.301479632875381,1.4856042948958958,0,0
6.653234332928722,68.5989917736936,0.8892461242205582,1,1
8.0,43.48893395823923,0.9839560331245666,1,1
8.0,42.537025548107074,0.9273260332912693,1,1
5.5813312159791755,4.167912163627667,0.20429732631541775,0,0
6.999483586365095,41.96656783542085,1.0311169056034695,1,1
7.263686833013641,18.247927647311574,0.9585984950991417,1,1
8.0,32.7571202918581,1.1075860646933888,1,1
7.44807289584949,52.93326587827589,1.1262537778800867,1,1
6.987068479737842,5.489005280496761,1.1084357714436126,0,0
7.149168144496254,46.11815982650344,0.9117545010195508,1,1
4.004373039059822,5.755150617862194,0.6714476429248163,0,0
4.464712277406196,3.8831692554923967,0.6446935358918894,0,0
7.388138571283485,69.32993598585907,1.1542015083439887,1,1
3.9307845591134574,5.523761633870668,1.2515733942769443,0,0
6.816002411903536,87.55135665925603,0.8998136689841368,1,1
4.197005266636073,7.79615661846041,1.5390784684265804,0,0
7.492654894831984,47.82781157697589,1.003937059872779,1,1
7.2526007308959315,65.07870132456623,1.025653954766418,1,1
7.100841450456434,25.32540090580476,1.1503309581822234,0,1
4.330110019391593,5.283861791429502,1.0768395025172497,0,0
4.596666212138442,3.683663273903788,1.2790125840032198,0,0
7.432557722255219,34.488611922296855,0.9169677841858802,1,1
7.136247557724036,4.508053118929053,1.3413535274543322,0,0
7.8581459105910385,44.68816561348435,1.0762275989689194,1,1
7.829092550836475,57.183618767410564,0.9564111713933628,1,1
8.0,64.93220135429317,0.8943309414430901,0,1
7.5239895302951645,49.598324673258226,0.8567298734496839,0,1
7.513922522613998,57.07176761251186,1.1503560026657522,1,1
3.483206251925401,0.6245021318005239,1.1075916712462215,0,0
7.7129288342869,59.89602059614899,0.9282022826833976,1,1
7.451012439399125,6.560018672785351,1.1887170245505794,0,0
7.628484358236321,49.07386724984829,1.030842488114815,1,1
3.949149748753037,8.9440017176743,0.8579008333478952,0,0
5.557812944810751,3.688482460623666,1.123502800230186,0,0
7.8002302846106275,55.414609373222746,1.0963863354292136,1,1
7.250582856590046,58.91256713896485,0.9893943802371727,1,1
7.370455577395489,23.6779635916236,0.9134610240825315,1,1
7.506518424114937,54.63108346629845,0.8747904114981641,1,1
8.0,35.52840133125009,0.987023130685589,1,1
8.0,42.472221366520245,1.1471205585772632,1,1
3.2532683176831454,4.729482407665068,1.2703890467361871,0,0
4.516325419610682,1.4422489417629856,0.8386047749434196,0,0
6.870838179449301,78.57328428859829,1.093450965641261,1,1
8.0,57.47982138754574,1.0026912253068783,1,1
7.704961768663033,52.875900488478635,1.0705018520111405,1,1
8.0,51.139691638406205,0.9613560838970284,1,1
1.0620676950775967,6.904159901045796,1.4129573042239956,0,0
4.8732517226427765,7.570210971265289,0.6869690822205279,0,0
4.205369461052917,3.7494605037563433,0.6303980077513092,1,0
6.104775870053045,55.312410602366974,1.0025879942510447,1,1
7.1370638188747515,72.58811706930248,0.883169592189463,1,1
6.8788408267408006,73.50203826645559,1.1477560259608794,1,1
4.9704030013453,6.196263831076159,1.010305138393207,0,0
3.9577269947972193,4.998027486701695,1.2333013170175589,0,0
7.131245116727404,50.734755305348756,1.1743183898559424,0,1
7.554226298496545,47.10204529727802,1.1482590105744426,1,1
7.266968131385154,39.309414473674124,0.9655972592966087,1,1
7.041004940219363,50.91657181761236,1.1109359795156575,1,1
3.4022686167129743,6.603069797108201,1.063459089785304,0,0
7.877450960913559,13.751905192314794,0.98609356794676,1,1
7.7651218260194215,36.14052646828448,1.0786659391543072,1,1
7.874973930524487,51.84647243790424,1.0680767712461716,1,1
7.188348727002601,51.22666086173311,0.9616939411106146,0,1
2.9226408482753206,6.527901408034626,0.5461891160000235,0,0
3.243303364592965,2.518739597477789,1.7277491799566769,0,0
7.282820317050137,65.82119799261076,0.8761246335352981,1,1
3.5952697366531257,4.41224360558287,1.1156149828555624,0,0
5.427204162958135,7.000347881146106,0.927299164983698,0,0
7.546658805958848,51.01029638390286,0.946714967154271,0,1
6.715301443577344,31.421179831036554,1.055950022128195,0,1
8.0,30.50362094094269,0.9680802105819093,1,1
6.236018658794407,7.138491781133984,0.8142236486504025,0,0
7.230468662403977,51.37867877623275,1.0282640700763943,0,1
5.7906719459878255,2.032705681382773,1.7058761674053686,0,0
6.701659622328866,72.41515048190324,0.8858147077610121,0,1
2.615744588922307,2.0114205085252586,1.1346583312212648,1,0
5.294259569343021,3.250809188633607,1.338887303804143,0,0
7.372545360240323,40.52458784271461,0.9519671075643586,0,1
6.997631548658197,57.04934621349052,0.9595532826685187,1,1
1.8535842265536808,7.362987853697648,0.6056880696761673,1,0
7.747231051379332,6.903364556444751,1.375522542179848,0,0
5.998265716264706,40.058559795725,1.0351356863021592,1,1
1.0625918295431012,3.9914818988081437,0.9937036286636346,0,0
5.697887765961389,6.330288698941393,0.5201562591923,0,0
4.154562367902655,4.777421681909507,1.1532666480533127,0,0
7.626145456534974,40.18531561108409,0.9378162761338869,1,1
1.6809599370824668,3.110974511878454,0.7254266994611136,0,0
6.7172991879476385,40.89894341434834,0.8799070576060715,1,1
7.098691677688724,49.815385248492944,0.955678725037146,1,1
4.33965693153781,4.123705484638815,1.0883302298179893,0,0
3.186931108819042,9.667360782219603,0.9947670441508741,0,0
4.229327542811721,5.284121578291512,1.1791080565865613,0,0
7.129752995828528,3.503413338022866,1.1854128583605652,0,0
2.006588951216775,0.6425367431700915,1.251114611697608,0,0
5.007860561160996,2.1010313502747544,1.3381923009836199,0,0
3.4992387207403146,5.9662999355240816,0.8496437198173872,0,0
2.7527631017156464,1.1053611690066152,0.726385816288317,0,0
8.0,57.22380889520393,0.9632089292322994,1,1
8.0,29.069131391382314,0.9500778533016997,1,1
1.8766309087209176,4.168063244788462,1.5929719499361719,0,0
3.261600719548935,6.236241566206472,1.4162986327055918,0,0
6.794081791939314,58.998541082591714,0.9124248319466837,1,1
4.885404446796449,7.752270978268138,1.1646480901094283,0,0
3.7413486013282395,4.329597021400788,1.2657115192591035,0,0
4.594773529037221,8.324916865083654,0.6597398966231607,0,0
7.433929013050875,61.632311053430556,1.0692196687220104,1,1
3.504670420443232,4.0746860600963055,0.6444446526824954,0,0
7.750061883598961,57.1520540837277,1.0105528051666812,0,1
8.0,39.53027302325855,0.8312495035997192,1,1
7.576822867279879,59.73663429096031,1.0581471984128379,1,1
3.8526601637338636,1.310913615122614,1.6194801850987033,0,0
8.0,52.92943080805303,1.0407120819357558,0,1
7.757193886484323,32.34926413827675,0.9835818107846991,1,1
3.12293941463251,2.9884437699465507,1.116487073658493,0,0
4.374302026180231,3.3474616745893395,0.6081397320863646,0,0
5.74227023450909,8.137799911251502,1.1143103350151229,0,0
5.439186688172374,6.006843821094693,0.989179898896249,0,0
8.0,77.53660243316934,0.971513706142789,0,1
8.0,10.443853354754545,1.089046216958286,1,1
7.784792712711424,23.60848824053954,1.0023639581426846,1,1
7.830805163208299,66.53760550544649,1.0138353896019574,1,1
1.9090175858733631,6.228631132880729,1.1698689233866595,0,0
3.1602662187142867,9.384549205784946,1.184848471471785,0,0
7.048910446842463,62.734342862412255,1.0642793345853983,1,1
7.3822462439341745,20.774526189020342,1.1579998740122437,1,1
5.039030603990891,5.796930357375294,1.5352999957804123,1,0
7.815788424998592,30.65597584490318,0.9118813927754629,1,1
7.384644566694944,66.11197804066117,0.8867560770666042,0,1
3.6146922607750067,3.7521811178266624,1.0919399190287602,0,0
6.921525968007959,72.8925895695036,1.1468029890953002,1,1
8.0,55.22885169604542,1.058659617240385,1,1
2.6204078749771123,4.7292895884124775,1.2764768295671338,0,0
7.456482453335193,75.53781172164825,0.8203495025918751,0,1
7.538218727639147,57.87647713632289,1.1800997444971917,1,1
3.772233819630222,7.755301364044026,1.315660370019192,0,0
7.455510666297647,92.85634348413086,0.7891290736895152,1,1
2.6895539207966297,4.152810509662201,1.4027378007286957,0,0
7.058644905099548,87.2712978357542,1.1199672716005693,1,1
1.6587912410487746,2.9553641052535333,0.6055725687121472,0,0
8.0,40.307291655839265,1.0609640318216094,1,1
7.078418853947466,43.54886092703812,1.0199910601881288,0,1
6.86980554957174,67.75678552406501,0.8904354971184532,1,1
2.709371792070556,3.994544261826784,0.8589606579400842,0,0
6.138176753750298,2.3704416437024585,1.2257170977763305,0,0
6.903552199248115,36.89354776356777,0.9436737322948618,1,1
6.817708768685597,57.18084760009628,1.0582249222517839,1,1
2.757725605831892,2.60291428957421,1.3833078234736647,0,0
4.807673645172831,6.58606282375719,0.6173270132883417,0,0
3.30425551535508,5.413766086239072,0.8004004258713624,0,0
2.1503915209465103,3.2781091132782048,1.3065386388615936,0,0
0.0,5.617449988019875,1.3908741728247367,0,0
6.510537962648149,3.160372192112811,0.5260661362192885,0,0
7.771380148130072,37.52106579731787,1.0580757296932966,1,1
4.094868589394277,4.890731499270032,0.7963336944058589,0,0
3.5246081992275182,6.28753431159658,0.9771341605621422,0,0
2.7007843566278895,6.744497146573284,1.396085641595357,0,0
2.5019291350754482,7.914472880975779,1.2709095097814884,0,0
7.3033857875238315,51.23790842518376,0.935124684862756,1,1
7.741336330478833,86.02132993075318,0.8561284678323305,1,1
3.5001932494460974,3.113936301142492,0.6977966722662372,0,0
7.66411924869458,67.40489035893052,1.0620255122991402,1,1
7.502991746676233,44.65142078462496,1.0752895075092679,1,1
4.300194121938866,2.95415232637502,0.9186103450504701,0,0
7.071102742465665,53.1192377603556,1.069769995246858,1,1
3.358056846211731,3.1322277393446916,1.37385531368099,0,0
7.6209649411921045,60.21928523524805,1.1475648946121253,1,1
0.3988549743827816,6.688776474610013,1.0220740004701687,0,0
4.522271712184915,3.8723212817923054,0.8203888174318688,0,0
7.515981295044178,43.48867709044726,0.9114592962936648,1,1
5.910127183917882,1.7661461033032175,0.9278204226351586,0,0
5.067272714776545,8.995371226191116,1.016872866136111,0,0
4.250039599933412,3.6820459451244334,1.0890518333016452,0,0
6.775896196732259,45.749410210868206,0.8963942869198129,1,1
7.835212715693423,54.661303629226296,1.0701107186196093,1,1
7.692391317473444,64.37221098693041,0.8536729133971813,1,1
7.241471007996638,31.825513899883664,1.0784668745996446,1,1
4.754390271580843,7.291179600319702,1.2740127760038464,0,0
3.076539030600486,8.431014352979238,1.2414185450619117,0,0
6.938921014744745,45.76675527395901,1.0696895545762404,1,1
7.45776732094808,71.15936643915825,0.8477234919123378,1,1
5.525533934788305,0.5913934682609101,0.8973105178641492,0,0
2.3457461240816966,2.8889540928201725,0.7038652988765877,0,0
8.0,43.518159262938745,0.9168270877107089,1,1
8.0,54.414612685850315,1.0503544740567479,1,1
4.85343821191404,4.3675888066063395,1.421372753656971,0,0
3.365131526798651,6.099974382643762,1.4567848297840023,0,0
7.285937479613164,0.9612378942148565,1.3143932621469379,0,0
7.866363254129802,57.60312841836414,0.9782252839238783,1,1
2.9437826748556404,3.642298370565707,1.255533665599959,0,0
7.376118022901277,15.53695745578004,0.998318152531573,1,1
3.010822952701215,5.29626533593192,1.2251245937567643,0,0
8.0,60.2588709508763,0.9634278878385961,1,1
7.39937081333609,34.82887138346318,0.8685008031214152,1,1
3.9937856029086642,4.829241769980875,1.0753512251867663,0,0
6.400289734417724,8.791615842238077,1.1807155944547123,0,0
7.512174553261511,48.2850580134499,0.9943527769601176,1,1
6.18457193927056,5.228719394165643,0.9859497882296921,0,0
6.586049201979444,26.05829164052949,0.9290575818116673,1,1
5.025943221291406,7.028008803151604,1.2324053910020047,0,0
3.500424053391116,6.374718661138041,0.6620216519025605,0,0
4.973781586386258,7.312586804245251,1.1378255970010296,0,0
8.0,56.07039372334981,1.0399361939759417,1,1
7.761863880913437,61.66517121574033,1.2207187669233956,1,1
7.861356901847361,43.902309823626354,0.9340707740372718,1,1
7.9203984299764425,30.882942485820866,0.8991340295526763,1,1
7.615832011500966,60.97679643739575,1.1483750910617767,1,1
7.347131207090949,43.604461070957164,1.0102502189266285,1,1
0.6448332886793895,6.0723028285396685,0.9577666073770649,0,0
7.7634990754135,60.810245898267326,1.1582237344694573,1,1
6.312321422089829,8.690986611629363,1.3875241490697225,0,0
6.600576700107365,61.45141510249661,1.1127663607337708,1,1
4.245141046352018,1.2547181942381336,1.3644383316513495,0,0
6.216664999418022,4.633483412597455,1.6366883212087369,0,0
3.3546332922777866,7.631872920127945,0.848938920628117,0,0
7.666153502245224,60.62801900751476,0.8465490740039121,0,1
6.735779027196932,39.532874496004816,0.9587865883033087,1,1
7.757085851619793,41.54087709479827,1.1366770642906412,1,1
7.5700518692943355,61.27737340221694,1.0479994790806277,1,1
6.852385704179855,67.90890866964311,1.0431175672533295,1,1
3.5236411282543494,3.1370154888460107,0.8272219620198782,0,0
6.316384360250909,50.297767184211594,1.0056592123766623,1,1
7.097559727683963,50.79591950430346,0.895961690257847,0,1
2.5114367598735465,5.393752376885714,0.8649281981907468,0,0
8.0,33.22953662797172,1.1372655295278504,1,1
7.5109458240514035,50.442673293645456,1.0244442666263918,1,1
0.7933875986487644,2.7565276861981483,1.4024375910814122,0,0
0.6068528424587818,4.54474226152678,1.2432753985648608,0,0
7.540599775654311,58.147415196628934,0.9888533357678209,1,1
6.743161207880045,39.42598563555069,1.10372600011129,1,1
8.0,70.9316570471218,1.081614388205736,0,1
4.11920453053728,6.03647163267785,1.119421873697355,0,0
3.037800571228821,4.536014083498128,0.468160159817963,0,0
4.407025395221663,3.999499804957872,1.1479159255782476,0,0
7.423754475777063,43.876692433601576,0.9656135990010561,1,1
5.170018882149691,3.685090620007837,0.30078336408042616,1,0
3.2830921601143794,6.503743945419012,1.0675448741058047,0,0
5.716415962620368,5.723092030513782,1.6380680771194402,0,0
2.867847302345094,6.351125436846597,0.6940846453148741,0,0
3.565329920544337,5.810774503960641,1.6443319019225553,0,0
7.965958889613879,48.006503478339674,1.0001654240326199,1,1
1.7957176576515383,1.4942499828752611,1.0463600107578015,0,0
4.137205632601726,5.041161181030173,1.1054620655881453,0,0
8.0,48.82109093302329,0.9439548894307697,0,1
5.097696059469364,2.2784643109185367,0.8464489970903311,0,0
7.154483452864632,19.421537976121893,1.0944099017049413,1,1
3.6666077022208836,5.936657701743321,1.0656769118886003,0,0
1.9408293973288204,3.055969966351694,1.244945939029499,0,0
3.921163738910236,1.3251906225277712,1.389229647168058,0,0
6.961966160928726,31.564138775678416,0.8969875737907513,1,1
3.121087379114747,4.82515830734478,0.7234107090614229,1,0
2.3626862100552923,4.599381113142747,0.9102340274611351,0,0
3.463405697421361,2.248346688585292,0.9450280559664317,0,0
7.101758604150473,27.019321717133945,0.9675101293739501,1,1
4.363051414755257,4.448060121744114,1.4817778512565076,0,0
7.887781058702277,52.00006979194336,1.0147273763466078,0,1
7.628859155335248,51.62059058122338,0.8328357568082934,1,1
4.414029493167725,7.437387275267304,1.1745127116809002,0,0
6.93320696467439,4.976769931214731,1.0116717099730959,0,0
1.6407516790006498,3.273848502173185,1.730177473274818,0,0
8.0,43.3930941248716,0.8288567416771108,0,1
7.506301031804183,67.36047598591963,1.1753360302453473,1,1
5.284483168337799,4.896711248151141,0.8583623213806468,0,0
4.888184227510882,6.4854613435531325,0.9852428053924628,0,0
7.406352341112075,38.69459879518906,0.9134652073737878,1,1
7.611271692078498,48.63577964662299,1.0720158290353794,0,1
7.76463625115939,53.38292533763281,1.0091400942583266,1,1
4.284934843284885,4.344374292925551,1.0438565434823563,0,0
3.891943499958853,4.165522541462446,0.5326163918525713,0,0
5.70815045524308,2.6606207828975093,1.2896853620093716,0,0
7.5310138213268045,41.517558591274856,0.9258200064369692,0,1
6.931342885727892,6.842877776418401,0.9305325617519945,0,0
6.689635037691325,4.336345354451902,0.9697885023239827,0,0
8.0,62.91075320260699,0.9511623997183373,1,1
6.830910057377231,3.426859424447217,0.9351934527432009,0,0
7.234439105746849,42.252089734951426,1.0951232885189623,1,1
3.1852906439734427,2.4617441501451856,1.5726098633354582,0,0
7.690791560313026,54.09707650581262,1.1860304022854848,1,1
8.0,55.501651734836486,0.9146686700809624,1,1
7.2879165759261015,43.789610993192284,1.0225343285617923,1,1
2.6987234433649414,4.486249908161808,1.3358236779448318,0,0
2.4919290472693367,8.115950025635055,0.953849243017241,0,0
7.934198761755007,24.004561763144782,0.8231862035950185,1,1
2.1404824556708455,3.8027731031968295,0.9809727641679652,0,0
6.523748168159889,5.1600916365989935,1.219809760109735,0,0
3.91067921860615,5.966453774524086,1.3660827189802054,0,0
7.35566547458795,33.22435870661228,1.085137089841724,1,1
6.189020754589105,4.8075529282361975,0.8084398760316116,0,0
7.540615806805314,27.35564932734171,1.0801707498492663,1,1
2.721596147393,4.055522329531813,0.638938391744973,0,0
8.0,45.006216439536516,0.9696514309389722,1,1
7.669432373925894,67.82874742837484,1.0536292525214068,1,1
6.582991466328569,13.018347015659536,0.8788446121869271,1,1
4.565164150734621,8.06667894398713,0.8522432878819661,0,0
3.6461314350181064,7.045078826762696,1.1841360708461763,0,0
4.134536957348944,2.4041367170914936,1.0030710110521526,0,0
7.5184617288143745,71.7237680753442,1.0781886255172906,1,1
2.2560011957405086,7.260873228293606,1.60618355079963,0,0
4.674148420464503,3.594434353263807,0.8367843253672469,0,0
3.367349624388334,7.817856234495032,1.0809392231031378,0,0
2.3198414005610135,4.047291532661775,0.7315468102305294,0,0
7.891170828110187,39.511563225906244,1.0682251140134413,1,1
7.750173678751811,42.818628982409194,0.9372567078171751,1,1
4.231677840758691,6.909510475139906,0.9787275534553376,0,0
1.7936811822691565,6.8800636608030565,0.7314662315350642,0,0
7.726606815527744,41.80098460434215,0.9807279680463755,1,1
2.213105240100644,4.963096253858926,0.6654221683231741,0,0
7.300007339681681,42.69276830494684,0.9555860211424846,1,1
6.736883774633477,51.68450448736965,0.9567565552911347,1,1
4.298699649657166,10.794332497186982,1.306932830421613,0,0
7.657905682619868,35.94837531619006,1.0815857531351267,0,1
7.39633455022136,65.12311484775904,1.0191250087290966,1,1
7.886340780851451,39.41372103218286,0.9341840744888867,0,1
2.048691600897865,4.592956753372441,1.058105186814081,0,0
7.9530184751881166,15.675621047772786,1.2336556862479575,1,1
7.2680956474649365,51.584464642407085,1.068460673085688,1,1
7.741148010239072,49.308265523294224,0.7945089073023557,0,1
5.358112836727056,7.752968383110414,1.2565169466320447,1,0
7.832602609027295,37.21754383292493,0.938431060008935,1,1
4.199348239641433,4.25255486017625,1.2359014313229413,0,0
7.469249413954709,25.553079388128978,0.8655391892438102,1,1
8.0,43.178066134777985,1.0748937078574474,1,1
4.055924874528293,4.6819375783837724,1.333394334713747,0,0
5.7208382477219395,2.7485089302254617,1.237181536374875,0,0
2.885462001253524,3.04323118192539,1.1257634639025869,0,0
7.700087464550053,64.80844277545457,0.8846592002887728,1,1
1.6910144057840064,5.280645628764367,0.6606746023702046,0,0
4.775211819404635,4.785463478515955,0.7702294879571115,0,0
2.4467047746005193,10.958901042080484,0.8208168953416788,0,0
7.0805341418311345,47.93997826909019,1.032953433710814,1,1
2.696513608170765,5.164043190106568,1.6489543288698614,0,0
5.248680542555704,7.924034114283177,1.2672139039412555,0,0
0.20258665218734162,5.071067679820386,1.6306250259901565,0,0
6.853219574061969,12.379191212941848,0.7664039727901745,1,1
3.3176012620362707,6.430575235904673,0.7904675883455585,0,0
3.9811760333793615,4.823467085331103,1.888035608899308,0,0
4.851616039202437,4.72531841249088,1.0816350277425566,0,0
7.39692758842358,60.72517999467213,1.0039042362766781,1,1
4.437878515740787,4.586049503816771,1.1104809832002427,0,0
7.706712126656184,64.00619375982345,0.8928623930801641,1,1
7.39953635198149,61.40942589626566,1.0292077706712348,1,1
4.671260624931056,5.040033846764652,0.9846001577643813,0,0
1.436337263511323,5.992230562577676,1.5064814744872104,0,0
7.329486201378562,44.60569457607766,1.0247949917993033,0,1
7.350649198460902,6.527399260049445,0.9737554230918424,0,0
3.0339516064746586,3.9828620473510696,0.7609882894801002,0,0
2.6321047103311006,8.949558419298777,1.3651330504522208,0,0
0.9754603489663456,6.541333621049814,1.2588424297820797,0,0
7.438086157834798,43.61746423338888,1.1274252664219375,0,1
8.0,39.106431791993856,0.9404551578702068,1,1
5.38911566796214,3.060363833160743,0.8382999054079938,0,0
5.324771313994227,8.342776272671077,0.5902189913271406,0,0
7.413897460950847,39.52941822114098,1.0163430952830963,0,1
7.745995788329778,48.77496613819922,0.9270798635557602,1,1
3.9367980258067883,2.6345241106922206,1.4046985446902074,0,0
6.826392070302848,66.49308573668128,1.0445981173583392,1,1
2.333280034406259,4.033216003092626,1.5454545386508667,0,0
2.469923803274364,5.8258761031574045,0.8067574087240718,0,0
2.437888766841199,6.588272707780508,1.0569370588244582,1,0
4.96356397333887,2.449907640334812,1.2579919929281995,0,0
4.3574666308149705,4.965502727578652,1.0779349722091298,0,0
3.1007853330363586,7.59578937617381,0.8418484898247531,0,0
7.593238749084053,55.147508855636175,0.9871199163332911,1,1
0.5280602129846725,3.883218832449641,0.8651764047063768,0,0
2.8012225027870077,3.703890511150962,1.21680488931585,0,0
7.25322948737545,66.09761406129252,0.9312082804646201,1,1
8.0,52.15757579539334,0.8728676739805838,0,1
1.8615924185601878,6.461484941184581,0.7670794872675837,0,0
6.40055843567076,4.1402183486527315,0.7540564031810413,0,0
2.9208805119458816,4.821158536006476,1.2487171464634332,1,0
3.594377420105376,6.807504269490088,1.3008433208839785,0,0
1.277511865417841,4.205739283787399,0.7905973784172518,0,0
4.641640866167432,2.4595981535306484,1.5821446506984254,0,0
7.358518122583332,62.69186886833703,1.0214080936659502,1,1
3.5592830158433864,8.687860428525969,1.0610047960757623,0,0
4.4098254934579435,2.849743347916747,0.8489353939687379,0,0
6.676397059396779,40.64967046180735,0.9337763033021509,0,1
6.713484869151965,62.35403687707144,0.8982388173504128,1,1
2.8040160501057825,6.044738396791969,1.1893491971765462,0,0
7.349403946038156,56.117149834925364,1.0783344789950138,1,1
3.2390395855750533,7.317623368953894,1.2783805435370998,0,0
1.606002775025936,3.1536901813335705,0.6680658114209661,0,0
2.621079168180713,4.649014981180842,1.1490271000236811,0,0
3.057412584581895,7.684518651896538,1.631383902855108,0,0
5.268089023743327,5.499243098276597,1.778350226546319,0,0
2.7263983518427555,6.29245595955717,0.8835685075943811,0,0
7.717235976399416,30.8399192043706,1.085190925401678,1,1
7.706418352050098,34.93647656721933,1.0294901556328226,1,1
6.776516681227726,80.76335913338872,1.0518868830208672,1,1
7.687650555386218,57.16840790801675,1.0124306149019555,1,1
5.204042576933472,2.9514004408609034,1.303030381364481,1,0
7.259474503190413,72.02237469152914,1.0275137600573865,1,1
2.696684599477193,3.9461316339463943,0.9819898406098316,0,0
3.264798540382933,5.813790570649963,1.150007516634246,0,0
3.9469355181573613,5.359676699718456,1.146651444008537,0,0
2.3587175480773337,5.690164584189185,1.1850079094216222,0,0
1.0380372157498687,4.674073932448033,0.5289914065989877,1,0
3.0889200675954696,4.561176037721839,1.1633671105730707,0,0
7.878658728848096,63.20765161364593,0.9453325300283711,1,1
2.0041512932791994,3.463018762379841,1.365832466551364,0,0
2.8950235348727493,2.3287462373039873,1.4438442644370166,0,0
7.556598468324707,52.70956298848574,1.0194561875881512,1,1
4.599026511484578,1.4888789170390182,1.2999715518120196,0,0
5.7653363960085136,6.239560566826382,1.4816753408827592,0,0
7.640188976477066,58.54432958275275,1.0023744804488897,1,1
2.0740630035341727,4.66103680584467,0.8087151257156526,0,0
7.069473560306488,59.95702352551919,1.0482827931840115,1,1
7.897462773627047,47.687963996559496,1.0559441190558634,1,1
5.9419684151798275,3.185111590935737,0.7070876409601392,0,0
7.442304309246174,60.576820769751976,1.133550661789681,1,1
2.272281867946719,5.698542150913881,0.6889956899461108,0,0
2.781762560140501,7.3965115927715654,1.3319547689445197,0,0
3.477228523401344,7.007267270812488,1.0114918777140403,1,0
8.0,54.42292307708149,0.940625281849577,1,1
8.0,45.71546539404913,1.0705417302727849,1,1
7.55328247438284,69.44163078215531,1.0610529927521837,1,1
3.0499232250263253,2.431115782016249,1.4845996755837252,0,0
2.439093616652779,4.968946807744774,0.5256580087917433,0,0
7.147408242714274,42.66351682824087,0.9431182602659016,1,1
7.787874485194478,59.34205111941873,1.0233071754084544,1,1
1.3715264180089193,2.2814593782184445,0.9288821249111601,0,0
3.3408835552718883,0.0,1.225272467876492,0,0
2.2207240220458715,3.6921339877703105,1.0443661681029388,0,0
4.684725321864863,6.947174335962805,0.9571494104992498,0,0
5.7007940419915215,1.076680125663969,0.8151538315801692,0,0
5.066284471950398,3.566477915750986,1.4517508463448856,0,0
4.897701240064256,2.2348885562756586,1.1515341448437415,0,0
5.9861291293536985,7.8465550214616036,1.025041393287588,0,0
7.362273799547515,65.06133890150276,1.1282804463441818,1,1
7.01748993392055,39.994779402171794,1.0411809408041233,1,1
7.550298585947425,33.31670888395237,1.0114037508316278,0,1
7.502745422208961,67.76594569393144,1.049212679534903,1,1
2.857333653510654,0.0,1.4009666296100507,0,0
7.196979077735401,64.0496224549112,1.0365800585717697,1,1
2.0883301508369754,4.7602768904470745,1.087148671850213,0,0
1.5754745461840285,7.1454507197735495,0.7062321330115414,0,0
7.964471997722528,59.389557049971316,1.0727605839588765,1,1
2.8290160550812926,6.944703224086743,0.9636985047779725,0,0
7.625559955236794,51.264179157627844,0.9355250827533805,1,1
5.28964582716186,4.731852114567864,0.5137395317222299,0,0
4.864298484159922,7.033288779663053,0.9522255210836643,0,0
3.023520534516142,8.166174573536459,1.2979218432872321,0,0
1.6992366373279806,7.930859754819263,1.145698870903078,0,0
2.3303158674750626,5.722051766658269,1.1370854657088412,0,0
6.37446338780801,64.46609885410659,1.2601219758813995,0,1
3.914559329765429,8.62020028925068,1.33451967394039,0,0
3.42750012528641,6.572536762978421,1.2443593926391772,0,0
4.099513692497421,2.619942933756256,0.6416802698608381,0,0
2.7581915406983635,3.6808162793776185,1.2856673026808596,0,0
7.480221035108062,40.46619348944174,0.9857349074589722,1,1
3.2064599592246044,6.4437297411301175,1.2802133239205504,1,0
2.1176634168360673,4.703247152545768,1.2115007322016074,0,0
7.3760557857010784,55.93201206561511,1.083146484343158,1,1
5.3321017189856645,2.8199251601966475,0.8308856137063527,0,0
7.981583059891873,68.1690248516233,0.8645804728727828,1,1
7.704854472652979,70.98430980635428,1.1595253954972766,1,1
7.725964149684631,7.190154664574843,0.8650888806133573,0,0
7.603568479324522,23.00317065220101,0.8159640866367138,0,1
7.171675068681389,41.63782459026942,1.0213367623772678,1,1
8.0,68.01783745947819,1.1067241213531784,0,1
7.788152578309197,56.02926731880395,0.9965268326740846,1,1
4.5422177776739705,6.778998558865119,1.240417136261003,0,0
7.868248905011571,36.94146857829565,0.9661118852896134,1,1
7.714353194900916,34.54276902224921,0.9491882521039765,1,1
6.867413477537939,4.975052411127092,0.8127877600602222,0,0
8.0,49.79708193222662,1.1584489408259364,1,1
7.496788289989504,25.55520583820954,1.1251176693420284,1,1
7.980366078817119,30.912651720699895,1.0314047198687688,1,1
4.925531429461973,6.324570230587213,0.9658981124580337,0,0
7.097153001438098,30.814785231205963,0.9624135792740673,1,1
4.985383922604379,6.396869970843754,0.9798912584536282,0,0
5.158402220318042,5.809039375980737,1.0049493223439188,0,0
4.806683540857167,4.834413202483573,0.3689535165610728,0,0
6.774659830266618,75.59633621380891,0.9214857844557185,0,1
7.505426795865513,39.43471146415352,1.1751790722680235,1,1
4.739729506345817,7.304145703399923,1.4219943017553487,0,0
4.213406425299654,7.2491987998831355,0.7177748821978145,0,0
6.873389303741269,7.091726857310844,0.6236871598488403,0,0
5.804374836059739,8.629705146695443,0.9928353159326613,0,0
5.188520702646118,6.486827208760472,1.6030092948703516,0,0
4.204785517844155,8.043725840102894,0.6778533445026544,1,0
7.3120976558532105,73.85139475915868,1.145699491353187,1,1
2.232248331505777,7.192736240178476,1.1720022084915127,0,0
4.788994012130512,6.312780502225488,1.2999195466398024,0,0
3.4216476019941657,7.404518768564612,1.3963409332920556,0,0
3.654674863600402,5.6287823578405485,0.979603020415752,0,0
8.0,78.84185315135852,0.7961823015680202,1,1
7.774988173120571,64.18610956673275,1.037941772666572,1,1
6.9035329961324665,52.59329306313846,1.0573173814908965,1,1
2.580363371270624,2.6531046527576834,1.629801330452175,0,0
4.868131928043851,5.401156627908364,1.1600077225524252,0,0
5.433050302040169,5.571744267115705,1.1858895584860123,0,0
5.158606603236869,6.139126151514672,1.3420446174784086,0,0
5.9467646299099535,8.401828651477722,1.5645207016913125,0,0
7.867220376417408,51.07457105682835,1.0735219122379465,1,1
7.35135678409827,67.34628170684297,0.995427037169658,1,1
3.843092365721255,4.330270363405892,0.7075550349086845,0,0
3.668884429654006,0.0,0.8417172212818247,0,0
8.0,60.502636665899146,1.0676737622463057,1,1
8.0,63.739011349111934,0.8623658284981142,1,1
8.0,38.441294640901795,0.8631476660311512,1,1
6.649272896082108,55.596628673433116,1.0921544596384667,1,1
3.1513068390810792,4.855193817581491,0.6970904511166052,0,0
6.935382407590588,31.499610468687333,0.9880739074108534,0,1
7.6581203355697225,74.15184658764359,0.8493919412233216,1,1
7.769777373782303,57.52167194202893,1.0005764545702929,1,1
6.265950756157087,43.323196387680504,0.9971646548737109,1,1
7.35553234989393,53.32199264360612,1.123402983338822,1,1
7.040208227543769,64.5048736722121,0.906285424249582,1,1
5.472863334714745,2.2378229604540945,0.9130991593669281,0,0
8.0,39.06141227999758,1.1149482652909328,1,1
6.462701564211725,4.10944113306349,0.6677511874804838,0,0
5.487486168961762,7.068957926166714,0.6050977966126126,0,0
6.6776483139412015,71.04812811881547,1.042242568723537,1,1
2.477093249170902,7.026660391149864,0.5106564217598514,0,0
7.382895360943281,41.94036806300297,1.0394571849420569,1,1
3.2291875762596423,5.613190069589141,1.127573776406159,1,0
8.0,48.31806515391309,0.9104330807537491,1,1
7.673428983101507,46.70087101436826,0.9935605066398038,1,1
7.2753853568814195,69.2512570031723,1.162657043290999,1,1
2.555184546872047,4.446307324166195,0.9604591704890088,0,0
4.845396609148871,5.825033130909614,0.6877943684462169,0,0
7.231320564738867,48.28214494830279,0.944040436183499,1,1
8.0,42.28439370112392,0.8980257871961828,1,1
7.602740668109101,46.159445687868434,1.0146535294086316,1,1
7.782636352791717,63.902192764216124,1.0098670584930165,1,1
8.0,15.876537508201501,1.0904023397519553,1,1
7.8273594714262975,20.36032363915594,1.1500766644008213,1,1
7.328169920934276,44.72304775588456,1.116707586130726,1,1
4.6489080844453445,6.759752475139056,1.4054909720981412,0,0
8.0,51.49850458618769,1.1018692138355104,1,1
6.999566481147897,35.51507146904314,0.969555365889976,1,1
2.5903539650301997,4.617855988058651,1.280491926435153,0,0
4.704208153943384,3.625791471035508,1.5839224389937367,0,0
5.696023840772536,7.424415072542924,1.1715764551211112,1,0
8.0,69.71479593508346,0.920880728545311,1,1
7.554643699328546,41.70629211559569,1.1224201188984386,1,1
8.0,60.26519216717493,0.915429786561928,1,1
7.25319648657928,30.51937359091146,0.8742582026229765,1,1
0.7069731437491877,4.796527083127028,1.2771759454765268,0,0
4.03673888973333,5.7357285987766495,1.415633441508933,0,0
7.88382564024298,48.40122757348964,1.0472499477031052,0,1
7.537414956313925,63.045729409669235,1.1171489471147107,1,1
5.689456374080999,3.41360406543863,1.3783360890340344,1,0
7.456728251870047,34.72686712993282,0.9381096364577626,1,1
7.117988300695591,55.05491799777065,0.9620844958293321,1,1
6.908676215085976,63.04309430073728,0.9882421042468048,1,1
6.942515650945258,34.47350929855996,0.9760715209226981,1,1
3.8774255299154614,4.989226779315947,0.8130960543570346,0,0
4.947369047454931,5.5208184218334795,1.2747880023264373,0,0
7.823454889251197,55.876813973994246,1.0053580853244837,1,1
0.35216684192793934,3.403919188741889,1.4596817085400287,0,0
8.0,35.222554492893316,1.0401463409954521,1,1
4.774006870751293,8.75497350532281,1.2443596913586028,0,0
2.4172842526598184,5.047345663596742,1.4310470385751204,0,0
7.79526528261801,5.834795267674986,1.34942298921672,0,0
6.253364343761858,7.013284349461603,0.9906460112399814,0,0
6.9745826708668615,54.2052119291705,0.9398856391552988,1,1
4.969721887697249,4.0949997356925785,1.6905966860855897,0,0
3.3590354299463945,5.439774798567073,1.999401207023565,0,0
7.662929088378408,63.673239653989214,1.0321267561380567,0,1
4.840071533902875,2.385105266306104,1.7132402242135785,0,0
7.375054767645703,52.608521911523354,0.9818896190355377,1,1
4.2855865564908795,5.699980674514913,0.7206989173418226,0,0
4.976516035247674,4.558211244927735,1.078353915005055,0,0
8.0,69.81991465439128,0.8648588417514022,1,1
7.6462409771471425,82.01234693368757,1.096559440548281,1,1
8.0,59.1687583274814,0.9371078376228018,1,1
7.531563832307868,34.247666457922264,0.88856024613665,1,1
7.696050072449779,67.6920900882745,0.7581502688272298,1,1
4.680969702164459,4.182809988597997,1.0632443811238752,0,0
4.668307698697231,8.290814979586594,0.8702171877311985,0,0
8.0,58.50898386414755,1.0858880915788898,1,1
5.135735095254953,3.2418580503433065,1.1102254408503776,0,0
2.9147437477505784,2.014083266552751,1.025444615556607,0,0
3.0136142558432226,5.096352279906924,1.131138099710391,0,0
8.0,44.67337596827471,1.140522461965231,1,1
7.327114815962023,68.74685987460919,1.0799763710135222,1,1
8.0,32.52313170963325,0.8390396872914505,1,1
3.189925817732137,3.9061406780775245,0.9058421387736364,0,0
5.418921637223761,5.252737457747599,1.8987311351512668,0,0
2.616833119025884,4.935067980691557,1.6386887543260467,0,0
3.910583526092198,6.778408847035617,0.9840945218428123,0,0
8.0,65.69624921456413,1.048888229666407,1,1
8.0,34.04217613077305,1.1407029322736055,1,1
7.567994788452699,53.833967632389125,1.2113006456096878,0,1
7.442893152862308,16.6865688151791,0.8949490965462167,1,1
8.0,21.533138253117098,1.0176843160400224,0,1
2.990944584267313,4.585677428524481,1.2619252696404484,0,0
3.9645263346400017,5.835151081637602,1.0860123680100153,0,0
5.932252626738286,6.835785798224813,1.4844854541789807,0,0
2.248697720995347,6.613098773828236,1.4572697017915075,0,0
1.8244929921090605,5.1447793469117835,1.1850897011284256,0,0
7.598932540441089,60.63493254300315,0.8622145097452484,1,1
7.834973160890138,63.94778393757008,0.917326261661301,1,1
8.0,28.772053857073846,1.072654223231921,1,1
7.364499658646436,46.595255708361016,0.8609407654456698,1,1
6.686015483885383,68.06059967738958,1.006437012675262,0,1
5.882279753990522,0.0,1.3741912232960356,0,0
7.075137307915861,52.68457112902004,1.1461531290732623,1,1
7.541413465338077,66.11331916228502,1.0918528142201662,0,1
5.77370865169774,6.907759992928835,0.9582859146029179,0,0
7.268747453728981,47.32046618136757,1.0161304652237684,1,1
7.645248841244503,47.73893268533367,1.0793400580506483,1,1
5.977105458836924,7.090436879988989,1.0826915577708314,0,0
7.379909568054425,50.313095525076314,0.9836941706382774,1,1
6.199422130643596,3.6128091085620633,0.732865073427317,0,0
7.67606667321138,60.43259128632248,0.874931602029227,0,1
4.808563140726514,6.312144043360776,1.4301474153815432,0,0
1.79855336808677,2.415759668664566,1.2729600814066253,0,0
6.957221104432859,60.9851404889341,0.9828006327222674,1,1
7.332047947731799,54.69687195394037,0.9865167444391315,0,1
5.767711201489499,5.409550758780576,1.255169422904777,0,0
7.677365594774669,26.955561328804514,1.1264661755111556,1,1
2.5957565255773174,7.329418787300894,0.8410219123791804,0,0
3.8100544696352094,3.7093427954040123,1.0006126436670237,0,0
7.005889880025054,50.35714999848222,0.9614298868791007,1,1
2.3378140513284045,1.3683369850545395,0.4763458159175221,0,0
3.3865034710607906,5.802614329226661,1.2398455606446905,0,0
7.337219270731438,39.050832750554505,0.8681116455037858,1,1
3.1884385746280075,6.603691569511982,1.265734847085771,0,0
7.812912212854925,16.91225753226655,1.0040991218803013,1,1
7.4034197262963914,36.178539683010634,0.8793146319058115,1,1
4.266608791538761,6.6991993976167326,1.2489210665216823,0,0
6.827972421264581,37.19197085065886,0.9209246231159449,1,1
2.8638251605958054,5.0527366591608915,0.8059358915910606,0,0
5.493579774754346,6.165081559555904,0.6821147935939333,0,0
7.240078118568776,48.008516655830505,0.8885682954096799,1,1
7.8196974651709805,35.885495635942576,0.9444500810677475,1,1
7.0190458207101765,80.0901521854818,0.8234617278558617,1,1
3.836138550263102,6.411557603925163,1.672694858058216,0,0
6.2979397832648605,43.9285853878748,0.8450512710921215,1,1
7.7200472153517365,36.79273959093515,1.060550174838954,1,1
3.131900229481052,6.4950634496472635,0.7498673155391331,0,0
3.745919780830248,3.049903077481979,0.6875338066998876,0,0
2.8391900024800343,6.59410489589253,0.9953833645420556,0,0
6.12829708117968,6.729663782259288,1.451310928000131,0,0
8.0,80.07624031807391,1.0104892999883741,1,1
3.6660623762271696,2.5065714865005138,0.6913905464525212,0,0
2.369920735473004,1.467464581427799,0.9367416850666805,0,0
3.0795935776712735,2.8021913864400525,1.645760438655119,0,0
5.897066663559211,4.6903770857439575,0.9548580645074577,0,0
4.643336426038174,5.126661481049727,1.0119246381438494,0,0
2.5165923743190826,4.160666613177289,0.8724990764069612,0,0
5.687933782778172,2.607545713761229,1.1865731356156324,0,0
7.369821643245125,52.62004239901708,1.0171151260630438,1,1
2.9132130128564464,5.697154583070123,1.1970818244310122,0,0
7.80805965826363,13.609454157534643,1.1866239689575073,1,1
4.452906780077418,10.55532386591442,1.1563797110655987,0,0
7.496822124242044,61.87639351786818,0.9498364591123071,0,1
7.453905648541933,35.62433957221449,1.1436263437094314,1,1
5.246045434140681,4.198907714547822,0.8532300864682514,0,0
5.473636818785199,5.592749755467229,1.0795164644708053,0,0
7.842333736578059,72.5075921154883,1.0360717712942966,1,1
6.861494908566472,52.845666622746776,0.9583825930192559,0,1
7.276112666631645,75.80896651552357,0.9342957799783198,1,1
6.104526478695508,2.9035710651838436,1.638600462282365,0,0
3.4315578158655153,8.037914716176584,0.6972992341728632,0,0
7.364667264969741,54.77725879023051,0.989200321060151,1,1
7.1897666087822545,46.71761643099024,1.0083926755690398,1,1
7.275691803744415,39.216523432309,0.859956343940367,1,1
2.7462321305575985,7.224443423287584,1.5622920510755685,0,0
5.072261521233262,4.276197961890911,1.6810707043515831,0,0
7.7368513989481675,23.520658309607974,0.9987234676202841,1,1
7.98143594883101,46.57488684256243,1.0496025341504513,1,1
4.783637984074076,4.721021968872146,1.1642964738579218,0,0
8.0,43.76139424194791,1.0681268174508014,1,1
3.4631184911720716,3.8000834343879526,0.6829761521280908,0,0
4.311583450665194,7.761212871387478,1.115297354644964,0,0
7.6045561937216775,56.976316130370165,0.9541032602055615,1,1
7.371005032576637,78.26087704197465,1.1091023451759154,1,1
7.238041302985662,59.433444391901965,1.105059979634365,1,1
1.468697001802974,3.3863681582407965,1.2517460894318237,0,0
5.909708120631031,7.791418037478596,0.8152918343241176,0,0
4.258423199242164,3.8951790974140605,1.0941508683998338,0,0
7.309792913897109,52.19948072140403,0.8154809640628075,1,1
7.370459313468002,75.12625837659081,0.9849010865660865,1,1
7.335819047628648,44.24388150540861,0.9870596692582828,1,1
2.1729868751054675,4.4232096545717905,1.730267890857976,0,0
3.91895902036838,5.037822853642288,1.0074933165654605,0,0
2.937464291750855,7.491311149643512,1.046652609949118,0,0
7.379018847690235,76.4111311092637,1.1564618287685666,0,1
7.9873128314615895,66.77239376018873,1.038990824093972,1,1
7.8613025205709,51.4983011143841,0.9415054303769187,1,1
5.0179060996762885,3.216499966864039,1.154711248664727,0,0
4.545391861481287,4.248156228590565,0.5266005731246208,0,0
6.6403650272830115,45.95687524829538,1.1345290037044473,1,1
3.9700438713649895,3.7328896702212893,0.861748475878645,0,0
3.9326086866594197,7.735495749524188,0.8776228333508416,0,0
2.3947187351747488,3.5397038436086863,1.6771510270695302,0,0
6.996770233519948,76.43288510700097,0.9168288035859155,1,1
7.869827164617313,56.931091659691376,0.927127416931644,1,1
4.441659841114314,3.899179429007023,0.7252176346397718,0,0
7.357874565049708,56.37874087744499,1.0025804995360637,1,1
3.7788062085477954,4.367605340399959,0.971356709479957,1,0
6.818625655723478,27.177151321320267,0.8470901119381729,1,1
6.021936492735978,8.080678374406368,0.6308464177873196,1,0
3.912317076096447,1.5306708355143193,1.6029754602129813,0,0
1.995102732902807,6.678916984173555,1.3249009150067366,0,0
4.775070428942742,3.3868426184406992,1.0424871121196846,0,0
7.291070185127133,55.669211710155125,0.969413897173641,1,1
8.0,51.46675162926071,0.9703590794340468,1,1
8.0,40.76194287297325,0.8851641266977561,0,1
1.6569678026528027,0.2373131320887003,1.1688953669278441,0,0
8.0,27.095905953299695,1.116962510099861,1,1
3.817738137134504,3.3127240031238885,1.1760343356643148,0,0
4.077157167714689,1.421536940543068,1.0856878688066773,1,0
5.236604975231739,5.024363251972168,1.3778091972863626,0,0
2.7619872831701597,5.457338135724923,1.4295315527879568,0,0
7.242315081618728,62.308035815389424,0.92330071771942,0,1
6.444079379215628,47.33375975459886,0.9811674802594831,0,1
7.099128623784385,29.636865503148126,1.011432418519408,0,1
4.657815710236994,6.9607332860600915,1.1258114757560511,0,0
7.196489131136186,44.03124264710996,0.8950364973736904,1,1
4.009427296721014,6.719380318150608,1.1570057864374355,0,0
6.965504028006794,44.560937610871015,0.8442853556666492,1,1
0.22903151293866575,1.6663582966691584,1.291812554010908,0,0
4.128588870900092,5.288696555080433,1.279642446952985,0,0
2.613746007212752,6.750621230931087,0.8686899891267323,0,0
7.680356920942752,60.07811660122948,1.0398092459698738,1,1
3.4254601362517647,6.780178138399653,0.9899169053407009,0,0
7.603485706928254,60.49466089350867,0.9445022270512702,1,1
4.848415768150396,7.115395608143277,0.8725692074963087,0,0
3.0361249414956806,2.814533657084224,0.9307027135420844,0,0
3.7614894381512842,5.928742465078135,1.503420816518578,0,0
7.1789607999104526,40.015517440920775,0.98861665106014,1,1
8.0,38.41976593927756,0.8175884754855486,0,1
2.91404821960108,4.236715235686865,0.9696011683855877,0,0
5.9664935626693625,46.03214795163693,1.212318724217928,1,1
4.651366779402169,1.7998076836260255,1.339343240932726,0,0
8.0,44.80311999685078,0.8408900196381776,1,1
7.8195624338570795,52.43896991202192,1.0557084807620052,1,1
6.876672089597346,3.348317013103549,0.7915435562152169,0,0
3.0978903897596126,9.296643275198452,0.8844035258873995,0,0
4.9377650669577955,5.798019767242192,1.3997554460425485,0,0
7.918650821475289,21.854707733260692,0.8679707268656558,1,1
7.501316523094468,36.05758960941969,1.0248326974102284,0,1
7.024270089791995,74.28382955468838,0.9115704605241823,1,1
6.981650315541248,82.31964568825293,0.9822544080170953,1,1
2.8491057807392464,4.2216518000553584,1.3404567876306444,0,0
1.480752573767055,5.312357720297104,1.361935141003205,0,0
6.97635250304941,64.60256123568288,1.043707664957306,0,1
6.1854759976393305,5.056083488374345,1.0335552980933005,0,0
5.182095001573312,8.026753289136195,1.089069210050049,0,0
4.806428223496877,6.450071159293088,0.7375224831412406,0,0
4.588130946645194,5.777726409510512,1.3850257380776487,0,0
7.519729226773014,38.03148012942674,1.1404222927813352,1,1
7.52774423553246,45.64483065450629,0.7792103149355936,1,1
7.839205597349508,71.20166098545951,0.9550009028941988,1,1
7.703337728744093,41.098426471733525,1.0564672539130366,1,1
4.860311329786639,7.812200803294502,0.9724669246458567,1,0
6.874632977443397,62.586022201828136,1.1020803684841622,1,1
1.3283923482657474,5.120751754241088,0.7055400224695726,0,0
5.448558817108797,3.683683284453017,1.4259006887779513,0,0
3.387690041946437,4.503908491743787,1.2655219985979986,0,0
7.852195329929796,45.358760964743745,0.8028933353635077,1,1
8.0,71.05494570353312,0.9554926046089273,1,1
1.7839447169172153,8.72175986216679,0.9076256042319146,0,0
5.75356547086377,4.941158001023042,1.1246924351661685,0,0
3.078833767590302,6.0770716257759325,1.1450470848087684,0,0
4.478581899630685,4.539998838766631,1.0144579864041756,0,0
3.564874261342799,4.024810689453222,1.5339947643635419,0,0
4.112605171628706,4.758797594843441,0.8598927081518808,0,0
7.107675566475586,8.880497718959305,1.0255181588970115,1,1
4.090022247698682,6.604739657290159,1.6494233446039992,0,0
7.160724120140144,59.81963404688757,1.0953020297621991,1,1
6.968121548131038,50.28488764065391,0.938306084363024,0,1
7.954639973411719,34.38512043282941,1.1476724323434238,1,1
2.583702500622844,3.719513946560939,1.0196448030789067,0,0
5.579756429862574,4.273304334662552,0.8224401528658469,0,0
5.89571858041477,5.786051264985404,1.4479409727740127,0,0
3.754060226354398,8.29397541910727,1.7194541815318147,0,0
7.428325531277673,30.429651415839277,0.9953384556558825,1,1
7.607278226092105,59.989107639482945,0.9690848003605773,1,1
4.693103896495324,0.9156019481703765,1.2639343444246545,0,0
8.0,29.244811275764874,0.9630534008386834,0,1
7.539750636730313,20.1316523062336,0.8401296297403524,1,1
7.869477427091552,41.71321216473378,0.9097461155083111,1,1
4.62199114791785,6.39972189786158,0.8903899397593531,0,0
7.611730250403283,64.0843966072239,1.1795475479462487,1,1
3.9094616808168734,5.039005983650042,1.4440673266360615,0,0
4.589082699201127,1.8660304387706956,0.9643322045180011,0,0
3.3452495989992403,6.97485827612851,1.1862858951630162,0,0
3.860389575782804,2.6630130024343694,1.3376550057439354,0,0
7.906119582751473,50.25301834003166,0.8864588812213898,1,1
8.0,52.35109280894234,0.8515694107362267,1,1
8.0,44.00877996228568,1.0354461561177717,1,1
4.142546462631459,0.13554236455606894,1.3655201929100707,0,0
1.7785161002932246,1.700479762355112,1.3040407446614546,0,0
6.687079305785874,50.797122418301406,0.8639260637120365,0,1
7.136263716342624,73.27388939773606,1.0106669891530053,1,1
7.825178132443035,59.13899137832182,0.8615311507495533,1,1
6.987652196828388,55.02258874098686,0.9819744507757144,1,1
6.871786629093275,7.485025269934566,0.942609115670894,0,0
7.644097366663585,47.820495081562356,0.8906241618381501,1,1
5.72761291254121,6.654408967947489,1.1072470455392966,0,0
2.7531904919275654,5.295609868773746,0.8220984178370767,0,0
7.041955476503454,47.08975110185302,0.9441632801800025,1,1
3.2175816260875933,5.347227955896738,0.5455216873835126,0,0
7.5704345498647285,34.00339168662898,1.1323044087335827,1,1
7.687995297960923,48.485303588228064,1.0992268824154081,1,1
8.0,59.39873018093733,0.9330488170277502,1,1
7.58022590505451,63.49480420624487,0.9931831429019826,1,1
7.086392768786556,45.53005894693737,0.8773925457948906,1,1
7.884942800041112,47.02412583788187,0.9784348990089653,1,1
2.2655334599652446,6.966039465756091,0.8803286483962952,0,0
3.289997148199034,3.545524240573039,1.0422026208116382,0,0
4.194257767503897,3.8664165236731662,1.2810908512699675,0,0
7.817772029181354,5.602876804739903,1.2770036094979276,0,0
0.709078151642824,7.429951502432425,1.1411275305114228,0,0
3.7733194216146804,4.820415681830684,1.447495147640866,0,0
2.743124172965497,8.236075399567767,1.019411410956475,0,0
3.208491403877787,5.27933874474091,0.9474175983826898,0,0
5.009377982404374,7.639805210308821,1.165770763184154,0,0
4.374464524398865,2.708377120706895,1.742805078938709,0,0
3.5840440135828224,5.783154980910311,1.632985171792188,1,0
1.7572454632401042,5.448188076916454,1.0625386060052526,0,0
7.200272493778769,87.08662259848506,0.9549938981272298,1,1
7.414799121081268,46.80787954061671,0.9880892911241428,0,1
7.067370339825684,39.63770848751779,0.9726218125575845,0,1
7.150123768324093,56.532205721156984,0.9327664416820135,1,1
4.817508892039996,5.002614233864282,1.3771356333588898,0,0
1.816477054602346,3.4901933969978014,0.8009389857595355,0,0
4.466408487326132,5.144097730752683,1.5341528806003681,0,0
7.105925168027353,0.26641861211583695,1.2858985460300127,0,0
3.95595121901773,3.649664003560852,1.1652237714273415,0,0
5.967356455377128,61.159991912236514,1.0225935829725261,1,1
4.008845293131986,0.4635910399853822,0.7936450831469172,0,0
2.518304597681011,2.0228306226136024,0.9565090368068228,0,0
3.2720234577320744,4.8279134625520275,0.8384043423569361,0,0
1.6719183754033793,0.9599663922566304,0.8496771359621405,0,0
7.862062350102977,61.091505933335014,1.0824549082710324,1,1
7.754185922635076,64.6410430676809,1.142130307644165,1,1
8.0,70.96996065468198,1.1045099694042615,1,1
5.635891699124524,4.459926505321282,1.1463098756731518,0,0
7.574119248242541,36.63183110044249,1.0372053068441685,1,1
3.8105256578104507,6.013050101562119,0.2345711216171582,0,0
0.0,6.292049556570156,0.8363245200420896,0,0
7.3126369474732265,36.001495952790734,1.0172311189055945,1,1
2.452551066694285,1.8909362268411272,0.9725514978928437,0,0
6.641374919598811,4.104407123694719,1.2026304151304805,0,0
2.5412712931836867,3.898786426040128,0.7002391455112325,0,0
7.9763270482220765,52.006577114089986,0.969625804871647,0,1
2.7143994696780736,7.420397968246517,0.6006200249119689,0,0
7.005768598645864,30.376099036909416,1.157109271535908,1,1
3.5781025668637123,8.602928266594025,1.3630056131940251,0,0
4.814303256938987,3.6060467863389043,1.1378353340963612,0,0
7.238950432079791,69.67170373720916,1.1967303442976118,0,1
5.684771180388875,5.710048685536141,0.7278424451878741,0,0
6.737681611202085,81.5016578506607,1.0962753079754066,1,1
8.0,66.7723623143225,1.0223243654180239,1,1
2.803004610364564,4.5226934168684485,1.16429626397295,0,0
7.995718326649812,35.07120695774729,0.9046520450502211,1,1
7.709015904415069,59.72114837925461,0.8582530764749312,0,1
7.801893264565336,80.87725302801405,1.162887742715466,1,1
7.806389242051765,59.16206373248423,1.1761198525936702,1,1
7.333515697440662,12.294916247310198,1.1308243739725388,0,1
6.453653819700552,48.906966868128166,0.9882162353936786,1,1
7.8665059356303955,47.98005979968323,1.1653484158052816,1,1
8.0,59.19748942249912,1.0437287687536183,1,1
7.893254268358612,8.688276538027615,1.0203520524830088,1,1
7.9167927163260075,63.81569653157802,1.0468578598473373,1,1
8.0,44.13028087625973,0.9927820896346435,0,1
8.0,60.123978145771,1.0143116952665843,1,1
1.707123304799374,2.8913746361804784,0.98298576441582,0,0
8.0,44.445373559002945,1.0563924800493243,1,1
2.717660586853846,5.731631099154486,1.4587144036339437,0,0
2.481628651877479,7.372468198583137,0.9122455927224561,0,0
7.755473109929571,66.75609169363254,0.9227320316023897,1,1
3.3496322238106098,4.866153935046043,1.4486392417560883,0,0
7.856459654939714,55.051099858305975,1.0443227552598118,1,1
2.8232920634207703,2.63993675220446,1.433163646530914,0,0
0.0,1.5546329314908216,1.2935272019756894,0,0
7.00003850534615,33.01251475818105,1.072677500890794,1,1
7.295122918864744,39.86678624056654,0.9930401789990811,1,1
4.265060115873848,5.3235731569375035,1.2210367040034449,0,0
3.2153473152968592,1.910852313706497,1.6985326548228983,0,0
3.0284480506626124,0.0057625128907190515,1.120696744007731,0,0
6.969023435640006,29.439430387240968,0.8313105608323494,1,1
7.75494458679666,62.61887769844649,0.8532945972083865,0,1
8.0,27.224966125946494,0.9474389052212939,1,1
7.871861153369352,63.83279039550573,1.023342652059536,1,1
2.721339776105797,3.9274719418611657,1.3018137471831752,0,0
7.608716033340095,30.236238174982475,0.8872867339949566,1,1
3.4564570385706137,2.162612136101764,1.7122505234276644,0,0
5.202094821715608,3.5663119433489756,1.0955480142279954,0,0
3.267110872780459,5.571547692373992,0.610652954102523,0,0
6.937956354510742,42.85174120306082,0.9714631882707874,1,1
4.267543562525582,7.6831955989918725,1.0704469999686235,0,0
7.544005122471643,46.174692744179346,1.0654216769917084,0,1
4.951919001074373,3.6277426265384616,1.158760126437531,0,0
7.008675709458841,59.94767324412324,1.1193233226064252,1,1
2.7772310041978314,6.513667757665996,1.197272754821799,0,0
7.2258322295807895,61.02175674199175,0.8525569278713467,1,1
0.7806133265941471,3.8640350755243396,1.1447120671990139,0,0
2.9422580419029982,6.4190250405904,1.2742956598998416,0,0
1.0819467570412007,4.812517535089532,0.7163039199412224,0,0
7.005279705828191,66.27241795400293,0.9960496835902273,1,1
3.399756672676075,6.319741483481937,1.1227712671705772,1,0
0.4670054828201229,7.538794808520661,1.1387867194118633,0,0
7.700470406857457,72.46816439875418,1.0136500220985756,1,1
7.785063026731706,73.5908308368719,0.9413932875405482,0,1
7.651261728473107,35.49493054193037,0.824269716993947,1,1
7.599797064825632,29.202971166976244,1.0920373093520257,1,1
1.1164775807461753,9.238748865979517,1.0650026783019355,0,0
4.752608480480056,6.017468783348448,0.7832817620470628,0,0
7.0368760013953064,32.283595579104414,1.0099868231810787,1,1
7.067530475953362,58.921814877272205,1.0056014046782942,1,1
1.8871798781188245,5.775143968524972,1.4297691669484835,0,0
7.399864049677263,58.125770750539495,0.8401195846424507,1,1
4.185889174672841,9.897553912074605,0.7895496740887848,0,0
7.948734293713072,32.3685165561854,0.9567136133712217,1,1
7.070511328931277,83.97605942939629,1.0189619500893807,1,1
3.515207238260444,5.362276683518599,1.2285690505574087,0,0
6.888760315054092,57.86757074604503,0.9116421480320549,1,1
8.0,48.14184203324386,1.0048043093114882,1,1
7.755334965123743,28.59838815559045,0.8959845119941217,1,1
4.426087184164692,6.259991828197388,1.6592239895362084,0,0
7.805578130339671,53.9993532398938,1.1554333449714906,1,1
2.938560597345014,2.1021077402459496,0.81132185111522,0,0
2.8580143502344564,0.515715237252528,0.9557247401699258,0,0
7.931848395920383,36.933720056721135,0.8170655002988015,1,1
7.881023519451124,61.626134875095,1.135225890363433,0,1
7.90318699788424,63.29751959139937,0.863647191740047,1,1
7.520668767758801,27.00023171735544,1.0391090336323163,0,1
4.119509298139533,1.9093861557620673,1.096085365489344,0,0
6.906068503163494,4.958420488119094,1.110842503453693,0,0
5.660105936288325,4.6768614836383025,0.9945350641816093,0,0
8.0,42.62107443631028,1.0409366302957639,1,1
3.2329480178743535,7.667308445875996,0.9509321883864936,0,0
5.9537941091038995,3.7861766203470992,0.4350230182406062,0,0
3.7566859826860144,7.376820953826601,1.2554122717472813,1,0
7.761722631877667,81.20611160056488,0.8149713541729899,1,1
7.652830233070712,71.96011249430126,1.109718269770752,1,1
1.0784894965025602,7.867196999137672,1.1735315415469414,0,0
4.85641729259403,4.8124687426537145,1.277536517692297,0,0
4.83048511932249,4.4100917883585335,0.7980102353617133,0,0
7.742623526905393,59.13897195316455,0.9037395205430142,1,1
2.8433070363599264,3.126504763469764,0.7596573982176213,0,0
8.0,64.65924963824224,1.1034907786261596,0,1
2.5040291867104143,7.5906480811891965,0.6826349275971432,0,0
6.333715165426698,48.07069623804233,1.0984264032552504,1,1
7.907583865752628,39.05884724926519,1.2190407133347363,1,1
1.0200206058276944,4.105851582185716,0.9767115632128838,0,0
5.528984365300608,5.305871148152035,0.6511657901449757,0,0
7.208138531548485,41.9852283168485,0.8835436472564363,0,1
7.247389453972536,38.15166472247186,0.9318474588274124,1,1
4.0121719769412305,7.810001160304743,1.6967583014671823,0,0
3.1614997764006,5.990908045581424,0.40095316012787263,0,0
7.338781652142658,24.262200792920453,1.0551206671836304,0,1
2.5110965743426785,3.436633749429463,0.8690482427893667,0,0
7.952668407435664,52.05117477561584,0.9089698077307219,1,1
3.707851963822624,6.564755563887207,0.9952982766292777,0,0
2.69392819139226,5.255083751562065,0.9774854160623528,0,0
3.3998474328204527,4.7471054102951085,1.301496614965094,0,0
6.900535964894703,39.99234718005655,0.967434806830561,1,1
1.6822657037441466,5.135373564829997,0.7770173089600619,0,0
7.890587073497128,47.46732936027415,1.0200041912012863,1,1
6.9795574600977695,42.44190009141579,0.9988134734467833,1,1
7.560774054093686,30.014229556468504,1.0439160639086087,1,1
7.9562656440421335,53.875192280463295,0.8660182423188539,1,1
5.171825837731328,5.416122355599525,0.5928973411486493,0,0
4.3847722908914735,3.2127402727856578,0.8338617796318104,0,0
4.171535400785021,4.027647929427247,0.6693867411280079,0,0
2.649377369696165,5.126779427173762,0.8796605694455897,0,0
3.787418623971899,5.961577468645116,0.8939390623123635,0,0
4.078577095359564,4.640320676186245,1.3836031135349667,0,0
6.832830645809328,61.85343148773708,1.0812258025457913,1,1
7.9994840191161325,53.444917555539746,0.9652514615591643,1,1
2.3536522200512,7.126108804110222,1.1676706716890242,0,0
8.0,46.52392130963133,1.1314749877200547,1,1
7.816020892166064,40.072502772351186,1.1093097933926386,0,1
4.9404896675649805,6.059329584015977,0.7886722168807898,0,0
6.380490732701391,46.4574325050168,0.8455740226611294,0,1
7.443017124871687,62.471703782144935,1.06010689106956,1,1
6.683130119817278,39.749922938653036,1.131702256764346,1,1
4.0465778933793555,6.207555551274461,0.9399467270806858,0,0
3.738844454209829,7.491895379442463,0.676597280315189,0,0
6.901761361347971,37.563609269291156,1.0141043115090866,1,1
4.26782022338571,3.0998913000329926,0.9301517615682754,0,0
6.860844740277551,33.07163968598699,1.0449000092442207,1,1
7.83573498174127,39.15324722775169,1.1070919088011537,1,1
4.685496238876452,5.127251532574188,1.2928544784586669,0,0
3.540975904657122,6.588673474976379,0.9483567438173948,0,0
6.959382217874105,32.604620628077264,0.9744658800073133,0,1
2.1203209161172243,4.085662967098407,0.8535529732316116,0,0
7.343445084404001,64.55063521985782,1.1443193674800334,1,1
3.2407630697511682,3.788961477733977,0.8912650925313688,0,0
7.762440348535564,38.294833856172204,1.217337978771407,1,1
3.871420690050668,4.092896775257555,1.305528896856786,0,0
4.684422324781011,5.6939792671537495,1.1561974111512652,0,0
3.8212393824645936,6.312597627672846,1.2768949649019743,0,0
7.700435961685859,48.13611787710862,1.1243650745377667,0,1
1.8446972049054753,7.139505552642184,1.3275662465129487,0,0
6.674378371056778,53.467490680427225,1.1184555119270283,1,1
4.000621273353762,6.941648735412546,1.493424936296588,0,0
8.0,56.85077294156997,1.0876916297325072,1,1
0.6014217520281298,7.937445399435926,1.2540068963231075,0,0
7.505678227333593,54.13174371427132,1.1345019376931123,1,1
7.702960893218626,22.997055635780466,1.109888475986783,1,1
4.999992334881903,6.157640219495974,1.0938918162875606,0,0
2.420394927931836,7.54919457354544,1.384283172356768,0,0
7.941404481162666,61.893779891283025,0.9878383455413974,1,1
2.1730532054719087,2.145714646920918,0.8738610416458126,0,0
4.010979063887699,4.955583668152282,1.94138116330087,0,0
3.748014971259997,7.175926786592706,1.3732014837660744,0,0
2.3053755685255988,4.1876843324493835,0.8045065292842093,0,0
7.636760953532651,66.79967649211214,0.870312200659146,1,1
7.933101609349224,42.259017361371505,0.9368828319908155,0,1
7.502034878304625,58.17303954745167,0.9420070689734665,1,1
3.9448336635609436,3.300406522565533,1.0334945413878605,0,0
2.047614059099635,4.3462118090552515,1.2630365523960407,0,0
6.933425460863691,62.3658340060377,0.9651099369782892,1,1
3.8917184055215435,3.748885795842325,1.489889657694138,0,0
3.7387813923099866,4.605733718990027,1.322304495149013,0,0
7.719346016873667,62.359653063121975,1.0296578818725428,1,1
4.142069873475905,4.028737445315406,1.0211689237121744,0,0
7.085157446345318,37.105676556236354,0.8905369580884583,0,1
8.0,64.68536643894612,0.9866514174832387,1,1
8.0,38.47442686858105,1.0279504796708405,1,1
6.755727442316054,68.3625307279653,0.9533151406531927,1,1
6.2168243648519965,1.0182610427272119,1.0103778589663956,0,0
7.551053602032271,40.622609458019895,1.0887712565361847,1,1
4.499266014731093,3.8199636620850335,1.4336674280692587,1,0
6.39737914330183,29.50142268254783,1.0134660281918322,1,1
2.2714702154577986,8.085337319548579,0.8599492156719074,0,0
7.417233200354184,59.26752365125636,1.1068529883898337,0,1
7.163491402724137,36.42677595201562,1.0410801523784174,0,1
6.124404203287144,47.55742971211321,1.0437860307203348,1,1
4.322755256284613,3.0768522102050087,1.4040310514743497,0,0
3.853970853069589,5.587082077423592,0.7907479923554432,0,0
7.134455426731267,62.06231642898932,1.0515591229333374,1,1
4.13226951849999,7.140649066742981,1.5654231354865593,0,0
4.313655552581943,4.300387240951318,0.9425402418143439,0,0
7.310011841174744,58.194326810685624,0.9270684039986463,1,1
2.8702756007540824,8.996215446713983,1.4376563336902313,0,0
3.9716530772451044,6.719370118732286,1.071380930440438,0,0
7.584309861485902,59.33362553207442,0.904105275971024,1,1
3.442905301327822,2.4300916851362206,1.113790456600746,0,0
5.836056450947309,4.039709755947209,1.3337071409762713,0,0
3.449084590019152,5.820888846366534,1.455620820148701,0,0
2.0950145360357606,4.9826825118473685,0.9348008478440268,0,0
0.9903992962875376,0.0,1.2720849591182042,0,0
7.670910215062634,51.830073673215,1.0726576703707162,1,1
7.122209112206145,34.86708740689622,0.9671155265336933,1,1
2.4057138206453437,5.675647699548682,1.1778511482194804,0,0
7.110073767226502,53.395271428458905,1.0367824406803579,1,1
4.942434991210787,3.585702721106099,0.5960351434614072,0,0
3.1884389302029117,5.91574882050488,1.1436462845036808,0,0
6.959608978154396,63.70957768987424,1.196561849175526,1,1
7.504632091387167,36.69175934041252,1.1001898012491373,1,1
8.0,4.859542616763568,1.1605720185657757,0,0
7.821741157110345,44.06674087047856,1.031348788920088,1,1
6.676407658277341,2.4911279600524194,1.066252890631553,0,0
7.2469914705280996,78.58662367564467,0.7755732435154231,1,1
5.143167742616069,8.329555398822897,1.3636565167022563,0,0
4.194397621470276,6.569047071738589,1.5170404060516913,0,0
6.654964650713103,51.23421625315923,0.7009006227657201,0,1
1.8132312336738892,4.3197834394567325,1.2981176194530337,0,0
8.0,73.25731404766506,1.047484166188378,1,1
3.6936981378935974,4.694416012167447,0.47308724297486215,0,0
4.599639879923412,3.088557404185308,1.0711580084624355,0,0
8.0,46.46543847168667,0.9362865097944908,1,1
5.186693611755004,2.5128035017391483,1.0838645212656226,0,0
7.34247876273918,55.40881547846401,1.1338389558318795,1,1
7.738605084047562,55.13589034342577,1.0423370234199645,1,1
7.961918249270325,49.96127769331467,1.0281014964299238,1,1
7.844948182522095,48.90885124423732,0.9208518902936165,1,1
1.8650982093398776,2.0822697375486823,0.5930895438989744,0,0
7.739166844397541,60.58784881577403,1.0447070663863474,1,1
7.151774979046183,69.543687711934,0.9708048400229665,0,1
5.500441914400611,2.890740066138371,1.422078287651403,0,0
7.076727107049213,33.25026531784031,0.9385581588325844,0,1
3.2101297102619735,4.513647643759396,0.8765797310009344,0,0
4.884062672141688,7.803641914169563,1.5375830187446937,0,0
5.099557341210942,4.613875411915209,1.2261886351356477,0,0
4.5046593242585775,7.5851435398735765,1.036166127989442,0,0
4.327591735353588,1.2779329514835114,0.8417191262073459,0,0
4.061102972204625,5.517429031168767,1.0556580934916715,0,0
7.631153299887419,47.642699343167955,0.937864186180638,1,1
8.0,28.905632494751174,1.192705888430593,1,1
4.293837711342691,2.48157536982668,1.300890206516109,0,0
6.77241312514926,41.64223442316122,0.8558028619472069,1,1
2.8251589497785172,4.309761867128259,1.0149751624758043,0,0
7.709593288660582,55.04653265125546,0.9666436259300676,0,1
7.5049809084177905,42.498175715709664,0.962812125661824,1,1
8.0,59.47916096840882,1.0229737462866764,1,1
2.874428433902688,4.733850963028517,0.7459202557546697,0,0
8.0,55.26012374296967,1.117159219712316,0,1
2.7550568877463544,4.613305109631507,1.3201478745041744,0,0
6.700513469293012,8.953431023811993,0.9937190489987225,0,0
7.400965973581519,61.82827551168779,0.9927759111120311,1,1
2.619276061864711,5.917425417915243,1.3500502988844643,0,0
8.0,43.408443583988806,1.0273992073460407,1,1
6.530390503683815,2.6818913631100014,1.2817775159912355,0,0
7.689387596934178,42.596832515538026,0.9643657395116503,1,1
3.9233423360452986,2.576344550666128,0.8016248234415839,0,0
7.593734878325662,63.90543824317768,1.1596243982389502,1,1
7.6155220784371815,71.5497767839271,0.9633100533202898,1,1
6.597670538393929,68.16389393389625,1.0184387029071729,1,1
7.3254547180855765,25.941434761175742,0.9604485008273419,1,1
5.941848200655678,5.0688776903902575,1.1541788673218172,0,0
6.72041823392726,71.97949486950208,1.1508542691678174,1,1
7.634983567797098,48.40678331263933,1.125279481547897,1,1
8.0,61.54657739450797,0.8441925898651665,0,1
7.6482451055706235,69.62861950591125,1.122044625068933,1,1
6.099738759642721,2.825933676764851,0.25667668184916514,0,0
3.2369782497623327,6.91141806538389,1.4120885209751983,0,0
6.770841132653702,63.97295532751805,1.1157358033856322,1,1
3.6757229315250712,3.069677332148669,1.4036587702214216,0,0
6.889863381438337,65.82131496689183,1.2318281729071945,1,1
6.752348787118359,33.65824140798499,0.9638775157858039,1,1
7.611757933012116,57.24344556169929,0.9101042615018917,1,1
6.984690463838606,56.90900423116462,0.7875900243077709,1,1
4.349835518000574,1.8114222326794298,1.1786235027886982,0,0
8.0,50.14469612365101,1.1135432658705404,1,1
7.151985540164477,45.242330211772966,0.9053566044152401,0,1
3.24378273712741,5.901155062657052,1.5120338742768982,0,0
3.303753950723914,6.5469851979777465,1.154103216469913,0,0
7.315914294980351,54.625224253741266,1.0482584521235223,0,1
7.357092004840881,57.63148125948047,0.807974984305847,1,1
7.762832891816444,57.991448351507195,1.06026424797101,0,1
4.060681489446458,4.347509449628081,0.8598259587661169,0,0
3.079713537061078,3.1142110553112685,1.381711803562962,0,0
4.347758426454329,6.832072915315231,0.7996159811061421,0,0
1.4640940998405685,8.454991407456909,0.9161940346689714,0,0
7.218870195010141,62.351009472650254,1.1212341707495252,1,1
2.1718763199523847,7.531788800305816,1.5351827395358872,0,0
7.0617921207463334,53.1096119669265,0.8621677896871056,0,1
2.1435953139962445,1.5296573347544427,0.8617189706850259,0,0
7.2735966041581115,51.69849199948368,0.9760165469139076,1,1
4.621986483344732,4.624786718916533,1.0276918043880656,0,0
7.497835189658343,30.918503917168557,1.0707041564087594,0,1
7.303089156552325,52.132777541774516,0.9277808166268531,1,1
4.734075547083708,5.904533175477401,1.0772074807386531,0,0
7.24338454815583,52.96946924393225,1.0374705609808361,1,1
8.0,33.531402092775245,1.1024435893487161,0,1
7.458452983875712,56.269969914106476,1.0737188135014828,1,1
7.7616912399515225,17.312821577431656,1.1847244159116666,0,1
7.356098859935587,50.94811323856469,1.099216036811543,1,1
4.32232519050497,6.9686204709839945,1.223037526592216,0,0
1.6020497536970035,9.103877764460417,0.9393935416013893,0,0
7.530150415980537,44.745446062713036,1.0045377046160726,1,1
7.0758405556666935,59.909904270184526,0.9088004407121613,1,1
7.982397008618004,40.05247113052108,0.9452233838836073,1,1
1.8027656447071116,6.252874864492888,1.2455050202085696,0,0
2.994284617785964,8.42567656772405,1.0879336051208275,1,0
7.738259622360294,27.16070981846581,1.0570794253445077,1,1
6.043063735110679,2.857052839993569,1.2662177504762675,0,0
1.7904218450613243,4.558045916748928,0.7568460371992018,0,0
6.645087151349047,42.28464084274366,1.0499908470055388,1,1
5.228134464547511,6.159721201708443,1.0513065457760453,0,0
6.625005969696552,59.150445438283796,0.827969238667738,1,1
7.437808878118498,18.887964861163063,1.1157576297116372,0,1
7.055841495145539,48.27546948415201,0.9867984051237761,1,1
3.558771902457821,7.687931853630533,1.1847064775294398,0,0
6.728259809151733,53.72041064443458,1.0217408207764611,1,1
4.017767838808052,5.22631988787096,1.2102012412893073,0,0
3.7245237249076997,2.8284094866846563,0.9159410665867074,0,0
4.80481407647204,5.3023039070421465,0.5342990401159206,0,0
2.403404547084719,6.255125558885943,1.3152056115089252,0,0
4.6909875593655626,2.340685387959984,0.5732618859700659,0,0
6.810111132827205,83.56543891661534,0.8872231890130278,1,1
6.633143191424352,54.5892913078184,1.1726463419844204,1,1
8.0,53.493020399626175,1.0139628237203915,1,1
3.526614395062412,6.519151849939538,1.104991857833489,0,0
6.465039620461186,3.241114554002807,0.7399807552667443,0,0
7.559570625579194,35.61298270627037,1.0555678832081947,1,1
7.356639317474927,54.31928644958731,0.9606508342088107,1,1
4.115240121103904,7.579598859365996,1.031678507174325,0,0
7.427002584241996,71.16556601807427,1.0316889697623477,1,1
4.218592229972707,4.502719329515811,0.6841770744647848,0,0
7.599534572494861,24.131786893917873,1.0301100886318817,0,1
3.6750513149688717,5.879513498087328,1.408900915117915,0,0
4.132432491164415,4.780250920027645,0.873698428845398,0,0
7.352729453469916,40.189471795698,0.8315062279361706,1,1
8.0,43.4206511072105,1.01032887990273,1,1
6.485222255410056,55.37049836816087,1.068585014259354,1,1
2.3740183031891497,4.570666452391658,1.1975050576429016,0,0
2.8949478864556704,4.964682586053566,1.0232569204003827,0,0
8.0,28.410974311474998,1.2249963503800174,1,1
8.0,63.23760800095663,1.0114322400337081,1,1
4.379974239845803,4.743562236991684,1.2708508448654623,0,0
7.4597613707144195,69.08794717538467,0.8752525542911376,1,1
7.1214592883297385,50.97612082068111,1.0131205265602856,0,1
4.28289911650236,4.081027607500544,1.3311555516292242,0,0
6.26988189272908,9.167706353231512,0.6683520175085668,0,0
7.358362726607517,69.35489706314343,1.0295411410573434,1,1
3.709558290139638,5.764057406618176,1.3514121016118916,0,0
7.803709950162191,55.665730347723795,0.9543872719174938,0,1
5.466872755021072,51.90925936613502,1.0416685932280634,0,1
2.842698849850062,3.8165562492877316,1.1267203775149834,0,0
7.592108531201677,88.59971304035264,1.0415830657506078,0,1
7.813033403693451,50.45451369422134,0.8878658572307639,1,1
8.0,68.5662672481823,1.0359322905356412,1,1
7.6822016347232,67.01585483248033,0.900289520443961,0,1
5.647991095223912,6.094421367874332,0.8241064890639793,0,0
7.129767776582185,34.59975694798128,1.1405932265079106,0,1
7.357750528639119,53.61101597387367,1.0112835111411436,1,1
2.7586029591172503,9.42102400634348,0.7582231842545484,0,0
6.677837019016843,65.59426259385437,0.9179602824539529,1,1
0.8518147206094522,7.541151843692443,1.2950332245367897,0,0
4.158656573496874,3.845031421616528,0.9236198754062587,0,0
7.55819928403669,39.30150289803103,0.9809009508331099,1,1
7.03912324972483,64.53052707855124,1.098099775325319,1,1
4.003214010996898,4.301349939644208,1.2365763347261358,0,0
4.49183228947939,5.091327850664363,1.645329715403863,0,0
3.2970573825423886,7.906683166081785,0.8971844281458128,0,0
2.4457627642399533,6.131195752106661,1.4434201101639552,0,0
3.790563677027202,6.224153853302122,0.7921379159550435,0,0
7.043455614649706,52.20318089039634,0.8737553151413773,1,1
7.535590349556716,54.9237322298285,0.9957416934417281,0,1
6.980990369261854,75.95029896126802,1.038347553562396,1,1
7.610822848604076,47.577937018340144,1.084922746494395,0,1
6.955287695203167,68.96109848310077,0.9385754712927707,0,1
5.169046504067538,2.827273586247499,1.3921495276379114,0,0
8.0,61.45065535994412,1.0308681124563635,1,1
7.757458954181192,62.72938110267368,1.0500275328790099,0,1
6.176537447413315,6.563826173619844,1.51866498079646,0,0
3.4545190139516913,6.349726787568935,1.3430171506169866,0,0
4.36921455297351,6.956715492926865,1.5333033260278204,0,0
7.056411938079772,31.125730139326404,0.9555572946896982,1,1
7.269624256198831,55.70562962634292,1.013203010207318,1,1
3.2759343748908325,4.375310196680216,1.1677593894499032,0,0
2.1413801393100163,7.023348270495466,1.2980847288164528,0,0
3.4854228172976702,3.9740200395072476,1.0013749271961832,0,0
2.829056332577082,5.755936605259767,0.9142286614220138,1,0
6.087712877699055,6.768803052555852,1.0214426593888246,0,0
7.033213610836105,45.46266193815183,0.913766831619795,0,1
8.0,53.593666210379844,0.9136027587122598,1,1
8.0,21.483003894828556,0.9452920619285361,1,1
7.2017882080775335,41.39264262238144,0.8367954462788918,0,1
5.659268256104296,6.079554071493907,1.4821373325592735,0,0
4.44797085903354,2.6680063272912213,1.1773831189684603,0,0
3.7022026162926474,5.122872392945764,0.8762873676612616,0,0
2.033870122536877,5.383537738347926,1.038647154393792,0,0
7.596757953137505,35.28812453557991,1.0365701920606654,1,1
7.3093933855605835,75.24031322499734,1.1591611805504112,1,1
7.430429802228435,83.1316977429255,1.079478887040955,1,1
8.0,43.81679210140736,1.1296871718411907,1,1
3.3405465149817335,5.905064579844879,1.1993701900570448,0,0
3.939935030567942,3.847622601501678,1.1225779018113664,0,0
7.231931147002296,52.34120789025073,0.9414756648301947,0,1
7.365329754516657,83.82078904405063,1.0172051621077387,1,1
4.201505835485258,6.236335529522432,1.2981429239355553,0,0
3.127189562546728,3.5469494662344303,0.8974842818095308,0,0
6.865839184649078,49.33240915071805,0.9522250485229086,1,1
6.950330724234832,4.045162346240198,0.42996177310585115,0,0
7.075690515910285,4.475716982210715,1.5683060809800735,0,0
2.5893338883715105,4.408976519615255,0.7900422313885564,0,0
7.110206288960908,43.59065721134159,1.0249744663886495,1,1
7.20874478132426,39.89810183723033,0.9281909971212542,1,1
7.0677278643489245,59.88964027438139,1.034766088161877,1,1
7.721166851797823,39.8796210791287,1.0993885440071516,1,1
7.5879958727219785,50.428309114526414,0.9900637443213872,1,1
7.299884679512733,66.81201788946274,1.0472971944202905,1,1
2.7751084700682553,5.182588940473949,0.861014080786007,1,0
7.312401350302847,40.409788573166296,1.0425626709983857,1,1
7.603275405747252,43.54265983423844,0.9943052551592909,0,1
7.090235637740033,45.44155557875102,0.9081921897069429,1,1
7.992403475255675,70.71415151201421,1.0260633788435944,1,1
2.343877726419171,7.001409171548918,0.4013222841041558,0,0
1.536133485416844,5.430063764711185,1.4434895215166441,0,0
7.292338684611359,73.34750164550236,0.8256359293792399,1,1
2.2851943944152517,4.046330947933216,0.9785764433820057,0,0
3.394798476675997,4.978065472502387,1.119652161299154,0,0
3.9363966433214044,6.221258786994927,1.3670440717270742,0,0
2.641233782883047,5.691434121101694,1.374776346543885,0,0
7.594230637273015,57.222438443157245,1.0388096671845513,0,1
2.108157562553666,1.9155972024671741,0.9334863638696563,0,0
5.830400538125261,2.749356771684937,0.9572922091476254,0,0
7.760039146612299,44.53035538839666,1.0231574113805122,1,1
6.82289028119644,1.8762498874721043,1.3686304713246507,0,0
5.756221012228028,3.7533282963835153,0.7034228251405098,0,0
7.946529754363699,80.15166347359055,0.8878122684809656,1,1
2.496213641070274,0.0,1.1730415255732454,0,0
3.6518923747421015,7.681525182552807,1.0885322330676568,0,0
2.0582163732170438,6.516184334834219,0.951609247035129,0,0
7.264982899739459,56.06306497946834,0.9882328019973495,1,1
2.6260954682349014,5.04808392542698,0.48968372096592716,0,0
7.21201708429085,49.338551768908324,0.775876765484505,0,1
4.071688435722672,4.122879213157052,0.968090943780016,0,0
3.0668880878131244,5.408919004197863,1.3795075294372885,0,0
7.369792711268487,33.90045721641858,1.0733918021037467,0,1
8.0,49.09207384912102,1.040884323691789,1,1
7.5900984487964935,44.5687583279077,0.9340588617706322,0,1
2.6049868473243274,3.792542905652308,0.7027908952075927,0,0
5.003011490004746,2.2997306035819967,1.6522768763586013,0,0
7.3076458448962445,74.94403630220002,1.0792395741149747,1,1
7.881550139967367,54.75825898443404,0.8954988192611966,1,1
7.662451684510914,47.941205474191754,0.9787939650618908,0,1
7.645919621056223,61.57220397435928,1.0402234808773154,1,1
4.3410554057668325,9.323786905515021,1.224971241704872,0,0
7.463922555267313,68.75066623893616,1.1076896050011409,1,1
7.621397628195563,52.468973592840996,0.9210475339416249,1,1
8.0,53.50420135307824,1.0738866038759538,1,1
3.952566990043136,5.270299631893766,0.9916391403360906,0,0
7.865470143078926,74.24413534094077,0.8640600723092532,1,1
6.7367568193901075,37.62143148876925,1.0960811803854584,1,1
7.2203164050372814,66.85664832841513,0.9040491481729727,1,1
4.291904579623867,7.319993522319349,1.203649469441966,0,0
2.7264523272884986,6.688998138714516,1.0960245136033904,0,0
5.175503906974711,9.221009129585571,1.618940917955329,0,0
3.1437898167415455,5.1497726265200265,1.4288595535859772,0,0
2.192135205877297,5.099657872103991,1.049162353668134,0,0
6.854553502704549,2.3101477259296317,1.0375878543627093,1,1
6.087104102699016,4.90953327170828,0.7169205391808594,0,0
7.448526586527697,46.08170235720898,1.0394242001264111,1,1
7.335195301654311,55.66493927193109,1.0980977251859205,1,1
4.0458903694828745,0.5119510702307677,1.7472625185187802,0,0
3.208618814823459,3.460139913026719,1.1556894757211598,1,0
3.900409048046877,9.30988318330169,1.2987455423017085,0,0
1.6612532940727074,5.400235326347178,1.0240704797881508,0,0
7.394004272881391,29.465906929055325,1.054832983490109,1,1
1.9316268239983532,9.88664974924712,1.2420983221248587,0,0
2.804224635430233,2.882538759083218,0.9324130510902128,0,0
4.651427007875015,7.670080488008047,1.5103439169094772,0,0
7.555748826163606,0.0,0.979596938115429,0,1
6.584713133844768,23.021682170666192,1.1780324441031733,1,1
7.67092564010359,54.116739509860686,1.1569126185676208,1,1
7.532952110300531,43.87246331958258,0.9826998584831089,1,1
7.314352373612832,38.03291645359475,1.012446195946201,1,1
7.805939168473792,31.94404602449488,1.007476721369484,1,1
7.605504161538517,59.65671290027341,1.218601232768734,1,1
7.461181661628195,36.18034538714153,0.8112140623906626,1,1
4.587708598863354,2.874558432518805,1.593577842944873,0,0
7.029529344406975,39.01930707060275,0.7020177333412285,1,1
4.325609719535766,4.869868461494325,1.1535224137548037,0,0
7.385115110726785,44.38776144714586,0.9179151800006791,1,1
3.8408962226828134,6.389162310500039,0.7140566072943493,0,0
7.612458895097209,32.59740663638435,0.8365488608419328,1,1
6.975134530130637,73.13224648135302,1.110826938003961,1,1
3.143845402407768,6.744768952191031,1.4511919128903643,0,0
4.473001952722415,5.036796916627375,1.0269042144112546,0,0
6.0844410814118515,6.324109682252897,0.6823405497142904,0,0
3.7913332434080953,2.800913445520429,1.185596772835843,0,0
5.296655476789588,4.967807417793755,1.578230139759087,0,0
7.852928868316486,60.86331244347622,0.9757339811289124,1,1
7.06516513108233,46.87846831671056,0.8220507408255181,1,1
4.179193712713227,6.732199615875193,1.4060198083844786,0,0
1.9239166001493904,5.587882115377036,1.187540092473365,0,0
3.319154763231877,3.3675773408161023,1.2053992662821764,0,0
4.504529924041497,3.877292954100139,1.1525476989697512,0,0
6.822751876449631,6.431763483804785,0.8234922370161353,0,0
4.263930664501499,7.665613155773615,0.8570336420026031,0,0
8.0,56.90237019095598,0.917291438232662,0,1
6.733400942251421,57.16635077293184,0.8805556502887353,0,1
4.175049848816254,6.003609503757081,0.8747982685170343,0,0
3.477414654784967,3.609256815043941,1.1344762173835976,0,0
8.0,72.38912313415827,0.8326494498439587,1,1
7.686949972188803,48.20461982214985,1.0384038666636572,0,1
8.0,59.54237101030056,1.0060801727555644,1,1
7.253704234190179,58.57673696724699,1.189359449318838,1,1
7.308603020610205,44.107058541324974,1.0838438564201713,1,1
4.926122328611341,5.373315645454644,0.9492468701673896,1,0
4.429794958024344,9.207120626180677,1.6292585265107538,0,0
6.154763058176827,7.2457895264931445,1.4793352839633407,0,0
7.652884253714734,24.799868348828046,1.0388811391820154,1,1
8.0,57.04924450649817,0.973767629926973,1,1
6.306728388878954,1.0937297886435449,1.4073676515400761,0,0
1.2776201355421075,5.805486986906936,1.3829173099018686,0,0
8.0,78.35435655597789,0.9316692905752515,1,1
7.933748620997856,31.734381541378127,1.2255171399325027,0,1
8.0,66.98074348074829,1.0025902317216449,0,1
3.3543983305958665,6.785333816471562,1.227560171731827,0,0
7.546516161088209,69.06244395850733,1.0359847762525198,1,1
8.0,39.159140347955585,1.0907700308249866,1,1
3.0318541808214916,3.0334383415140382,0.9126886558500129,0,0
4.654498729178335,1.7519024377776713,1.2259528158742425,0,0
7.465709788485313,19.55830796613142,0.8765767196389898,1,1
3.964662194342163,2.7356766724260257,1.119914912792806,0,0
0.01725118214090493,7.303883835042612,0.5693637215521379,1,0
7.777570408528285,51.85639903961875,1.042062314302506,1,1
8.0,53.86913685282808,0.9438917319215521,1,1
6.475664293433072,49.18120659210598,0.8397817921014796,1,1
2.6880047977742665,6.054461879470953,1.1753440554408736,0,0
7.537782834992802,37.05712773680645,1.0086861085082186,1,1
3.7783067466545788,6.970247272065421,0.6776012879906946,0,0
2.6554893884151793,3.7985050397148887,1.2873726084710284,0,0
7.5431855804629855,63.46046919030037,1.090204652779618,1,1
0.0,5.517766431878546,1.568259131942847,0,0
2.774159228491119,4.722844747000637,1.314651630693505,0,0
6.958145233752004,33.78142766792276,1.0263421598263676,1,1
7.347469605325952,48.349975628169695,1.1140713959895072,1,1
7.222373857034201,48.19600235312385,1.0303007826029638,1,1
7.877006079166969,35.12290451994337,0.9919104947126396,1,1
7.185239463530021,60.27239730902065,1.0252458859398261,1,1
4.859825465198025,1.6440780760894111,1.169204084287198,0,0
8.0,78.59423791264408,0.9134979800188693,1,1
6.996016533679659,45.89479988667985,1.14816857455543,0,1
7.713924182302721,51.88810295998796,0.8184229770420719,1,1
6.9247355621962985,47.186349734971294,0.9143790757343568,1,1
8.0,54.14012262256952,1.070606224384545,1,1
3.8434305006235667,5.111714636534206,1.0334963501702459,0,0
7.73299940188525,57.29092992480064,1.017196317887267,1,1
3.633488292069408,4.586048216188623,0.6041134366147931,0,0
7.492849510185525,52.42472593740729,1.0364293072694135,1,1
6.8385698402304165,25.602315002731164,0.8199246512389995,1,1
4.388006679481819,6.2557605570659,1.8876951293949302,0,0
7.69232953697145,47.24267716139699,1.1420246564236727,1,1
7.197752332070222,32.65586881897984,1.0544168780927887,1,1
7.842016247351018,40.632289536573914,1.1082187697098158,1,1
1.488606835291781,2.44143816572824,1.4924059171148387,0,0
3.539975310582177,5.266718310867314,1.359373532444717,0,0
3.4923891796452815,6.55538255789506,0.8146336701301053,0,0
7.734895338510484,51.41139240590488,0.9860452057889787,0,1
7.746622075195143,33.2333827982108,0.9757525997177563,1,1
3.224161728100736,4.575965206346151,0.7923130565794365,0,0
7.865212206132524,55.37794862094644,0.8089562588322378,1,1
6.706366800699945,7.890130525622862,1.6214339684561896,0,0
5.227913185188088,7.542802377805473,1.343914187065888,0,0
1.8718960805498943,8.87801190224338,0.9983696136279239,0,0
3.5720663396622854,4.918619423017872,0.9741777639790629,0,0
4.008800520589307,3.0808252670315497,0.9108342029618254,0,0
4.571297222010689,7.699378625541998,1.0123956415176596,0,0
5.895820943745571,1.6660279766288548,0.8370378703076065,0,0
7.320291364410651,10.150247943531234,0.8009559207893209,1,1
4.868902340734833,4.958894311376813,0.7925813587727006,0,0
4.36075362039531,5.837873521839105,1.4139790830247783,0,0
3.087412505715415,6.0610035011791155,1.1422884736781023,0,0
7.594292785207266,40.031053376293286,0.9326843779186706,1,1
3.8344755459343527,1.1456541118679273,1.3397832076360954,0,0
7.733459899492044,39.82345780369647,1.0107344988641453,1,1
7.790185624642764,40.77586167350397,0.9720706274253166,0,1
4.069064473755572,3.198947600330597,1.0284499175636461,0,0
6.9342269198232565,61.91681284445539,1.2133934285126955,1,1
4.657256802237136,3.539894938812555,1.6341510774034533,0,0
2.9960959043704234,4.242096782955672,1.1324885380276362,0,0
2.654288584616035,3.904518430083626,0.8820377151461813,0,0
8.0,53.89088590364935,0.8689431278120098,1,1
4.900951136929075,2.848215829176091,1.3089739254060655,0,0
8.0,29.227329581379266,0.9792968596918705,1,1
3.2208597262641723,5.971344252318392,1.1068687341228685,0,0
1.4356143639528631,6.502923985118145,1.352692013929403,0,0
3.9426892749545166,3.30502659729341,1.550800675912341,0,0
6.247823084783267,8.077915658960972,0.6558007759705584,0,0
7.564428076777695,61.60621865104919,0.8168276565998597,0,1
3.882514410007646,4.23626600119034,1.2734876120873477,0,0
2.2672055677855134,5.520449090411764,1.1115662175695886,0,0
7.665726108455574,50.571220414085715,1.0327883196755907,1,1
4.648509982044842,5.831013395819073,0.7480163434647717,0,0
7.5367921758774585,67.59649057492203,1.0733552205621044,1,1
3.3973926937723444,4.919899214394683,0.9917666789016478,0,0
7.365643307313255,59.93037580924465,0.8941263782858163,0,1
8.0,43.279569253679085,1.0504473791689728,1,1
3.2962493258051957,2.348556287095083,0.8561166067223644,0,0
4.573210589451649,2.6313656359818043,1.0663220906009985,0,0
2.2861233970968593,8.480049631712518,0.9952342231359445,0,0
6.272285036328293,56.050696680007036,1.0886148026448752,1,1
2.7978574756444985,2.4335298529130935,0.6759259678840296,1,0
6.832101519209396,69.77250864727972,0.8954123708761429,1,1
6.685518971739719,40.530322614822964,0.8525587821002161,1,1
6.760140249941541,29.88436565992795,0.997238985371699,1,1
2.5680853829851062,7.687059978740016,0.8454653090717321,0,0
7.324301198987163,47.73637113384619,0.8105826392758557,1,1
5.481708222725185,5.771111775365724,1.6803648282872996,0,0
7.107411048754837,38.887801901380904,0.8134858016894408,1,1
0.1389777287031455,4.691708869047055,1.0252124784186012,0,0
4.341028866035261,4.152806289997981,1.2628518428276134,1,0
3.9776828128542343,7.125407522343728,0.8613801813983435,0,0
6.349826499549349,4.386060734554843,0.9538555196923626,1,0
8.0,51.10689955366035,1.09385268854868,1,1
6.789384186734969,38.70090765657493,0.9003025737767061,1,1
3.5153215778727036,4.110814065283503,1.418250552045289,0,0
3.0619486694758082,2.1896551871007897,0.9434888455949404,0,0
7.461185139405324,49.509079556780016,0.9245557273595001,0,1
1.3732874969944593,5.362302921374231,0.95983320386137,0,0
4.7803419700688785,5.865431432719457,0.29720349500191323,0,0
7.8389079185556465,58.892466757961316,0.9616144876213829,1,1
7.370688707170829,55.48272993570128,1.0344918295410295,0,1
7.129319173924465,19.025181758134085,0.9965431921515354,1,1
4.970350884740382,5.141151577329095,0.8451947638579649,0,0
7.3072699826675995,46.4981882053148,0.9783701344904808,1,1
3.1277068799446095,7.934610491380836,0.9705428184072077,0,0
8.0,36.94737441314558,1.0511854831538094,1,1
5.611311171654175,5.9553092144964515,1.582436365571047,0,0
5.741750058404154,2.169298710656,1.3751335752961058,0,0
7.02841236081341,52.97889474979784,1.0142820912618975,0,1
7.776698767805649,27.10726315654055,1.1492087189541123,1,1
5.15087055633106,4.2235735243371435,1.05177037824109,0,0
3.122221192151735,6.031621520194059,1.0484958344687942,1,0
4.397908856677142,5.558042856920809,1.4292151136639644,0,0
7.348571554502311,33.413623926391594,0.9568367443910264,1,1
0.0,3.9319939107606308,1.4611173062399,0,0
7.657372235932289,53.765052494078645,1.0150450904688513,1,1
2.212357057586514,6.213647809799038,0.9934877699901044,0,0
8.0,63.34471100805557,1.116203434739745,1,1
3.709158285456194,5.339259468996774,1.2283927931562288,0,0
7.6882114033054085,50.4230650363662,1.1305769937417351,1,1
6.534264717875836,36.16377865582189,0.9363855392474572,1,1
7.451961665121738,52.748372320823634,0.9969477929664414,1,1
4.378072161747384,6.913288747656875,1.357051763780799,0,0
4.048944642945898,4.53870381145278,1.275943549715915,0,0
4.35944116147384,4.343632850898528,1.7682745632735477,0,0
7.795429469017687,59.07638875893636,0.8915947850627789,1,1
7.639278327381227,55.42074292732336,0.86770317563766,1,1
0.8752803931911246,2.8149350624318483,1.030481697644661,0,0
6.262202525869053,50.847679620230814,0.9433192187266775,1,1
5.768320297680303,6.337527561089946,1.5278261010029095,0,0
7.520169626527871,36.033610202913934,1.0062063663370306,1,1
3.8789664547909317,5.795416948196129,0.9319733733347126,0,0
2.1740787074847026,6.713244393893737,0.6384278787331954,0,0
2.429239075585222,4.08472814934032,0.8704386984270733,0,0
7.480043441738895,44.91794376529537,0.9706550878198521,1,1
8.0,65.91996342743556,0.9905363700046644,1,1
1.7631497320320575,3.614363725852406,0.9506778981379691,0,0
2.0905130050357337,5.535754212809165,0.9049240691151952,0,0
7.368369905495689,47.63628271768657,0.9260519577492647,1,1
7.694979189812571,32.536352286223334,1.052709819921879,1,1
7.015497226144634,43.124629316845486,1.0650581582860446,1,1
7.63120974949308,48.565304986549606,0.9084121748183288,1,1
7.859169692979679,43.47903159805351,1.022235808336375,1,1
4.4674730829101605,4.226829837210971,1.3955483289079338,0,0
7.394098768916822,50.22440789367943,0.8714278653500883,1,1
4.043970746290239,4.8143888127727354,1.0945447840482299,0,0
1.5651627270659296,5.238128558377536,1.4173057083114156,0,0
3.916060055640044,4.999160833267988,1.327871403532491,0,0
8.0,49.41491617049694,0.9544568463758856,1,1
7.2984328123354905,15.368143938786552,0.865399295289716,1,1
7.06010509736544,59.61505002874269,0.907437392544068,0,1
5.018913732129656,4.960757766525259,1.1241812220763872,0,0
7.529657326166507,35.430082606975866,1.1057250237981016,0,1
6.407959916112648,68.33106790822765,0.9788863753277741,1,1
5.919247982385838,6.332138455801267,1.4474231533304984,0,0
4.038316118340559,8.146493160928129,1.5374568612543509,1,0
6.549584240527888,42.13769848738153,1.0062640011091892,1,1
6.14232089502592,3.6992750485374772,1.3206333177434235,0,0
3.3881659766453653,5.929219558248127,1.5367295827931318,0,0
7.708560226576712,68.41029109015682,0.9301617666658007,1,1
3.3261617141067026,6.990287230030704,1.3770386055050325,0,0
2.816547171776733,6.274558710974523,0.9963940266293931,0,0
4.114756983229724,3.973628358996576,1.6455069641680562,0,0
1.31192134976853,0.7025496013655648,1.0792375852241127,0,0
7.507460599273222,69.67160090244387,1.1249262693665876,0,1
5.141426265759425,5.204128055592381,1.352368979261646,0,0
7.0454462339323936,7.040596168668699,1.1990154636850077,0,0
7.267212223397821,41.27694231867791,1.1289024161246213,1,1
6.268801054300237,2.8054402692606772,0.8274811736051633,1,0
5.052206410516656,2.9859773463326764,1.4278655787381496,0,0
2.3769078962287495,1.172120523262576,1.0295335767228124,0,0
1.6631613882760807,3.096493488624919,1.587987444143955,0,0
0.9851046616370547,9.878703066998234,0.679148418481347,0,0
3.1820747670634786,2.788708996860977,1.256764822444065,1,0
2.8987575182361693,5.128209951443101,0.7168640298643647,0,0
8.0,45.995469014198456,0.9821971581468933,1,1
6.520542374595444,48.391394535105086,0.8910526466700828,1,1
7.240505201098244,45.531460320961,1.0560462708548162,1,1
5.904438728711755,2.9014317029107337,1.0487108532358234,0,0
6.797823521377172,78.49406072380361,0.8760564351020856,0,1
8.0,18.73274175130731,0.9683346630582929,1,1
7.642316192977829,67.0226981175727,1.0431296694080094,0,1
7.155864066493831,52.96189301953932,0.9576412480627261,1,1
3.8816808356284365,3.93820721435286,0.9284158054466318,0,0
4.805212420886811,3.4255792102517875,1.3278313730723652,0,0
7.63720125364962,29.636273999182773,0.9915256867747005,1,1
7.753599656166957,62.0941332150309,0.9823213972934424,1,1
3.26539738526162,6.391234992508993,0.7712171597750088,0,0
7.170434967943437,63.832006416538434,1.0129691953992206,1,1
3.968236715438676,8.462590349762287,0.8339441032729518,0,0
3.2577941648378275,5.762917026274994,1.309599609906258,0,0
2.772210142153969,2.491270396804183,1.226629928482133,0,0
3.2301204694739267,2.213475213330392,1.037521627296294,0,0
8.0,71.68394599656972,0.9244709540491225,1,1
5.012021494892988,7.28951401705835,1.55389066157423,0,0
5.123422508401008,1.8636226843096293,0.6693938181769861,0,0
0.2045313092345773,7.5647991519975815,1.4789869896879078,0,0
3.145794918987823,4.5002633694251495,0.9290488957583571,0,0
3.645119624957171,4.42312995811809,1.0734023260139924,1,0
3.5620778665714847,6.639551848799662,1.0816505132302932,0,0
7.874252890003757,36.401020967112956,1.0111577613459934,1,1
5.173335497025234,5.037898658575894,0.7654950207354853,0,0
3.6399681768681864,5.041949335907307,0.945667013158749,0,0
6.640638394405058,54.18322882530764,0.9692326656076534,1,1
8.0,64.296299242052,0.9851657639092223,1,1
7.58304533327427,69.99589423255277,0.9001395159089993,0,1
7.19587367970786,70.24508866500842,1.1505040013015226,1,1
6.970065597699709,68.91882950103704,0.9962614109353602,1,1
4.423665176143202,3.919513883858908,0.6744976619935392,0,0
5.441103614409893,8.07608217062915,1.3741029271789378,0,0
3.8461145393029437,4.299073194631913,1.1803566378912718,0,0
7.667330935678307,49.74823199845431,0.9341819128217485,0,1
5.4085784662079295,5.5555099886530055,1.099512398973003,0,0
7.202940871674076,34.285620808418386,0.8906509140254546,1,1
4.246674306485986,8.954500111157262,0.5994883906568454,0,0
7.475844796076437,5.42441822454928,1.2962160560511873,0,0
8.0,77.75353723652731,1.0027963039664418,1,1
7.1613249842600695,44.40017876053669,1.0566232110120048,1,1
5.381320338859334,7.877600829426447,1.6076368764847366,0,0
7.637419434900805,60.629659782292286,0.9938519791715118,0,1
7.951391633147855,40.9194687856222,1.0892702640288416,1,1
4.407350992761477,3.701817581603134,0.06671467260724939,0,0
4.811297988695264,3.7504261938869505,1.3358641870687211,0,0
6.939179207578612,58.50671410560779,0.8479862915024811,1,1
7.374932530946534,70.84158076088478,0.9037404494745648,0,1
6.73848465331973,59.69870307582338,0.9286863021897236,1,1
3.56967346453072,3.087772955608115,1.0367575965727713,0,0
7.483450344233568,76.09371007447704,1.0037519766780623,1,1
4.072854168790334,5.289225822951507,1.226821061386507,0,0
7.838349728084733,48.15880716413832,1.1303740924367394,1,1
6.88418995739708,27.504342501359343,0.742406940419938,1,1
4.9818838485391534,1.9667691696471707,1.3365086652786258,0,0
8.0,73.07992336788506,1.0282645360659146,1,1
3.2752168003721014,1.9995638239401154,1.2209705289284931,0,0
3.9482597482510777,7.839918150741263,0.7365564876738537,0,0
3.5894060193037847,4.858524166884143,0.832178885365227,0,0
4.365285727070195,5.184884583007043,1.0897688465941124,0,0
7.17440450029726,41.45317177735487,1.2261538159148753,0,1
3.0648030154558494,4.80394551620519,1.4691662216368837,0,0
6.45093064468343,41.10237915407474,1.026731123261204,1,1
4.120073930143424,5.859544123184461,1.0488840629823226,0,0
8.0,50.03943847350274,1.1099500987154545,1,1
3.452273713377914,7.057397834591712,0.794220850739952,0,0
2.54376912322049,5.836165873465913,0.9127822829073602,0,0
3.7266575351364475,6.95508496641953,1.6943276059420378,0,0
7.846486607779376,61.067703186354414,1.0337689272166626,0,1
4.057917928858444,3.1403212937457816,0.7161810893213186,0,0
3.569670903795321,4.654257765633554,1.2373816869761238,0,0
3.9683811663733644,8.535579325272089,1.2921734481224543,0,0
3.0536613813200733,6.185255073711228,1.1388545031484292,1,0
4.532605122722995,8.791758043344837,1.0198260836037336,0,0
7.532327462221542,39.41933763855603,0.945592953742505,1,1
7.833177288165203,66.13974483158196,1.1024544467537585,1,1
7.860154802279891,18.899169965099496,0.876453530842273,1,1
7.297303589187206,40.164503359558886,0.9993735585021346,0,1
2.17280700054386,4.333482310066175,1.1588195539108188,0,0
2.3817634484840986,4.634494543741211,0.9122976680933986,1,0
7.405060506727757,63.03115711890242,0.7761948374630003,1,1
8.0,38.42342511771572,1.0810346580665924,1,1
0.0,8.898806229283482,1.0170099459553086,0,0
7.956264025349249,76.3364615097455,0.8472294259500794,1,1
7.87231029566595,55.85391370661722,1.0925191052144232,0,1
2.1477166117201674,7.566121173404136,1.0732105023231309,0,0
4.5199593261231055,4.9435742985014155,1.3132072036873643,0,0
2.932272956971109,4.127565649826716,1.2525569925321205,0,0
1.1427651068001259,5.085500930088259,1.1777666918274297,0,0
8.0,58.301132155546135,0.9524792270091597,1,1
6.836382636681187,78.83593344495976,0.9085876749748606,1,1
2.9414187933927747,4.198719560935378,1.4927467597147452,0,0
7.615408708135228,49.22770530135207,0.906071304444545,1,1
3.0194755265331557,2.320011821748581,0.5204258295709214,0,0
7.079200366662032,64.2292383229725,1.097003325124296,1,1
7.888955345322573,86.6100105994022,0.8868473063721866,1,1
5.650942501093771,3.1144767703055676,1.1754901304685874,0,0
7.107143204219195,48.41527652492044,0.8677048654582438,1,1
7.584885135562487,63.076851496994344,0.9802147494967698,1,1
4.766780021964194,4.442090001451529,1.1668673482191745,1,0
7.818726004761813,64.11229465354099,1.187799493775299,1,1
3.6016918794388615,4.468152809769541,1.0823131273486408,0,0
4.67154516072124,4.334326823919441,1.3019529381263997,0,0
2.989982605327678,6.29644743690096,1.0806369861750047,0,0
7.597202905277503,44.49420244240933,0.85242922923799,1,1
8.0,33.28581758695881,1.1381908265654652,1,1
7.995829761062225,62.50711351776759,0.9784405164896527,1,1
7.555202431395061,58.45682418146555,1.0883770209252448,1,1
8.0,75.14972596045013,1.0069827062010017,1,1
4.412328148473818,3.6293965634077416,1.056690896397474,0,0
7.632029261224567,55.26121575471254,1.0951698517132478,1,1
3.9750694315740494,5.740661036982549,1.6800826013415542,0,0
4.597968714980894,6.333857123081321,0.8932268152379036,0,0
8.0,58.189933874997436,1.0763785141053952,1,1
6.104193257570386,8.500403956194024,1.2975503151592276,0,0
3.311999552770234,5.719811281432858,1.4359163965899187,0,0
7.966110042218016,61.3962851860606,0.9643365332994401,1,1
3.378985414780561,7.83759996080866,1.0400836136611815,0,0
7.457344649554936,47.7313852693461,0.9134074829984256,1,1
7.832091191648221,52.774619101317825,1.1345862605664063,1,1
7.610140709166191,57.49929610239987,0.9297755774611084,0,1
7.962094988964991,39.3939764665307,0.9758807875168078,1,1
3.008353237774002,4.730987405371458,0.9006541405943781,0,0
4.589876238689107,2.1028621836749624,1.609227053741608,1,0
3.71425620832163,4.282370838983683,1.5879024166119224,0,0
7.4681508845305,60.37630906311531,0.88988642514468,0,1
7.418728596376019,53.557295461045534,1.0030539328348644,1,1
7.624837990482783,55.460807118032236,0.9335805459810893,1,1
7.224770921358577,55.75340047869623,0.8700840017361848,1,1
7.967681731042062,62.24990442474268,0.8951376588356539,1,1
5.713734638964386,7.342889418708569,0.6832799208964642,0,0
7.91224824422855,24.675357125253274,0.9461790626656048,1,1
1.0216259910613132,3.1555361147622634,1.5312928519495783,0,0
3.843249227026525,5.929429332059993,1.1177308336714207,0,0
7.968948757301615,47.02185594609989,0.9931755710356915,1,1
4.432055195062041,5.91227000143493,1.7783141404073586,0,0
7.339526700014489,11.560851191053075,0.8832584896409688,1,1
3.7178743077266514,4.942838524998028,1.7838511837468873,0,0
4.927315750128703,4.224783075911581,0.7849350336408197,0,0
1.5687231080477133,8.121529128596974,1.2581746772280993,1,0
7.362160381862461,33.876895625387036,1.0595226926051826,0,1
7.128448316942556,2.228955187872344,0.8930114442432089,0,0
5.120396889966432,3.3866338224565524,0.7462056666663808,0,0
3.9062981159280015,8.771134761451954,0.8785332965267956,0,0
4.434524119669335,4.958137063221812,1.3060532024782168,0,0
5.243434990031622,5.61797309954278,1.0595475190319208,0,0
6.704004694330112,18.379801686524825,1.0987781571701445,1,1
7.576167554527099,44.12889396013374,0.9686422310654482,1,1
4.052668465407763,2.6762375037081045,1.2645202325693563,0,0
7.097026978779565,66.83364492243413,0.8964414161907502,0,1
7.106516342000287,32.89761611163465,0.906535124169284,1,1
3.6947397686516967,3.216676571083477,1.0558802507398373,0,0
4.539049411238261,4.221464841166846,1.0732585370308536,0,0
6.748512168157922,43.184534336888504,1.031950076951341,0,1
6.974267578116496,38.448799496378605,1.030373336311157,1,1
7.129542360604645,60.097867860593226,1.1393439508107706,1,1
5.98485018480519,5.985019112163564,1.1949578831140508,0,0
4.303144881814405,8.933769231365364,0.9081269608291102,0,0
4.978296124353318,7.871253042736063,0.6047334276891654,0,0
7.224192781090314,67.70666238498075,0.9935594435603969,1,1
5.495086953590626,5.341034753106613,1.4599110225266236,0,0
7.26099762002883,55.36972062746645,1.0196530647659061,1,1
7.394955970446142,62.238522466585906,0.9300166740021553,1,1
1.7073064351512244,2.881494976338409,0.9121556756576008,0,0
7.893491166232727,46.42100171232789,1.1228670599099178,1,1
7.4454393440474025,23.097595496915886,1.0044197176631855,1,1
4.282314819767087,5.341484141698054,1.025004012135558,0,0
7.672170896758856,61.60055817828879,1.2084551581656342,1,1
7.864531418893659,21.250356667026022,1.053185751934378,1,1
7.080337912220646,33.85531296545912,1.1117654109140105,1,1
3.3040623409154204,5.747422946684074,0.8773520876815548,1,0
3.5819964467958103,4.732427845531649,1.258175747585105,0,0
4.0483851653625385,4.332169622914776,1.1731687321773605,0,0
7.5705016747430145,54.48453322561196,1.054272245675717,1,1
7.341255085561899,67.55747046201535,0.9727262501400968,1,1
3.4287706322564713,7.147773091897876,1.3672034779078006,0,0
8.0,81.46685386538792,1.0082532877297614,0,1
7.113772572904067,42.769311612162994,1.0003744561323187,1,1
4.339584604157958,6.496878788306325,0.5738321509060761,0,0
2.8976664209601433,5.695765470704727,1.3928153980522455,0,0
5.943547114520745,3.5382129774371096,1.1265828370500557,0,0
2.4856535793700383,5.476073420630705,1.2093497715771848,0,0
7.477114229044528,44.43274914254208,1.0257853951134859,1,1
3.6088518856445284,2.1345826213286516,1.2997690369102441,0,0
3.561501280815084,2.013579402531386,0.9858856741949711,1,0
7.567123911142898,39.33489015396699,1.0784201743566664,0,1
7.862948408736461,29.460118311885736,0.9144788197941041,1,1
2.7423571628214853,7.291790147960719,1.5611814430927158,1,0
4.84217102768841,5.133647011924903,1.1009802306162655,0,0
7.375129526247517,53.35716682825238,1.0118895263975758,1,1
3.05184861463898,7.194436520837733,0.9451802905348607,0,0
6.133633821807635,5.855069036991741,1.0804158456045156,0,0
7.957418242129674,52.61990185483689,1.012959764121093,1,1
6.807873118911599,72.29728718835331,1.0594835078081335,1,1
6.746162833114715,71.01360359897853,1.1496170629253326,1,1
6.808131338420945,89.15984897316491,1.1376200325717583,1,1
3.1075931354017348,4.785757382059511,0.8355408195856189,0,0
2.010115341595769,4.321278373804713,1.155339584547514,0,0
4.078352148599272,5.492916413286972,0.525365396894502,0,0
8.0,8.732887542652179,1.0635490954514022,1,1
3.834560680264219,5.460571770695,1.2606615630223246,0,0
4.828280510158286,6.020672495151441,1.035083031724516,0,0
7.419541905855142,40.18267721136202,0.8585435222258933,0,1
7.667069610220659,43.461959607488744,0.9680434869244161,1,1
8.0,52.2917071335149,1.046587539545434,1,1
7.300643760608898,49.806293019695886,0.9314711499248974,1,1
0.37756667016527956,5.76539305526603,1.6584884460137133,0,0
5.354720803715532,3.061481457431849,0.9055124789669784,0,0
4.064603345038937,10.51709556883429,0.9732810839455641,0,0
3.0587908982463174,7.80159448551278,1.5286350674402867,0,0
7.2694496151460335,51.07076933682075,1.1427211666779657,1,1
7.684801749898183,43.37606124314865,1.0441874719237887,1,1
8.0,3.2703869800666987,1.090560746857749,0,0
2.674900401766476,5.379473970369241,0.8052613351244426,0,0
0.3970710388173351,4.841047618181182,1.2320438515495533,0,0
7.809993290296523,82.87122558081319,0.827348142778329,1,1
1.3462156632456064,0.9533725135377908,1.0308788014026242,0,0
5.615928774989848,6.5047951098628936,1.1999080481410636,0,0
7.855122177150701,53.43964554217592,0.9884953716025185,1,1
4.72762143412564,2.4014248721443403,1.296777953842209,0,0
7.335379353952228,38.86860440927417,0.9987381069429054,1,1
2.760649177708841,8.440344304610672,1.1419204095967936,0,0
6.573003074733595,57.21986042826552,1.033509012211137,1,1
7.496493552348122,71.35870802584604,0.7408953850080113,1,1
7.1285691391647505,25.540843687231288,0.9261014391119489,1,1
2.8165592689120675,5.094091259993515,0.4924118526635741,1,0
5.364799325687485,3.95532847237965,1.089323768378398,0,0
2.4683594588873587,4.313031228821145,1.0710900911912604,0,0
2.049977294923563,6.074791854171195,1.1736610682410729,0,0
4.366951319124952,5.516444337900686,0.7102085935257998,0,0
6.7677377135312,3.1627408505716312,0.5743989487161044,0,0
7.288717072520196,32.60423056120388,1.0208153537033775,1,1
6.940894295201249,43.06240457264093,0.9888963452561288,1,1
7.679709733772084,44.577932948278445,1.037977265000918,1,1
7.427200134012183,37.25349422924375,1.2395513220208103,1,1
5.995594177278617,5.179703144037312,1.3951984926359382,0,0
4.349350007107141,4.9569054963546755,1.269299707375596,0,0
6.895464983618465,31.9124215832132,1.0776181741226605,1,1
7.007778601965935,59.72131089981758,1.0025554720780336,1,1
7.006237012972806,46.056662138452694,1.1088182788092389,0,1
5.413935251918773,3.962690620453367,1.0894680696611956,0,0
7.92763084998041,54.48104873813143,1.0598672062853818,1,1
7.293817140897468,50.86060741509938,0.9791714586892687,0,1
5.292712579378396,2.3850567821325535,0.8834545762769053,0,0
7.412020935876983,30.01511941356859,0.9347174876322759,0,1
7.81495517154007,68.8682177863572,0.8226454243821101,1,1
7.838149173055802,31.149795835474443,0.9385793244309691,1,1
1.4743788648640166,2.9008135162968656,1.1283713485685865,0,0
6.813552746888771,63.9281424084381,1.1732674401478127,0,1
3.7584049300330054,4.400011215356233,1.082743219037089,0,0
7.2602930723407395,62.07236434154045,1.0762907061949731,1,1
3.2908695753796584,4.769172785500794,0.9430751585780169,0,0
7.3813893516564715,44.540517723715325,0.8422005191666622,1,1
7.829568866923621,37.69452469616364,1.018632672165588,0,1
3.78080595871675,5.178466770495599,1.3589226350849133,0,0
4.8336412784324,5.813767524710004,0.7689801238374543,0,0
1.2449348408701613,2.756646745748745,1.4096396085924547,0,0
7.5640246214339095,52.624538345856905,1.124469819584733,1,1
4.6335099659346435,4.759919327547764,0.7012872593148671,0,0
2.3329056573215166,6.213926782414852,1.2556001459625614,0,0
7.490750465473607,53.43005672308492,0.9355115722497674,1,1
5.962805129577061,5.337805971392202,1.752318222807395,0,0
7.155174191027113,74.32829763148938,0.9566588092273179,1,1
8.0,39.97569365910347,1.1091465600623625,1,1
1.5707685544688714,2.362764678685352,1.3778357463701996,0,0
4.348352333631955,5.064322256868374,0.8082086577652408,0,0
7.780634203804722,43.81677983019744,1.045169025745677,1,1
6.511921111753135,13.988716281932511,1.192126280280092,1,1
8.0,61.47842764645034,1.0046942906703593,1,1
7.623694151512591,2.625673421254096,1.4993460086403323,0,0
5.086756631438398,2.5958108447243813,1.120149762318553,0,0
7.56727456660813,55.05910481605663,0.9448328599241871,1,1
7.259420944565127,3.4853027910968777,0.7765779657557508,0,0
7.525786994552469,46.966278311296556,0.9243491218832973,1,1
3.2484058932721873,4.753724648168021,1.329290439253307,0,0
7.56077651484952,44.41711570208361,1.0228699219667516,1,1
1.8208367086939452,3.461438826539994,1.1828249804413307,0,0
6.547197206911868,72.31349598860879,0.941347586161724,1,1
2.2859611309421664,3.8218815608068173,1.4301893937793988,0,0
4.489036309463819,4.300659100548559,0.9609588772360214,0,0
2.5211566742056917,7.581745173942333,0.4389402493175085,0,0
1.980197390931902,5.1031963582472315,0.9569404132215156,0,0
7.659587948055282,35.41641409750525,1.058091829838706,1,1
7.410659571788181,58.73297704521552,0.9469607185018487,1,1
3.0209298243996994,3.9548709777902653,1.2343129502781967,0,0
8.0,26.941468835444653,1.1128633822028893,1,1
7.491781551954817,35.7510250868109,0.7750544900510845,1,1
7.486826593346757,41.37089164097721,1.1056876555907598,1,1
7.206295980747928,46.95760067227446,0.811371179303898,1,1
6.883818000730006,50.19315423185235,1.0696770532673083,0,1
7.268672116630253,59.26613901579851,1.0525208475990808,1,1
4.148451848183291,3.8413786631609987,1.5053643364916283,0,0
0.9977622013567249,7.333829751244707,1.2322744489679427,0,0
2.91534131299864,4.00593825019723,0.5035754496638489,0,0
5.435227783075987,6.568193842943634,1.2110401208421246,0,0
6.445796364258863,7.110315505896248,0.918778707389093,0,0
6.819248311879122,6.175047858523888,0.9722312555623143,0,0
7.705112880758813,71.13702458194997,0.9795251982907474,1,1
7.286657172922761,63.456766080206236,1.0840810468586022,1,1
7.051298300758792,40.334350836961,1.1900727371951982,0,1
6.424890977627907,32.34740797765359,0.9318483648637463,1,1
1.3238639743105791,0.362198737911247,0.8536353873917385,0,0
7.389033209760317,49.17240575351937,1.071415784563165,0,1
1.41946295761164,6.34722393087603,0.8908271089073111,0,0
4.662629540178475,4.097619890867344,1.4017663400935145,0,0
7.718636580383512,45.50437999096378,0.9063688008723899,1,1
4.579046276010381,8.89400029815824,1.104576729812002,0,0
7.680418215627774,64.93829533254994,0.8824172929266214,1,1
4.3418537958867836,4.363221623719018,0.7494005270195001,0,0
4.395051875411868,7.0357799905334755,1.3121898900427764,0,0
2.898500720734376,7.349827323708089,0.9866726681703183,0,0
4.392690875700404,5.317718765843613,0.7797064099939417,0,0
7.586041882275621,41.97519650421613,0.8324231326054582,1,1
7.977709584149745,39.90694601546761,0.856641139235966,0,1
7.396161338329163,53.33688818491147,0.9340811522041739,0,1
4.628420048259442,2.7602726849905914,1.3400079046061302,0,0
3.6013753280573826,6.0379331659528495,1.3212646320836647,0,0
3.0902862440398047,2.8323403032980456,0.4655978245016864,0,0
7.960416405350153,57.18796979501808,0.9758326291890488,1,1
7.361326671021999,50.87061114919935,1.1079824331795722,1,1
6.393532762908233,3.7564012931066575,1.471456112317445,0,0
7.316002849137216,43.54395747720996,1.20238983972254,1,1
7.567509446213372,96.14122675669284,1.0116121453631008,1,1
4.990012379716279,5.343480001178417,0.6516022344483692,1,0
7.023598188429373,34.98497321535277,0.8895297838767546,1,1
7.036202237097053,37.63167793424852,0.8580700125936662,1,1
0.9434659771846068,4.463401291765801,1.4051820010989484,0,0
3.8525876121196747,1.9228855325626095,0.7570943760432369,0,0
7.616156571529366,39.99002155909193,1.0854567835599824,1,1
7.836065794540833,55.758639673149666,0.9594683240865276,1,1
3.2238686013980353,4.02138890881595,0.631797782749907,0,0
7.22938414618181,17.588523717248194,1.0352876160918258,1,1
3.8676847332419997,6.141328128182396,1.5924233438298951,0,0
2.814010924817307,7.423344429028797,0.9042150083196819,0,0
4.238260314799556,4.810674255864485,1.5197596659635944,0,0
7.64614453194335,67.09802412347545,1.1105458815053288,1,1
7.315680202285866,51.156687579765,0.9689329161659817,1,1
7.473142640989005,37.25581522330415,0.8760790239273356,1,1
6.858369964954761,50.10480312133387,0.8570641583209134,0,1
5.110900726061935,7.592404324043389,1.309891966968408,0,0
2.903879754042599,3.0272998751361095,1.1335826981192172,0,0
3.9450594989820984,4.528772088537121,0.9701806018562708,0,0
6.982856278051704,65.62770212164715,1.015346317627327,0,1
7.560229077058791,5.617062565108814,0.6509081999114621,0,0
6.0188405005871735,7.2085601268033646,1.1440092008039393,0,0
3.4323156391785004,4.79885818045301,0.9350643763149422,0,0
7.936156669056439,57.525322034576845,1.1284115009580575,0,1
2.026445590101404,1.9744870004882706,0.7896447956645074,0,0
7.65272712377073,55.24939496832542,1.1925886499061977,1,1
7.187661417119773,2.8068465731203136,0.6355449634234415,0,0
5.469262773624581,1.4911396531913677,0.8660591819558711,0,0
1.203338748988375,4.042090048058007,1.5696665509247425,0,0
4.106226852246895,5.4937413550817915,1.702977262304959,0,0
7.615717749257175,26.160765792448956,0.8662909200683404,1,1
6.745323371004141,28.572314526158003,0.8385434062166807,1,1
3.5029101039627255,3.3551874226131337,0.8084001335773794,0,0
8.0,51.55203003272505,1.078777451628493,1,1
5.113485014840553,4.748146206976434,0.9254420936732025,1,0
7.133700386799066,38.721104766475236,1.0223785480503582,1,1
7.5527647003999325,44.511573013945004,0.9056169233194042,0,1
3.341996643469736,3.949630923832055,0.8468924800673441,0,0
1.2886073604589412,8.260423547138192,0.9046200005459568,0,0
2.683516988161238,2.306153468069813,1.484012473767757,0,0
2.180625250463923,5.603544489104042,1.4070642221986898,0,0
3.7462616342374604,5.582853008788942,0.8071989169661598,0,0
7.377286604038423,61.466199606594785,1.094314571541356,1,1
2.1711651492990174,6.281199699773545,1.3388832333889795,0,0
3.7327414382780186,3.1805647740731704,0.8864948954113564,0,0
5.9121426229918255,6.955009729463865,1.362331788314221,0,0
7.982172653268393,42.98681771930929,0.9723716164596069,1,1
6.007044995032823,2.0524426437520886,1.1297863739891705,0,0
3.6356492521050785,2.662545901007456,0.5501313412402864,0,0
3.0102787271326505,7.013438896690449,1.2717734496927884,0,0
4.472022311711567,5.192496196462413,1.4479075758161015,0,0
4.131341176644069,1.2758521426694638,0.5541607921933998,0,0
7.554039989221308,29.98833289966534,1.0066460054439577,1,1
1.8723018907204523,5.457936581063149,0.6712173660908476,0,0
3.4581663380485677,3.176831711595283,1.4318805675103192,0,0
7.256567644384296,64.93137896857615,0.9891056671753503,1,1
7.243094805229439,54.787123505744596,0.9623971472066708,1,1
3.979113547891413,1.2497421579074373,1.4472729294018158,0,0
7.648083779620887,49.382991810261416,0.8490650312258976,1,1
5.524192422973165,6.151278311206595,0.6696480225121783,0,0
6.813981889936171,52.30391725739373,1.0195196448119446,1,1
7.688404884662384,27.94822498787014,1.2150963752875574,1,1
3.0757217111690953,5.104869176089374,0.9146519164379574,1,0
7.696378548520972,57.22386228172864,0.992841640545788,1,1
0.6278019393480534,5.285828559315773,1.1207348773680454,1,0
0.5811201404411244,3.3632394639540895,1.0323904376295547,0,0
4.40780079426328,3.8534106185558534,1.232045201102899,0,0
7.2481337745057255,46.420233302712774,1.0136715253317137,0,1
7.402150726376864,55.72150348858861,0.9933541273108953,1,1
3.2184726103699886,2.3012194358804243,0.8465158014014819,0,0
7.37858745742492,61.074898248978826,1.0975574630213007,1,1
3.7704854053641785,6.129286787487514,0.8484371875821684,0,0
7.196616247481236,57.368994310795685,1.002637966397844,1,1
2.5775131492619567,3.2398447949755074,0.5580373253119462,0,0
2.2556035645339003,1.943019789883535,0.7697598353738635,0,0
7.778914222795529,52.019691633842626,1.1264350643016465,1,1
7.611200200901537,45.885668647352475,1.0350591536056362,0,1
7.923425094471956,49.213279578106075,0.9843334427040767,1,1
4.045712822396864,4.866621331534612,1.2040175755693294,0,0
4.778514078242508,5.5383899036538535,0.37323128141263673,0,0
4.714059612316889,3.1540543911012806,0.8316970145162267,0,0
4.009145206107063,5.160482631914419,1.0042328228306803,0,0
6.48606226789133,65.29822330574589,0.9385480235106746,1,1
2.185744551780753,5.907459661980034,0.8646969961512023,0,0
7.520237246861088,53.08685574239297,0.9503879167893108,1,1
3.132298184997464,6.788315462204605,1.4187555856453524,0,0
7.1192263258897786,65.12320170210157,0.8984529874371127,1,1
7.744536768588985,26.324057715774586,0.8699870645373121,1,1
7.053902157003526,46.16142059681108,0.9186874067111678,1,1
5.916426799577103,1.904604747182581,0.9555642041557868,0,0
5.393699236873776,4.877351757849792,1.3733144560101433,0,0
4.294649632449008,4.530438234148605,1.2855202982195977,0,0
5.711158743455874,6.682974417969518,1.2806011830153798,0,0
7.545854213860718,32.57051907173262,1.0682206594059898,1,1
7.5907822404458996,44.20801070655211,0.8665106595785314,1,1
2.90610688696837,6.255554018478768,0.6369583871681598,0,0
1.9206587009762046,4.893738841033338,1.7227520056281382,0,0
5.009221883099827,2.831050646831006,1.2235333509961128,0,0
8.0,56.01935855475591,1.2645320951068586,1,1
7.668978925595496,57.55767516124216,1.1183302590033686,1,1
4.9871702819730945,5.844415691125686,0.3584367475375033,0,0
3.234358192562211,0.0,0.6789422915105061,0,0
7.832141832916756,27.581699923657368,1.008283164748888,1,1
2.934377194241895,4.9331138278444895,0.7087893307269861,0,0
5.100787125078053,3.5465235035468137,0.6511269645386635,0,0
5.011960193967342,5.479180859333071,0.7857493005890316,0,0
6.476544905329474,3.8768750562087533,0.3733814354588284,0,0
7.843666417011154,35.01102748416797,1.0620155887478613,1,1
2.3666001835728427,1.2656063128583876,1.4258374317421176,0,0
7.330557224055411,31.724578161471147,1.1552655079288099,0,1
3.34242695200456,4.977211362957758,1.4287862478092053,0,0
7.008102424212342,49.129536662460644,1.0856577948143808,1,1
6.60670564919402,5.137101782522394,0.9594257156615723,0,0
5.494629305549778,3.449854787213235,1.3657098303981559,0,0
6.8957886614000135,54.699073393181735,1.1880737041858915,1,1
4.1865709790600345,4.7269422451985434,0.8688550802465681,0,0
1.6550947871268424,6.790040322248318,1.2951818144599354,0,0
1.9121374436345038,7.182117322140991,1.0756881396159546,1,0
4.482529376081011,6.6630868336580305,1.3335702412799229,0,0
7.072073963596885,43.63608400049333,1.0907423724147491,1,1
8.0,46.965432748959905,1.0284385293582101,0,1
5.329025811881812,5.013519947768389,1.337703534289998,0,0
3.15652784683314,5.555264890057619,1.5477892593172695,0,0
7.9689364047957,55.14122169009258,0.9439095760461009,0,1
2.0418244404773214,5.292635423661029,0.9425309215470538,0,0
7.779229277180431,61.2064361256281,1.0855838589436435,1,1
3.1793944989752525,5.4203781425161495,0.558882593908428,0,0
4.629211870116955,4.824109293815021,1.2514069153320921,0,0
3.157882426696467,6.966631048833408,0.9426410438667283,0,0
2.184997116098576,4.08977142382404,1.1471676281252547,0,0
3.074000372034101,6.159502727378319,0.9972431991208714,0,0
7.620924121738055,56.48144064475814,1.0188472780277502,1,1
5.539457748819395,2.5108576260505355,1.8356449297742403,0,0
7.677201169127056,51.60770118442679,0.8817958497856344,0,1
1.5184706420988237,6.922218880005963,1.0697770696594249,0,0
8.0,30.40960930931726,0.7943043658252038,0,1
8.0,15.766503121925652,1.0289810913533084,1,1
7.638425361903338,64.04771703481047,1.109554561291985,1,1
4.075310432201181,6.930982136836388,0.6817604338246541,0,0
7.978253756399076,47.645993424544415,0.8555905120511433,1,1
4.040114926728079,5.622033144727916,1.0238466103483248,0,0
7.115949344616864,47.50562035965251,0.7105443656936914,1,1
7.363739114037584,53.49360050277573,1.0623695128142194,1,1
7.376662307561494,54.957640115975224,1.1532660744656964,1,1
8.0,5.61943091504646,1.375506896221617,0,0
7.625921061077013,35.73309057740272,1.035765270737421,1,1
7.481641456035029,41.49250477783906,0.9990800032857734,1,1
4.746194289517984,2.423498912467718,1.4027253226199625,0,0
3.6750259479958727,3.9077226785263894,1.3066358205973347,0,0
6.954781848561458,38.64402690316734,1.1266356332163838,0,1
6.659167027271491,43.43714189308592,0.9598930787243397,1,1
7.968644694461048,31.48238816535253,1.0112254400510385,1,1
8.0,46.288997272502826,1.0963433027310996,1,1
8.0,50.78340987813847,0.8938789358408065,1,1
7.955275164984075,35.95271988354557,1.0778086195451952,1,1
7.691609878693915,22.25948013569159,0.9950829613928224,0,1
7.829664352394414,62.19103957461603,0.9796734672070159,1,1
8.0,53.157704478089464,1.0867427042295081,0,1
4.964128941667816,4.705596632250341,0.913342413048732,0,0
5.128130717666879,5.988884868737298,1.3436291088667014,0,0
3.6306420614206054,7.773775342120574,1.3571177093149491,0,0
7.30370060608089,69.4620201374031,1.0484209903642778,1,1
2.3293844786673534,2.795591293118587,1.4308311266032177,0,0
7.834494634440955,66.09389124853517,1.040412404906616,1,1
2.8270998189625045,3.6369513663205946,1.115677126351033,1,0
2.396320751515294,3.547587200495281,1.072850343913638,0,0
7.369448515828879,58.7125324604733,0.947995481362566,1,1
7.344377623427292,44.064532792677525,0.9508896189672875,0,1
2.936201589598235,4.723893184143284,0.6928729438685317,0,0
3.9872167130846794,5.164104497922513,1.5509357868625908,0,0
4.902609013830207,5.240382755404474,0.5257872399174203,0,0
5.631505032586582,7.8590011806905595,0.5801722839629795,0,0
6.983356064275046,46.223872814737575,1.191856046658761,0,1
8.0,48.27426884490135,0.9083161981238862,0,1
4.264588166502612,1.3376544868800124,1.465316242564067,0,0
7.7593828271717955,34.20973271714779,0.9962293385662401,1,1
3.1540508190646572,3.75579231064991,0.8598191496614468,0,0
3.3065592461909277,2.9852849864847824,1.3619602128451516,0,0
7.075855201700534,63.30621544980647,0.8695351306774728,1,1
4.494625729499425,5.796700305959597,0.7493049314030136,0,0
2.9727352179520006,5.497221390291831,1.1482320671330921,1,0
2.7063022467976507,4.211858560976771,0.898933476018724,0,0
3.824014199649693,8.33701069507429,0.7226265532547079,0,0
7.737300941395277,61.7834383228159,1.198730702716734,1,1
7.7166549513612726,52.79076430618968,1.0133737173172206,1,1
2.593891289815275,7.033801205940747,0.9092665307404996,0,0
2.8535512742862013,8.396814334268091,1.0608163421819088,0,0
7.286226383598045,63.36987954461162,0.8831752638389363,1,1
7.298357351183519,47.79924140400654,0.9358098230218285,1,1
7.909505912550033,32.437643169946156,1.066148535304556,1,1
4.400401261772843,2.7016887750351284,0.3535968149329781,0,0
6.998902612341652,38.805651315138505,0.9860167113238959,1,1
3.5041860730944756,6.798676227009165,1.4370654558171734,0,0
2.0326944123054904,6.045015829046539,1.0671095077889905,0,0
8.0,42.38660718440849,1.0162254899255876,1,1
0.8260735747367143,2.6315285020875883,0.8556312482603232,0,0
6.604856600810572,68.45717093796546,1.0658060880422924,1,1
8.0,15.737511474039579,0.9055178919698234,0,1
3.9241794210852237,8.453805542349649,1.5799006507225268,0,0
7.170171742353386,61.28597211164108,0.8468956851262266,1,1
7.908956571965415,31.258347243136686,0.8507041614083409,1,1
5.258877312434453,4.643093123535893,1.5650142296102654,0,0
5.627652874755178,6.287733754604293,0.5486242185418221,0,0
7.684329075318912,53.150275474368506,1.1070696172019296,1,1
3.0752482341777183,6.702430774834366,0.8270981736532264,0,0
5.152793970530073,2.409752331425744,0.40927273875664727,0,0
6.419724688267806,43.25077267212164,1.219956499240747,1,1
5.199512755742988,6.408564228504307,1.3880199358999008,0,0
4.409666946322401,5.825592287742732,0.9485244902885632,0,0
4.270237461269589,5.35422964759349,1.0433975713207801,0,0
7.259673538118544,61.85770827908142,1.0791277754346686,1,1
7.882876972433271,34.01020488432721,0.9960877239975192,1,1
4.332375961235142,4.810698566588366,1.7428902264695982,0,0
7.6414885977237805,50.89023570405317,1.021538121064676,1,1
4.599010621560603,5.3304893179145285,0.8889992397262726,0,0
1.3020037241803242,5.404952864298872,0.5025050144772475,0,0
7.822612776631553,37.50442336248202,0.7341045930528574,1,1
2.3762653804318927,9.173611811089128,1.2525056995180033,0,0
7.857626044020689,45.97320726997195,0.9301545013079704,1,1
2.3379226566250955,6.114608329637146,0.8710591389542471,0,0
7.407081896345737,6.3025948330009545,1.41529533337495,0,0
7.43778161606771,38.999640019176276,0.8529134251945645,1,1
2.639184989941201,4.993255129003891,0.9196821384037679,0,0
6.9926592162071595,31.296625265829654,0.8861396857149676,1,1
1.7242506435725522,5.0748379642896575,1.4304367568474876,0,0
8.0,47.66577612563701,1.116924378904905,1,1
5.312818407618788,8.148459785582782,0.8861623950251586,0,0
3.2609834214453848,2.128023200654463,1.1114360544153417,0,0
1.6991626504027741,1.9047134405592638,1.3257860211707222,0,0
1.8967423328425066,4.744010419347406,1.0707199456063254,0,0
3.371661007707635,6.801147920387304,1.310921321576362,0,0
7.998795290546811,40.982842594844094,0.9914984821589659,1,1
7.857086631376307,34.47215450745077,0.9599891396103358,1,1
8.0,29.54921518309476,1.026550691062295,1,1
7.489046613573644,53.4023705656704,0.8069524598759775,1,1
5.601651082026501,5.743190266349637,1.022715127684809,0,0
3.6626243709393758,4.306403725976577,1.535034224089086,0,0
7.602234690447356,46.70830623513976,1.0627412288003246,1,1
5.104297773022269,3.4945685778316884,0.8590912780954233,0,0
7.841733199312945,46.99302267417822,0.9808469347943158,1,1
8.0,50.23238940055801,1.1043232623425194,1,1
7.19237865603325,63.93439133530033,1.0558973525430337,1,1
1.0153713383212688,3.5866556195046844,1.1535037004123485,0,0
4.056910113282471,7.003045381157744,1.102949418668927,0,0
4.398915962775706,1.8777393865464913,1.6010365515883425,0,0
7.458218654456054,29.80083615867517,1.2158289355293554,0,1
4.44580186121439,6.56259646940591,1.3673729687906557,0,0
7.542194896490328,34.65005346056748,1.0981348017121295,1,1
7.748819200590659,53.146761463458574,1.112944669996344,1,1
3.2160771820249083,6.727291455362008,1.5669752851021777,0,0
4.588474401168785,2.805517260817271,1.4895573370669697,0,0
3.823587376826566,10.452495580514107,1.3595172540924465,0,0
7.981204392922302,49.27126412460168,0.947927989334915,1,1
4.280239589554125,3.932137179474803,0.811010634572803,0,0
7.176935485596781,46.110095900088226,1.1143184148996526,1,1
4.636046326496903,5.80343160307557,0.9610162471883303,0,0
5.851097962534206,3.645235246560865,0.7374497135076559,0,0
7.325893966284926,38.6998342036677,0.9650976860443325,1,1
7.981198056983924,70.74321229995378,0.9175518269391955,1,1
7.617298199652049,75.5193502514032,0.9478805488079912,1,1
7.9763409861215635,41.505354870622945,1.0104438202890302,1,1
7.364985802595784,91.28924244451608,1.0200164769189421,1,1
1.694340202087596,7.846148511605284,1.0029424654559345,0,0
7.504648105406441,60.4935589666362,1.0357698481854727,1,1
5.023896631212375,2.3790816545650295,1.6393223205174112,0,0
2.954897041067192,4.367664144756519,0.8964606744719419,0,0
2.6805797841852623,6.7133257560753,0.9562526725598427,0,0
4.640992631188616,5.532073764974154,1.3011974630520433,0,0
6.307733967505578,4.397274703295776,0.8144055566998423,0,0
7.596658335309776,45.7377860539699,0.9981971582746155,0,1
6.21181068175743,3.4944775447747705,1.3778486272089259,0,0
8.0,54.208464087725424,0.8893360072332668,1,1
2.3079954999847665,6.423313261548381,0.7699008160706708,0,0
8.0,65.50841042013178,1.0854998153176725,1,1
4.392536904945557,3.374221697586157,1.3684361699923173,0,0
8.0,80.58699955667723,0.9228311937441731,1,1
7.359594238589703,57.592751785563365,0.9847377300626278,1,1
7.8203808891441255,71.08580059326812,1.0775078239557923,1,1
1.8491635067418866,2.8606118406651597,0.9998941781273846,0,0
7.261110932983355,48.13459226637332,1.0133538497230297,1,1
4.308027203961082,6.201788391552982,0.5820032291362955,0,0
0.10084340329926977,5.4072262825666915,0.9157352511623844,0,0
7.858979630275628,40.24976615658387,0.8927446162639937,1,1
1.7405947435136784,3.8920779938081127,0.5091147930678198,0,0
5.983127141709046,5.624941521080728,1.3169250945102298,0,0
6.621316729164677,54.597515525159494,0.9869417590828562,1,1
7.277488647499025,44.91917064586276,0.8764170079821982,1,1
8.0,47.56309479287666,1.0624612217100602,1,1
7.8365587988934795,53.9651684950735,1.1600638147789937,1,1
7.788096720994053,63.20350144873096,1.1364477926058283,1,1
8.0,47.628183425436774,0.9097173043337113,0,1
7.0611029821367515,62.3771007705799,1.0412833326297806,1,1
7.3799488810726075,60.98303132470257,0.9149778909618789,0,1
7.825341903379249,36.89544164928324,0.8756873832984865,1,1
2.7332539285987663,3.766178964404812,1.0714427035586733,0,0
7.8324791776824725,33.35013483080432,0.9608029638316676,1,1
5.816505457592804,1.9454976075056036,1.072063501112537,0,0
6.301308430592941,4.812258716889915,1.0034715219665888,0,0
2.86457770990716,4.43164681968422,0.9920743122328971,0,0
7.154258904578138,64.4486582908085,0.8731284884919059,0,1
4.995361965193202,5.137319441050265,0.9054345501182558,0,0
7.1763870885391805,45.872609425367756,1.0944837505532958,1,1
6.799621325905443,56.10681444612902,1.0088601720225767,1,1
6.605209977387131,64.89175819071976,0.9074339796825095,1,1
7.1811039652548105,19.418500365609404,0.8951277816841786,1,1
6.6654427250239054,48.20702608938061,1.1466642431490728,0,1
3.562205498332899,7.375639999334108,1.293141416117791,0,0
6.490369519616333,49.07059989458115,0.8530220369261863,1,1
2.6052326656605653,7.8943295942401654,1.3705938052226372,0,0
7.351961227730548,49.776035654740156,1.0458011224027417,1,1
2.3317781929324384,2.605760755434921,0.4680817398627347,0,0
7.153402740880219,57.52697000830674,1.0180228162079226,1,1
2.9546312573081934,5.999124492514199,1.4424093195313856,0,0
1.9358596107167667,8.503691482362363,0.8691581113639153,0,0
7.732555914429051,62.861317953587765,1.0492240469105485,1,1
4.810377862981274,7.538111371757127,1.399151770893564,0,0
7.594249495772643,42.15222086528547,0.8862632634712735,1,1
7.360158893765758,42.05153998119376,1.050398554028626,1,1
2.668374241405033,5.038734261231084,0.6830857982399448,0,0
7.835816144631826,91.30797607642478,0.7790026688582349,1,1
6.6504716580991445,4.213517611694657,1.2157459656309095,0,0
6.343489718207472,34.80192373631702,0.9281778835198882,1,1
7.589006571854896,57.916152610052116,1.0576579819209544,1,1
3.658096045712885,4.324729716532753,0.814039464356253,0,0
7.865097552297786,54.04057991793995,0.8357689239905078,1,1
8.0,37.14436028397378,0.8510211461876734,1,1
7.9565245568302565,45.773655108028784,1.1883962180754966,1,1
8.0,57.415568552863014,0.9320139715910233,1,1
4.014369670525272,3.816273111274459,1.0418538707293883,0,0
3.3544722798606825,4.59453094027104,1.2343256654068966,0,0
1.89290335944116,5.631065469627507,0.7832658243933674,0,0
7.741378973554693,34.59223361405336,0.945371529896517,1,1
7.106746149918182,72.21700471152181,1.0094403077763783,1,1
7.453688003525391,49.60837656464171,1.0219734504283007,1,1
7.328376088898031,26.78378759200814,0.9092826916626936,0,1
2.363646215332258,5.309684608867734,0.808329357651588,0,0
7.874500314087242,47.33586817076367,0.9307112612498196,1,1
4.581724062955942,4.026697942614507,1.3456126746827033,0,0
7.523984374736237,61.7579435084978,0.8236130295622691,0,1
7.782075709205931,82.12451652006689,1.2206021093035175,1,1
4.95485980620991,5.123240970799497,1.0994770692825115,0,0
3.6677444871139535,6.365731080437337,1.0361805736941503,0,0
6.162422721020361,3.3041164132075496,0.8159097093972474,0,0
4.4664733824255505,6.436540230337733,1.6117416629006494,0,0
6.024886549040776,6.035534133165363,1.0055998964773634,0,0
7.157508253216929,31.69620940580337,1.0093929999993663,1,1
8.0,47.02295301086539,1.066786385571938,1,1
2.723731965212102,5.034851679840851,1.219633767377878,0,0
7.576921210617474,17.96448155000646,1.181522727229126,1,1
6.264995582598542,54.922006072898114,1.0844945164499458,1,1
7.050787400264418,56.03161507031453,1.1934566174066548,1,1
7.232993640738195,40.60091497155706,0.9245420459606144,0,1
8.0,50.03107988282428,1.0500591349786614,1,1
4.895344397064707,7.759594845977623,0.761815377529361,0,0
4.279194748167121,2.218824182435618,0.9785350740917028,0,0
4.69084544193897,3.4576198100734468,0.7433295371784099,0,0
3.635926001730237,4.9948004543212985,1.577092535590379,0,0
6.856865978385466,56.76517380876133,1.0773937668434646,1,1
7.072965098835382,51.83485010250649,1.0755629459495,1,1
5.307826773511085,1.6095277141434772,1.384323713215521,0,0
8.0,38.78261927089037,1.0457299427934617,1,1
3.905095155697835,7.8284434728972,1.1867118292808596,0,0
1.6778997181170778,8.477710411862805,1.040554496013254,0,0
2.317638070372574,5.908610739790482,0.9333319270805609,0,0
0.0,6.91583428477297,0.9648690386967798,0,0
7.5989759782945026,70.8818222368949,0.996217280016573,1,1
1.555406365098254,7.090286875569421,1.2616131090969185,0,0
4.106311678323838,0.0,1.2108238706735648,0,0
8.0,67.61720466963914,0.8147610349121004,1,1
7.607263581419662,31.31978510278073,1.0728400512526477,1,1
7.2979183632178035,34.482589626791025,1.1479407729623285,1,1
5.067626506220254,3.543425439560026,1.4816126832009706,0,0
4.553390005100925,4.389278934456894,1.2253417254634877,0,0
4.971037198044085,5.288574491599891,0.623565648380072,0,0
7.040402276071514,60.96276500162488,1.100822951019779,1,1
7.4491755803720485,60.614147472133126,1.2966563772671102,1,1
7.58576552630551,68.30596759052393,1.0967572687658862,1,1
7.4539847424565275,22.63707668624531,0.934603713168415,1,1
4.389331499021913,4.177829788841728,0.5321958004822128,0,0
2.8593308976043703,0.5036336675116129,1.5601465695363732,0,0
6.355879206475522,6.667902362176539,0.7888577924116611,0,0
7.915136770015692,65.52612026027757,1.0037709834311486,0,1
8.0,49.61585134907326,1.0225467268267254,1,1
7.371618910018705,26.44134713122347,0.8613648881854242,0,1
8.0,41.02434993929959,1.175306080427913,1,1
3.75040660516373,3.8371550790504187,1.5681042705484511,0,0
7.220094868342861,50.164519317190816,1.1304446557960814,1,1
7.720744377687654,67.59242770362613,0.9331241593919651,1,1
3.2899603654634837,0.6150480339595275,0.8066347860471464,0,0
7.237073251558159,64.50893428253411,0.9840103206759965,0,1
6.922715027004724,28.47539061814923,1.0085087503621855,0,1
4.514525482312149,5.176205368396524,1.4302674202229813,0,0
6.9832921322839105,15.65126147454285,0.8988795977113762,1,1
7.223693479193382,42.97339541253294,1.1428450824342165,1,1
7.148946334550479,32.16418479477589,0.7618491295593516,1,1
7.468322111417447,23.60050964665637,1.0195557494628027,1,1
7.4368486894749966,21.85832115880545,0.9166353258701901,1,1
2.179064315151462,5.475613527611937,1.050613650763186,0,0
7.6122511666692105,80.46031575307931,1.0062078028334183,1,1
7.4879394264207075,39.94370258117574,0.9540696656718815,1,1
3.212230999753497,8.614863172417138,0.7417567936185563,0,0
7.569467698368434,49.479516721970164,1.0833631949075901,1,1
7.117265284055713,34.11199291717173,1.0326456154790795,1,1
6.983933967980847,42.632458384526515,0.6610191331663582,1,1
3.9504972948769486,4.1995679058692925,0.9329378627540648,0,0
8.0,35.41681005414697,1.049364746771578,1,1
7.099412987553297,91.6190885593534,0.7929911575061984,1,1
2.8727778509972524,4.868347765009169,1.6861617910078994,0,0
1.6469954985420525,0.0,0.7763585751416189,0,0
3.0713987798475486,4.194711475932949,1.04496279869401,0,0
8.0,67.4281457532344,1.0157211161969684,1,1
3.4533966623152637,5.7890916379985855,1.6749280968112232,0,0
4.692274596471334,5.6274641977967965,0.8315006959004017,0,0
3.3496548153144934,4.518464046350248,1.3376494500462206,0,0
7.3851808971376025,38.86505568545037,0.9595845312689495,1,1
3.2888637488177306,6.915002460553965,1.3035641917032788,0,0
6.810334625286771,22.313108586279114,0.9427070688318268,0,1
6.595700874615036,60.23494851880635,1.1846768744305212,1,1
7.749057605168996,74.67330642233162,0.8983011661946789,1,1
8.0,33.958991620422346,1.011847454278765,0,1
8.0,50.03257745019194,1.0950293793937644,1,1
7.534768226637283,24.08253583250457,1.1050779806850175,1,1
6.94951003824672,68.39462637506358,0.7847571828457968,1,1
7.277011304169143,34.22137708234693,1.0208629126539495,1,1
7.943575078756918,48.969573275993646,1.0440404771923342,0,1
7.218805099280891,45.45015794210889,0.9110242231590384,1,1
8.0,55.87308582815896,0.9503041272058592,1,1
8.0,38.93000724212514,1.1037841748259283,1,1
7.679686465275201,42.69752981076835,1.0721743629456835,1,1
8.0,53.27420792841236,0.9618607295187371,1,1
7.588454046259336,72.60115882395354,0.9329848544804658,0,1
7.481244072551165,59.30094456527272,0.9581003808608918,1,1
6.874506018862252,56.29737934006777,0.9402239866568516,1,1
5.769949599662024,5.797418744879681,0.9393251989498096,0,0
7.700938702398516,80.54410866310349,0.9297639127347131,1,1
5.809605966910254,3.1258954044267533,1.4185103826088976,0,0
7.168107825637783,52.379586348882505,0.937659060637114,0,1
4.568478204554252,6.825797632629553,0.8614476064402938,1,0
3.841058550761959,3.7356051965457726,0.6880104171064525,0,0
4.109162308394736,2.0947445540833054,1.3192594122601389,0,0
4.994520031528875,5.269858461576697,1.1155363104739666,0,0
7.941318378294505,77.44886473432065,0.8911499244465059,1,1
8.0,76.74493945066439,0.9811808113844943,1,1
3.665256980503348,5.328192568014773,0.7878561637965915,0,0
1.9501791818773286,5.777849199185033,0.8962230352731619,0,0
6.854137980616919,68.27803280842,1.0805718924799819,1,1
4.130328632669477,4.2853401869987415,1.1580669438993734,0,0
7.677291826518121,63.35925963758122,1.0368542659454527,1,1
3.3698239456087737,3.6617799442415344,1.2425381440067609,0,0
7.937276496797515,37.7096416230073,1.1055389511366023,1,1
7.288122889328903,70.68876619479343,0.8590841729264119,1,1
7.389892299554341,41.39646443986742,1.0364823858697265,1,1
4.466388368498552,6.785765659972505,1.288012739885139,0,0
6.891879042397169,33.33425858282951,0.96384759053996,1,1
1.9148861774558177,6.16403990233357,0.6905008747653587,0,0
5.4345917829199415,4.535909736980282,1.26562100735688,0,0
7.776352368795745,52.719533449157645,0.780078961406819,0,1
7.085343151034688,57.66456889775819,0.8654251017668277,1,1
4.306149305482161,6.150777714975353,0.7924153793904107,0,0
7.110040928370413,20.73058850106884,1.015112087148094,1,1
8.0,46.598461393232455,0.8823176345050096,1,1
7.636586844031168,41.57037223382919,0.9247914159303284,1,1
6.782720536577157,73.60946558331983,0.910229028169368,1,1
8.0,30.82716459955969,0.9908841842591357,1,1
5.5546582541532,11.009428203677572,0.5924755407752532,0,0
7.343215270552238,71.12869435272616,0.7939461518440916,1,1
6.953948693777968,5.94287740975969,1.499631844832686,0,0
5.1814133846676755,5.98782614319709,1.3090978001132385,0,0
7.040120203298336,55.865032810325594,1.08396071972616,1,1
4.782466644172124,7.028853716382075,1.8545486944397567,0,0
2.5230044356311048,3.918036172490348,0.9666423481372816,0,0
7.905196009244542,39.644954809818046,1.1480547426620935,1,1
7.80899341285393,57.013956034956614,0.9316130600279036,1,1
3.144099335993494,5.6420519078791465,1.6175191726720108,1,0
8.0,77.44772226695602,1.1023190317007083,1,1
3.82760104828841,6.422091566608396,1.0546640634250888,0,0
5.18777558254677,4.411196194762725,0.9257672555347364,0,0
3.6480741964615064,5.745127411115504,1.3888622654913276,0,0
5.8347794952445815,2.707749652293627,1.4024419864475306,0,0
8.0,59.60707684568047,1.0476376327914498,1,1
8.0,64.13817833162534,0.938868896366615,1,1
2.2818782218958953,4.956339827205834,0.677833403469406,0,0
7.9869501250599875,58.50951171721771,1.0078493991134536,1,1
7.953074119885372,34.753663878947926,0.9604390953155053,1,1
4.494413173705283,3.9247962119332307,1.2468638584778649,0,0
5.718014808164579,3.1000963804089574,1.1041948455781228,0,0
7.956000976684448,6.638202232402674,1.2221346479288853,0,0
7.0394033012631425,74.96643434967454,0.9674696938776968,1,1
7.559316606575093,39.6804216554785,0.9138526571666535,1,1
6.692639669787884,5.871088921725547,1.0726708675192231,0,0
6.413972195548439,58.11608147197728,1.1983940984650088,1,1
7.408755163079094,65.1809747770597,0.8941097294239131,1,1
7.689261731729826,71.7759254077805,1.0738304051985468,0,1
7.926676094904915,39.029398980508766,1.0577522509977897,0,1
7.466507087129215,59.44899775794628,1.0475366199187452,1,1
4.564428444379416,1.3292328913711589,0.7570855977562261,0,0
1.8940437554942453,6.193253789898805,1.135737963462032,0,0
2.803847392141318,2.2424182357056726,1.2588381954994157,0,0
7.494025609573793,76.86035657369999,0.890327376815119,1,1
8.0,48.23824354188268,0.981605661483384,1,1
7.9660991658824765,60.801318653021944,0.9878058002531865,1,1
8.0,54.409443046305,0.955908178867491,1,1
5.990409180947197,3.0926347009673045,0.9198823241818502,0,0
4.95384607734272,9.712884323864312,0.9932783951206727,0,0
7.745197925980831,19.862526442563443,1.2067285726066654,1,1
2.08062154093864,3.93174235510084,1.1932651167530886,0,0
7.7852498502694925,41.6483458168403,0.901670341848907,1,1
8.0,47.00469697642825,1.1384816835756248,1,1
7.485196120102661,33.475185154997845,0.973066880222105,1,1
7.247756925462667,48.47157621646234,0.8815597698477129,1,1
7.342634602053101,73.40547310094829,1.0608304805299653,1,1
4.839258407033057,3.054888493742706,1.2378538103656942,1,0
1.0995478742777922,6.428651260161815,1.0478184892057896,0,0
7.289822903685992,44.124018692598696,1.1124755088797176,1,1
7.287573446202366,61.650991797555164,0.7823043441341477,1,1
6.149427790638666,6.101644483567357,0.939251822528695,0,0
5.6271032342718,2.7875609445503486,1.2214252891930337,0,0
3.851504808272228,3.425181168814274,1.3494957141168817,0,0
3.6144511725979536,6.444479350079476,0.752344492715716,0,0
7.329894058931872,61.33429607946406,1.0149530155342579,1,1
6.947118672184171,66.27278598860481,0.8617280299987127,1,1
7.84961715516565,55.553181224371116,0.9551437359711809,1,1
5.838079781639627,1.5721133569079893,1.056117971475746,0,0
7.704718923437917,49.00416200724267,1.093213720690143,0,1
4.526799204988588,6.262918498785666,0.998832271912245,0,0
8.0,91.50865343494567,0.9701693568752612,1,1
7.682772804391632,48.16913829138419,0.962208634645883,1,1
4.183915747760559,3.4735729867390583,1.2092624702873238,0,0
7.406509967929512,64.37504557962954,1.0494638464192156,1,1
7.183292434079009,21.11418402277481,1.0148085648442768,1,1
1.7865741323739144,2.388611374138427,0.887734494861335,0,0
7.553234327048581,38.931849184344564,0.8986965309476039,0,1
5.627925668789462,3.8624525411975195,1.274614795315451,0,0
3.703313276143422,5.707376168360931,0.777336118628605,0,0
7.470089243708526,67.69630400635815,1.0431515171955759,1,1
1.433205856462858,5.134889929003125,1.0102087988718684,0,0
4.618970470248769,5.189638236916388,0.8193277747963245,0,0
7.366188760494795,25.40879923041444,0.9930899011076464,1,1
7.654183678933575,55.72357991772141,0.9737810899016609,1,1
3.0513532141760478,4.159072319968351,1.361879150605639,0,0
0.0,4.417226157854486,1.380782010785009,0,0
7.129477250578165,59.7880680556486,1.2296332149405658,1,1
7.915468136206082,50.50767742396563,1.0796395111851136,1,1
6.876145801030294,63.45297117492198,0.8296162429135593,0,1
7.28599701975127,52.11397018035734,1.1740651510067235,1,1
5.2387207569135334,5.514011376563026,1.462857435018742,0,0
3.9692729358380783,2.806571254404579,0.7879149152260364,0,0
7.620732134122819,16.669426465381257,1.134020358445458,1,1
7.455624530896549,49.48758845367299,0.9914208534500024,0,1
8.0,39.80042103541031,1.131495515681805,1,1
7.099913317051351,4.4455585807922695,0.9166264444275742,0,0
5.421360580756765,4.159787092747921,1.488954384676005,0,0
4.3102135940510165,8.730172057725087,1.0047373880884818,0,0
7.849668371936003,76.70579813972776,0.8719130058720104,1,1
7.957080520878076,33.457805831560094,0.9664747082327919,0,1
5.82174154776327,4.278929266106074,1.0167169483309448,0,0
5.6909305809086055,4.901531240241543,1.021644250889085,0,0
7.398308688313878,32.777192129696616,0.9994329681258228,0,1
4.358040762636369,7.641709385019553,1.0794931835122086,0,0
7.787106354527655,71.78107709028852,0.8984101474835942,1,1
4.503642537221393,2.2570261590824354,1.283684215408553,0,0
3.5186412199850605,6.096858208845158,1.0868801046147907,0,0
6.862757531579897,27.15371808807717,1.1108894700890972,1,1
5.137471969356063,3.408095956242391,1.0460945557835,0,0
5.539978551065296,8.489834096262477,1.1541982864943046,0,0
7.905307399509839,60.00221348315519,0.8230842487881658,1,1
7.702472429467988,12.671672250788525,1.166782986168225,0,1
4.215786235196395,4.091499145468902,1.008441977296746,0,0
8.0,51.430430695997316,0.9958109808313964,0,1
6.850451314087373,2.8772041902201946,0.9220268749835641,0,0
3.439319699563314,5.5905643085178225,1.0416339020754748,0,0
5.571333614454347,6.007114920836038,0.9909657939209164,0,0
4.449783514582978,7.221330926681166,0.6736267706345419,0,0
3.5495641649039267,4.864784157826644,0.5784111374737279,0,0
4.056100176773285,5.3438195236078245,1.066093929269511,0,0
7.349631304630889,45.73565533279939,1.097519494690037,1,1
7.540564544717645,62.73597438291565,0.9708478162867774,1,1
7.483259697697226,28.423353149998928,0.8544895802901117,1,1
7.982796077995795,39.59318278238516,0.9362898292853847,1,1
1.1369412566175239,4.23255785530648,0.764474968539183,0,0
8.0,0.3247411820650825,0.9980780177066066,1,1
7.533427470149179,71.68526137945237,1.2482575037136106,0,1
3.65020409716867,3.7294421714258617,0.7091180591314332,0,0
7.2029924287371525,46.70616898020948,0.8044650299053862,1,1
7.501355767558115,35.75842567528729,0.8891044399786334,1,1
3.3667333272017754,6.8549776502272195,1.6625329379338387,0,0
5.130477672768723,2.9954678868125653,1.2590938623224666,1,0
2.581383606901661,6.314426117750386,1.3382922355522069,0,0
6.826785704377481,59.74420001968519,1.0715386009039571,1,1
5.672937305379172,6.979318753677809,1.1581778545997583,0,0
7.742176753538715,46.62279033800547,1.082156919338151,1,1
7.470396439796029,54.96473697367789,1.0503131067957496,0,1
3.57617235227338,6.737653505253502,1.274845474223893,0,0
7.564236074459277,58.878551776650845,0.7949147219238094,1,1
0.6470057526542479,5.498559924791586,1.2485845724211482,0,0
7.308397465643461,75.24784293395095,1.1405589424687457,1,1
4.83820934673029,5.771313860208933,1.0490382548768062,0,0
7.055383489086291,9.582115486747064,0.8755057756497708,0,1
7.367278292274862,54.29418051506845,0.9907215686606096,1,1
7.91497990142592,34.510882102744155,1.2067941917129146,0,1
6.769261351726177,2.280954549170859,1.38982587030985,0,0
1.472018916138489,7.025292142171893,1.0273812412219196,0,0
7.788620327493516,53.64994834506327,0.9501862818866492,1,1
7.706937500040434,54.81989880273439,0.9100373293681547,1,1
7.103532675907545,47.484247048394245,0.900069548413685,1,1
6.737307021142401,20.975667478313472,1.0852716055785625,1,1
2.2247552217025,0.0,1.4717945631508866,0,0
4.933413520982371,6.936987934739239,1.0093942445660018,0,0
7.170415734180537,23.507640222312485,0.957997229284027,0,1
7.947543084941027,46.553726029054964,0.8946276873569561,1,1
4.161207477083751,4.3517135390863535,1.6071212544361546,0,0
7.507692854209074,38.12822747007963,1.0426719779594527,0,1
7.711511665361569,61.825651059231916,1.0427513474145096,0,1
7.519204467131176,40.49968772878138,1.018064248600672,0,1
7.370980524372514,51.406402191879266,1.2061451575583881,1,1
3.5266163988582266,1.4746011592503088,1.2028445399804266,0,0
8.0,59.239639334429526,1.0515813126486353,1,1
7.06282649667308,69.66243248325173,1.0113601872717621,1,1
7.086305071884766,57.932795080986935,1.0231479579694538,1,1
7.900873551345552,50.56183868696018,0.8843887530844047,1,1
7.594553980749891,61.71142327475381,0.9017518927654639,0,1
7.601924504512265,45.79428977713074,0.9661844018257302,1,1
6.72639293341395,3.0852148350633466,1.2394240351879071,0,0
3.57855553784725,2.5428585264061283,1.2376503355159867,0,0
7.5007297568359546,34.075321562243715,1.0521221980840636,1,1
7.674091895786753,71.17502439453962,1.0333426727092159,1,1
7.8166063286616465,4.868977057147553,1.5793041229998785,0,0
3.7451452425079106,4.676817365680391,1.303605791289153,0,0
5.03958192234395,5.795579853955431,1.4269200862817866,0,0
8.0,43.38875744737065,0.971090667429744,1,1
7.9753046736625866,65.02176027821112,0.9061904007332792,1,1
4.965684499693359,5.24923094377897,1.108679610791805,1,0
5.509683807007585,2.995519716482583,1.3914019157422777,0,0
6.945999516882594,71.59611744733354,1.0125849705596552,1,1
7.153375447277402,45.775824490216266,1.0372802073662963,1,1
4.506168343402841,5.062781144726885,0.8539401684565648,0,0
5.431286159770257,6.09615324736888,1.121566239182576,0,0
7.11744047218604,65.15742107313822,1.0485836586510051,1,1
3.9063855169108552,6.333337743056159,0.4246180687704163,0,0
3.4112916358408234,7.715348245705792,1.0078538202102234,0,0
5.918213852355709,6.002171808959239,1.559737471606688,0,0
7.715012983319167,54.40387748901215,1.025004034822167,1,1
8.0,70.75590032758538,1.012783919671581,0,1
7.252324523564659,53.20606479039464,0.8143651205691906,1,1
7.043836056719486,48.86567262202612,1.0284438821952273,1,1
3.960861224926328,4.078981751861418,1.0763523011513367,1,0
7.225054371066967,58.70883334622036,1.0443770096322627,0,1
7.324486614891086,38.08254398733124,0.9917133874081412,1,1
7.3935686859183996,33.754338199497056,0.7982243516409055,1,1
7.096124486891887,49.32854278010633,0.8954490109906448,0,1
7.305333565779405,62.8575939328049,1.077606336820216,1,1
7.5090577764471504,22.781915882778808,1.0137430867745383,1,1
4.638708178774204,4.750181360405182,0.9969499992431238,0,0
7.203048760270877,62.06323599337058,0.9066326679952786,1,1
8.0,54.92026784514158,0.8683769458370557,1,1
8.0,33.45692896167903,0.992868963525551,1,1
5.222242132245102,6.936708143164485,1.3539589908724072,0,0
6.894290835385661,59.330795971106355,0.9388426937487688,1,1
3.422219453863341,2.940140387726373,0.7146592271724014,0,0
8.0,62.5545260722311,1.0736717394030846,1,1
1.1258078702086887,4.890948298408261,1.1744428974918724,0,0
4.599621341147005,4.706533210679484,1.2411085458491349,0,0
7.791953711388546,56.3197368910006,1.1017564161250202,1,1
2.437944148079459,2.2287476760408707,1.9367030351566485,0,0
8.0,57.45517689800601,0.8950231186413948,1,1
8.0,48.213225132368656,1.0110961739895508,0,1
3.005265811146522,3.2421413172153146,1.4181266113284556,0,0
6.944550221618717,51.352198348835,1.088933337545253,1,1
1.9140161784477376,6.565462740886863,0.7322834278907413,0,0
7.932776869364209,47.68167968036998,1.1470994180346175,1,1
3.2862701621930377,0.5229583149940193,1.2970217668392914,0,0
3.087144325650269,1.821075202742573,0.9731741712224454,0,0
3.2660457978073802,4.915877741507687,1.6905575709311007,0,0
7.416659459668137,58.0772916622463,0.8295413646956797,1,1
4.730569708839016,6.543047384701937,1.2122892151502425,0,0
4.240145115576451,6.431507392832595,0.8246063584723071,0,0
7.554827678148555,44.9950488343576,0.9891533218506189,1,1
2.975495010540845,5.8035660360303645,1.2344530217417475,0,0
4.807747180870979,4.54329104751065,1.1696855728086022,0,0
7.493224700927921,34.296792136207145,0.9893689804836221,0,1
7.963823431168206,71.15771853688001,0.8836998375605962,1,1
2.3199091868875366,3.5075736532414714,1.247634179830538,0,0
3.04945750220951,6.8656832022532175,0.9745772881655671,0,0
8.0,58.361717094916806,0.7044021270992114,1,1
7.885974817621959,71.24299391306421,1.0498490237251703,1,1
6.749752394551759,3.738963560715941,0.9286720288472518,0,0
7.937535721865266,38.37053336544035,1.010650372521443,0,1
7.268779609475331,64.38488793905336,1.0397987512944822,1,1
6.698981183294503,57.11208467613655,0.9145023528352921,0,1
6.1083343142608495,5.33113581653744,1.1137454377091744,0,0
7.583204443078532,65.60394812262237,1.179204841687717,1,1
7.237119755419509,10.460819585111402,0.9867749425331811,1,1
3.867346649633797,6.674668421599375,1.0757630234567348,0,0
7.92757798481704,34.54252237431504,0.826467200079852,1,1
7.544660596787623,71.09386828747976,0.7039845807800644,1,1
3.5830877453520964,6.020058835617969,1.2328748966145102,0,0
3.2331096067518414,6.55583011312989,1.511541999540727,0,0
7.59877910951535,64.09235756240258,1.044667611492387,1,1
2.8620904125543225,6.784104869925349,1.3473735568095027,0,0
8.0,45.82236415420823,0.9780276111907468,1,1
7.103019038297006,55.90663614445963,0.8493309917232943,1,1
7.744323399987452,22.581160556993986,0.9661924114787853,1,1
6.722935118259904,46.66043974484814,1.034520518007776,0,1
4.1145214771820715,4.932447810101259,0.6918224507009181,0,0
5.476702938032576,11.315508171995894,0.7289542223174463,0,0
4.151098413121699,5.881766420970386,0.97268907511562,0,0
6.893004037607141,35.81313856463534,1.1531692300418679,1,1
4.132091496628433,6.731087502588666,1.4081242691560185,0,0
6.680570319326388,48.543059090902,1.1379722259758889,1,1
0.6935310127506185,6.6466975028030255,0.9342503838779802,0,0
3.70117805174234,3.99009421555477,1.4006268238358985,0,0
5.138751227796011,4.465991008731521,1.2400491982272224,0,0
7.821328670531458,52.42651540515715,1.1209474276063087,1,1
8.0,48.95473334441717,0.8307717226099397,0,1
2.10050151320313,6.1994774294194945,1.044468147098187,0,0
4.170043332502773,7.025385809596866,0.8747517926051832,0,0
5.757033294392538,4.566221112401901,0.8667430844961322,0,0
7.617960451208019,62.996916097027665,0.9642840876357376,0,1
6.367372802235395,8.097335814685028,0.7371861782196897,0,0
3.0324892736923394,5.462283306261497,1.3181939220572525,0,0
7.661317380007963,16.98241903611696,1.1251406824683206,1,1
4.57620022135497,9.659981545198749,1.5543072389699577,0,0
5.101380134278404,4.975361205638736,0.9273647322228292,0,0
3.986688830187049,6.619891538586055,0.8638248859142145,0,0
3.825678242208974,4.961596967800703,1.0292311493440776,0,0
6.694855472089142,2.447049277977372,1.4997128747957897,0,0
6.70643331370143,51.32659340479295,0.8686629060778446,1,1
3.653905363900671,4.423274726180575,1.1940543141227027,0,0
2.943672079641883,6.33493747864726,1.3397744835816612,0,0
5.769800385769448,8.605024057246009,1.2586742500447612,1,0
6.967606817772077,32.65406123933258,1.0730285253089884,1,1
3.734788872223819,3.767365766792129,1.369920705691028,0,0
7.704288610948877,27.49477689369239,1.2285914298504648,1,1
4.291070515175067,4.868530034548083,1.132009327463992,0,0
7.475945969409686,30.634442123838042,1.0072664403953,1,1
3.5399789339177437,5.560272978107846,0.8029002327097094,0,0
1.0575070537176101,7.287453154255033,1.3433446332563381,0,0
6.996802226588705,61.16154401758155,1.1449120260766277,1,1
7.597981174619379,77.14910974727258,0.9443112352070453,1,1
3.603105192156625,6.236014445168865,1.5348380124692462,0,0
7.0989573254549025,46.457867633202575,1.0020433306997518,1,1
7.527002355673988,52.491570511247076,0.9245694694304815,1,1
7.845226903494214,38.887042264355415,1.0287236098497907,0,1
8.0,42.661308247620774,0.9618012152363099,1,1
7.383713287856801,26.846970383495037,0.9670979221802721,1,1
1.919477858366215,3.1317482642692607,0.8185632819617918,0,0
7.674068937699937,44.615037926042106,0.7970909272500848,1,1
1.9449851554839617,3.0742108246610247,1.507039811994629,0,0
3.813799124717953,3.420150734097902,1.321523419287208,0,0
7.554840264414907,66.26458443463196,1.042731998395522,1,1
3.2893615315587215,5.259879956219587,0.858793906727265,1,0
8.0,67.89425480660053,1.0116940847953422,1,1
5.365402526242484,5.283125914350515,1.1723251269291446,0,0
2.9656734155301585,4.470911526568236,1.9783273548015587,0,0
8.0,70.76630447472141,1.0040809431520248,1,1
2.9320930363965427,2.9691110984228852,0.5627283951933765,0,0
7.952538458311204,38.11281829550558,0.9544502237157148,1,1
7.6463989067246585,53.758907805764444,1.027030307988246,1,1
4.802281571082561,7.71286261317863,0.6935276451458829,0,0
8.0,66.02526856058465,0.8950612248205456,1,1
8.0,35.74474611428545,0.9397608792588379,1,1
6.964396965647646,43.6048239727524,1.1096798156497696,0,1
6.928393555590273,75.16634228948196,1.0275495074925498,1,1
1.809533463336638,3.920283568162685,0.9720466337220908,1,0
3.8592432659780855,5.313391252588305,1.452691154553633,0,0
6.899245124188974,7.713922465017054,1.7704755149664757,0,0
3.3808801935836224,8.002832437164017,1.2174965550261427,0,0
3.1128892083434487,4.287550748881458,1.2752756005260324,0,0
7.795341979421471,86.40333328829057,0.9556922801165084,1,1
7.694815583070634,64.8765880923858,0.872210531728585,1,1
6.170054229721531,2.2854434606773677,0.8942562217975516,0,0
5.574032567976464,7.005255893046317,1.138429611470579,0,0
5.0807205299817815,7.11338108957235,1.0310869617636715,1,0
7.326901623468506,59.97162318383355,0.8416907666900085,1,1
7.545164050882868,68.4672757459895,0.9187800935706292,1,1
5.406920901039452,5.455187377362255,1.0199500487515347,0,0
7.813302432447242,50.73168454191375,0.9639886579000316,0,1
4.227573555933157,6.439163057392381,0.5393345067556143,0,0
2.9640961005754374,4.008837276351029,0.6663065958991381,0,0
7.273517396419674,29.957157108459953,1.0620666761034352,1,1
7.254656753825938,55.592900505901646,0.8709687209994356,0,1
3.350882542963108,1.6546698164856144,0.7385128867174591,0,0
4.744145342751749,1.9216382255675053,1.2205629576862407,0,0
3.785855704005428,3.6583980466300963,0.7151282106516565,0,0
4.915935018102756,3.4806620906668817,1.1264465737626803,0,0
4.668122283850578,3.7955226660792807,1.2910880927922912,0,0
5.092027233183954,8.204353822500133,1.28930143444942,0,0
7.6164227565016835,39.66802533087305,1.0631245449067173,1,1
3.054677832189591,5.2434793816506104,1.0157547907510316,0,0
8.0,49.60602730405524,0.8838709257146508,1,1
4.5326839948319995,4.136157864944835,1.2838232464157202,0,0
6.840302063401689,79.17461306472185,1.1872331111620527,0,1
7.666308612524101,47.79216571392631,1.0026575722810747,1,1
2.9227982510694632,5.848778608303728,0.8320857307517966,1,0
2.328912821742871,1.964854353865487,0.9271089558041088,0,0
6.397962912389347,3.6782830556741013,1.4555984538864775,0,0
2.9821001002898035,2.576421046144417,0.7304867852138908,0,0
4.342715227061773,7.470968305228308,1.679794110121049,0,0
4.169865517463975,6.479009934602592,0.9915546786451029,0,0
6.755771638912663,1.7765147152350633,1.4202493565216798,0,0
7.800975100376341,43.4176125289345,0.961376133267666,1,1
8.0,51.97697031486931,0.950933155008131,1,1
8.0,69.28286917559873,1.1905437425899343,1,1
7.627666010787415,48.94357922597089,0.9156100894269237,1,1
3.619360302773033,3.069043425096441,1.113772689013777,0,0
5.848856693853891,3.6550367354785616,0.9843707631663636,0,0
7.476987797714253,51.5889184606489,0.9041382337458745,1,1
4.659201850931499,4.621249126433337,1.2519186966336702,0,0
7.62918671256858,28.853729759314383,1.0716165590812654,1,1
5.0699863217091234,5.2171237010307046,1.4543928285806769,0,0
3.3585129782437546,4.6418725233983125,1.1648051399983632,0,0
7.224694901376338,16.977689261534024,1.1187479461090348,1,1
1.1591896872479328,7.584863290383407,1.2974303576976391,0,0
5.526485310167219,5.404901853868296,0.9922966709140815,1,0
6.9678444003231625,67.94321056033556,0.9231342074957463,1,1
6.679883842575453,5.34100298651396,1.2095542789771956,0,0
2.0297913991401533,3.8237575336434313,1.537536923106948,0,0
6.834748484986507,41.75430979648126,1.00868932494282,1,1
5.20910163061158,7.462251663074458,1.2507252639149462,0,0
7.196794114647623,53.60996531638081,1.0064054818752548,0,1
7.158449234253654,61.39751168296732,1.0201664357924716,1,1
3.2541555535750644,5.58545768745902,1.2707865334389459,0,0
5.210630942261353,8.558616258088358,0.7093004497596571,0,0
7.59635576193932,51.55467512563464,1.1091140085708586,1,1
7.904250092319632,27.38664622361287,0.8764329417512849,1,1
7.222903496986483,59.12215400091755,0.950499435891892,1,1
8.0,30.493411759335938,1.1267444550183292,1,1
7.18371303134851,48.61219858904513,1.1542088269112343,0,1
4.005093214692409,6.373383306092793,1.1333931007821274,0,0
7.1658891356375785,37.835571914142456,1.106787527583594,1,1
7.627045455126905,69.06102751802018,0.9843067755502253,0,1
7.246837364253266,36.10574153889595,1.0029062041154848,0,1
7.3614855267699415,47.8617934928379,1.007922356931613,1,1
7.90489242403159,73.34522837018304,0.8760720215599629,1,1
7.697349030987506,43.346211537454174,0.8588139561552192,1,1
7.690812294730294,33.561670387184165,0.6919835433769421,1,1
7.399020092298548,44.283776413411964,1.0755124305069297,0,1
4.3327936878045925,9.042313949415075,1.1835664614561767,0,0
8.0,33.914109758502164,0.9836562378896309,1,1
4.373963490409187,8.482450009298947,1.1409480555183642,0,0
4.297876400022227,4.790000497632924,1.589246731319345,0,0
3.8295067395955646,3.812139558196527,1.097218376538448,0,0
6.730553117979748,52.60936171836318,1.0100884004133284,1,1
4.351543041143799,8.909999473324625,1.3473911334051067,0,0
6.731423863054909,45.9072175554824,0.916641280063562,1,1
7.221319933829656,47.099079311092574,1.1037483791207947,1,1
2.1459101556168667,7.203098803539644,1.3181328681326416,0,0
7.490071630239467,43.12866525177434,0.9389255351296685,1,1
3.4985082523362045,6.137641738025883,0.5699888111410488,0,0
7.476552642354278,28.365940389158034,0.9165359728632735,1,1
7.250999907798223,68.38791558159966,1.1144531047362143,0,1
4.410444053726194,3.9041029542680743,1.4188871626684634,0,0
7.953177648642127,64.17466309962377,0.9138816078866947,1,1
2.8843898189707717,9.032467655604146,1.0962945706686196,0,0
7.598234369990391,35.89611948794028,1.1461497000775642,1,1
4.982511239335278,4.878316910180772,1.495118773747795,0,0
2.9548478564498266,5.1660510220711675,1.1125906804062349,0,0
7.8519216591148595,49.607417076151094,0.82697415783877,1,1
7.310157184316336,18.686139904246925,1.0260642840639602,1,1
5.017648023206934,5.048823612479006,0.9921066213769955,0,0
3.3000925886555463,5.5693908374986245,0.8691863313795505,0,0
6.901085736307212,64.17574847308052,0.9981006015415379,1,1
2.6927555417163265,4.460137284479454,1.2866424600220188,0,0
7.989440177957023,33.03988946206104,1.1395786968255637,1,1
7.6739914368348625,5.04030030386918,1.3266484715657096,0,0
5.383470486196299,6.054906487254813,0.8836450127233602,0,0
8.0,5.7125890750326995,1.2734325430261229,0,0
6.4709970799578755,7.1296492156967055,1.2634505842408494,0,0
4.187339380284686,4.96526812427256,1.326458469981749,0,0
3.6748054544538533,7.024397003841541,1.083325611465636,0,0
7.941503536060724,39.051280491124984,0.917239554634638,1,1
5.358697679746364,7.218763379497673,1.4216537086094523,0,0
7.237938217407772,41.39978836765607,1.0667448794285512,1,1
7.372189980854368,73.00484648093763,1.1657514474274748,1,1
3.3022191993299184,6.561020136563915,0.9671171043579774,0,0
1.2573460025212868,3.2977667826373223,1.4566699838128345,0,0
5.254755628134022,8.20614837707836,1.5782151022720037,0,0
6.849525625746414,97.65957804602652,0.9962573984393691,1,1
7.20587578739771,38.33054317909224,0.9985438052200198,1,1
6.960750828147531,34.48721230293849,0.9105931528494201,0,1
3.919350985975871,2.764627790665688,0.5892216111748351,0,0
4.820705656809757,8.451508104859991,1.7212347121628335,0,0
7.55863579797539,14.479779015550562,0.9867643121341971,1,1
3.9536082124962904,7.376066426578708,1.7427829919827973,0,0
7.922889324759674,32.23420808844655,0.8471887979458685,1,1
8.0,41.75789489426644,0.9507052995953221,0,1
7.547022391446339,77.7365199499854,1.1238708023943804,1,1
8.0,26.327448195431433,1.08961082793882,1,1
6.224071350191437,3.2005404630019054,1.0317767441887287,0,0
6.804766339406246,67.72528472699844,0.985054698521435,1,1
3.07025973523022,6.649479846213273,1.5008660985607503,0,0
3.4021996384676414,3.1351346598894283,0.6224613831856292,0,0
6.613102485194438,41.11620030156893,1.038654103381184,1,1
2.535540895493564,2.5069831886886615,1.5595726579024565,1,0
3.3279285865784143,7.442481362617053,0.9687718685990232,0,0
2.721901325541023,8.019095160256528,1.298995685176387,1,0
4.331706244128464,6.522715509328194,1.3426782124843668,0,0
4.010806792594588,6.531274342329205,0.8219354725158106,0,0
4.900443473010299,4.44109316944935,1.2851614499799178,0,0
2.7420700791529606,4.987656751037708,1.2507680661181757,0,0
6.912616624506133,63.303342769940514,1.0602634784338285,1,1
3.6074090393145406,8.010562370411835,1.1960953835219474,0,0
7.4157945888944825,49.71243995395165,1.1044882432653964,0,1
4.770908663663148,0.10858063812967877,1.599285958123506,1,0
6.957897991957297,51.38623774794302,0.9184636141420348,1,1
3.6967497102687785,5.667154733009527,0.9930702876878643,0,0
7.3986886261600135,56.27298932219306,0.9715598975202465,1,1
7.1145437305835415,67.4901198392898,0.9182971079771342,1,1
7.661530316867499,53.14845062305272,0.8959066520762107,1,1
2.792959935299736,7.121310362145398,0.4899874999999133,0,0
4.605187750785728,7.31270877940268,1.5343528711153789,0,0
6.420961966809026,6.890103240729444,0.9173941565541208,0,0
7.879931658432815,58.48507549071841,0.8730762893237671,1,1
7.7696253475178025,54.39075947700911,1.0384772437250382,0,1
7.402255052513196,46.14460785560488,0.944694147908933,0,1
7.601261449475914,93.0329055053904,0.8456081765011086,0,1
6.216263331448871,3.5044022064038414,1.2164549545484975,0,0
8.0,54.12891418197507,0.8722805351018982,1,1
8.0,51.73700877051062,1.075398098729743,1,1
0.8341546453541206,5.770146399377589,1.4052640193805677,0,0
8.0,30.93018788670303,1.0748601775200173,1,1
7.008652766133794,48.59279276490544,1.0625268804776988,0,1
6.618626336273555,47.14042701944457,1.088807727900964,1,1
6.774319650017921,9.688893000724836,0.8225255993901547,0,0
1.9931438782976945,5.572275294592967,1.0471746742822547,0,0
8.0,56.866705945359485,1.153242809248397,1,1
6.7609387860153545,51.671032791557735,1.0193421752846057,1,1
6.967931114224316,62.63108170149984,0.9000208934634701,1,1
7.386089666271448,82.800607238396,1.1167314356916396,1,1
3.5224762194222703,3.4945575087200176,1.282385547411447,0,0
3.288640618604785,7.113236723652287,1.0918037499407123,0,0
7.426953447838349,31.501808469137075,0.9074567487622369,1,1
4.4831910912502995,5.348561626787569,0.6840939993896046,0,0
4.706714504694438,4.496555846934963,1.729489006082599,0,0
7.124403320227832,46.32368282374145,0.9172127134293575,0,1
5.102714659739483,2.7763455698070074,1.7473834326313047,0,0
7.281516263956061,31.144922050073532,0.9360444064796577,1,1
8.0,40.252697585852445,1.0655486741324292,1,1
1.6864998832231897,3.3705838800466594,1.7419764036377745,0,0
7.94984726916312,45.94377242565976,0.7737733422700146,0,1
7.252727280633062,50.27604846720372,1.0049522889725817,0,1
7.75732707985973,60.086768833859544,1.0636117695556937,1,1
6.934691717341821,35.30633569754439,1.0722834033919204,1,1
4.078673209823949,6.036438000481563,1.267865796832257,0,0
6.551683517977872,33.37308338126047,0.9084134477482093,0,1
7.419233772997006,29.92749580027517,1.1237048241704208,1,1
4.260634039429478,5.623549736823386,0.5684667507853849,0,0
7.978794473255328,59.78356726334308,0.9490231208055208,1,1
4.81440574731548,5.525872971581059,1.5138219446127603,0,0
3.1216376784050803,4.5331206933418775,0.9609438306203973,0,0
7.721001585025712,32.05004903552128,1.015175229911149,1,1
6.435599527874665,55.61593638910567,0.9501261264666971,1,1
7.524068209255317,50.154672253468355,0.922381571334869,1,1
7.842381804458435,58.34303373467349,1.070413290164815,1,1
6.85080030101734,4.601036588816268,0.8228628974025808,0,0
8.0,64.61672809186196,1.0914194187227233,0,1
7.20829088218727,41.979001255708376,1.0801309135735482,1,1
7.507582599546803,41.78753032081102,1.128183656291418,1,1
6.976939562583147,31.569133742659332,0.9811952120947777,1,1
5.183223384686432,5.072959054156156,1.1413684151158792,0,0
5.387396669445916,8.411817014631612,0.7614312392644855,0,0
7.2844249449565295,31.107845972310905,1.047179351198435,1,1
7.250612139983593,3.252476145510368,0.9059128284436835,1,0
2.2709288311851283,1.2591846399460072,0.4562003442038305,0,0
7.2243531849203375,36.593671900104155,1.0141066861153927,1,1
8.0,41.52329716185165,0.9482464954571325,1,1
7.936424584472845,37.076148730764075,1.0152647840320916,1,1
5.50431773982962,4.1295283994661265,1.3341835139018934,0,0
7.277406388671059,43.546237910925484,0.8698059653738579,1,1
5.681232585933623,3.66096683753109,0.6197730561697691,0,0
3.9612770695690367,1.983991534436806,1.2874601912411499,0,0
7.288156910087277,67.85275398456844,0.9057055274638096,1,1
5.145751183452049,5.2471053690669285,1.1502945745858528,0,0
8.0,31.41609188595277,0.9659203224314847,1,1
7.353449234099548,62.63385922211722,0.7502018187889283,1,1
7.288920969935369,45.3144291876884,0.9783294788393785,1,1
5.226883094899283,3.911176044029166,0.8713876826192499,0,0
7.759661539212883,76.31594113325744,0.8456545206420678,1,1
8.0,9.12315638151496,1.0033496751003195,1,1
6.076713063177605,5.0952544774430795,0.9221202229832558,0,0
8.0,59.05353211248138,1.0425411783025664,1,1
5.122822189828675,6.3954383118317315,0.9252089855805589,0,0
5.208450915294574,5.476591874901519,0.6272185620297536,0,0
4.460572697752326,9.752559441313498,1.231551977531205,0,0
7.798796346351089,69.02085188362003,1.0422343987796496,1,1
7.250062274014921,25.621332811725996,1.0728839621567086,0,1
7.184654584636194,41.183433227266114,1.0375927082004277,1,1
5.682870881907946,5.1996463798025525,0.7878766572226257,0,0
7.1756817110701645,43.55263971370975,1.1790313941883492,0,1
6.497997959523959,3.430382724444415,1.3183563413629178,0,0
7.95310866607694,44.83998430344541,0.8936745437078768,1,1
5.260245814935022,8.271304210817515,1.2031297395483824,0,0
7.300621231658624,58.741244059635974,0.9202461381906242,1,1
5.027794220799407,3.3821194172939846,0.8241084023244282,0,0
8.0,39.23817807381139,0.9006818432415145,1,1
2.1791046736204525,4.07963652438009,0.6364785892912036,0,0
4.452552296267912,3.926578758334326,1.2373762114118771,0,0
7.420011024689408,6.80849552164382,0.8638031256881615,1,1
8.0,62.03958962084639,1.1730876324086243,1,1
5.687231266283871,3.8262395076648548,1.4648732821293162,0,0
7.742732375887921,43.87385623847304,0.9567635134698038,1,1
8.0,51.45680327630184,1.0885478496272099,1,1
5.421710252976162,3.3157803962061627,0.9839816016234516,0,0
7.2673097902826695,36.10923950920566,0.9217557005338015,1,1
7.544874190987359,57.15359783590962,1.1015082761094228,1,1
5.205255094363279,4.78440311961955,0.7470671435339449,0,0
7.813966532738014,23.087590592260625,0.9589323605329377,1,1
3.19501195230519,1.751269516394475,1.1861716886364413,0,0
4.863334561723961,7.150182107605621,0.88643836784482,0,0
1.4477984950270164,1.7525794345473797,1.2028631543069772,0,0
7.022104366987052,69.72535785257571,1.0643817751961258,1,1
4.5322883809041095,7.61203277641874,1.3778429198890294,0,0
7.527836323912695,50.28954547056592,0.951865197621973,1,1
7.8485252896881885,34.00612148009773,1.0477116005616445,1,1
7.7635962231878715,45.74961808601533,0.9385980730727204,1,1
5.971537927516149,6.6416620169759195,1.0684469166918993,0,0
3.290748253259821,3.2807364341927965,1.40199851103592,0,0
4.994899777560709,4.880344344340977,0.8575145109628013,0,0
1.4711698869785574,5.658786823293806,0.8198859436647078,0,0
4.472306571231942,4.789344498587801,0.8607105612711566,0,0
2.723608528604399,4.665582498097587,1.3835076424344641,0,0
2.7815208962994005,5.803768892931998,1.279621160360479,0,0
8.0,49.83610204477749,1.174713898751321,1,1
6.318302145667856,6.880943378416882,1.0594797467984989,0,0
7.775657016319033,51.25727569039836,0.993135720911631,1,1
4.730968239271525,4.709821210965432,0.7435557083102684,1,0
6.058785500795846,5.877416818969893,1.433317015799307,0,0
6.814934966326529,34.41319549865799,1.0514199666415533,1,1
5.5428223214744525,4.578267261777537,0.8256162470016388,0,0
3.4691836001133174,6.002119808439526,1.3663916850713376,0,0
7.179807229850592,42.69797030467895,0.9062744332728311,0,1
8.0,40.3802847461836,0.9586231188331872,1,1
7.508783443359537,50.47604850229888,1.1729126310017914,1,1
6.92866657330486,43.9335184393168,0.9579089475107021,1,1
6.889698880720294,22.82517988967105,1.058195896809429,1,1
7.3790312140630565,61.52826669640233,1.0747742500815012,1,1
3.67969779049791,8.439431011491358,0.6553062703123936,0,0
5.366049612275402,4.163602429483421,0.9000029156357923,0,0
6.9043228230173375,39.482818993225564,1.0990666515137397,1,1
6.823270499251529,42.81340373926159,1.109184026722926,1,1
6.272645212040614,69.1349662067476,1.0193552067908684,1,1
7.393155419378139,52.747847234034595,1.0561423363611555,1,1
7.130087706442132,15.85915448442465,0.9988121730449612,1,1
5.042346608809031,2.9195081576262276,1.081441079284675,0,0
7.930750574726861,31.753223252582938,1.0263856514497718,0,1
7.700309308149531,52.904593216833376,0.9019682728998768,1,1
5.520641211721596,4.985774620279814,0.9393956302290556,0,0
2.6912518607567284,3.611500573831738,1.5236291655401888,0,0
5.810522401215131,3.601382587681902,1.2744052157602115,0,0
3.4718302456339676,1.4571282498590232,0.6838227309771737,0,0
8.0,68.27733814608732,0.8516778555455606,1,1
5.3830878212275985,4.590084688668268,0.954818130001302,0,0
4.888687832562467,4.823580587235402,1.4205048043162436,0,0
3.859834545866206,5.213050132355055,0.7963934117244,0,0
8.0,44.78208526064591,0.7844886216026691,1,1
7.8370779304213265,10.173554433136133,1.019115667776611,1,1
3.411628813562838,4.667272667946981,1.229156686868342,0,0
4.712321388522627,4.641459041986839,0.9718445193080517,0,0
3.8085927590952173,4.425584544302758,1.3189342028988658,1,0
7.347752966067185,57.263673985636196,1.1331383242397977,1,1
6.776639086980863,69.93511250191561,1.026004957162148,1,1
6.484875762096539,44.22416041594092,0.8452595258344576,1,1
6.647660939733807,56.4702236676931,0.9394355740297546,1,1
6.181042639028383,8.022656122299711,1.274579621053459,0,0
3.975351827665137,3.1984401375961466,1.2296647313103177,0,0
7.267032451812074,48.71193831951834,1.0544811672620389,1,1
7.657188104563547,58.662784296364585,1.0188016423230155,1,1
7.050603475130367,31.26053748003918,1.0302797874782206,0,1
7.430975942575017,53.23436707062326,1.068417732515686,1,1
4.418646861384014,3.45199213309117,0.7166779050832208,0,0
5.2108704244789035,8.569350816288093,1.0232994474041701,0,0
6.908524514773944,45.87785596345411,0.9859654788892965,1,1
2.5981164360353066,5.945829259878828,1.3450966717450916,0,0
4.432775226582369,6.400176145502238,0.6307296405780907,0,0
7.967025609527658,38.137347393558265,0.7515731994218305,1,1
5.481053754377108,7.107374204853197,0.9262446509901907,0,0
8.0,60.76081162334055,0.930212254171635,1,1
3.1775120135330774,7.458812447953521,0.8972781324597316,0,0
3.9676928692871685,5.7736240032388215,1.3393433593872475,0,0
4.237618073480661,3.896042435136505,0.8215167737648261,0,0
7.412316675193921,59.2174720944882,1.0039335847808624,1,1
7.230655293615971,63.10169107952992,0.8071267857507964,1,1
7.445301284160068,35.094363830539734,0.7516506313918441,1,1
7.476419783339192,42.29537715007339,0.9451441908504543,1,1
3.2588200208449525,5.534814802415372,1.3843820268954798,0,0
3.3351188963752283,3.2704067783006456,1.2453022413563564,0,0
7.271434981727872,62.41247693134106,1.0084385811590635,1,1
3.559727599008852,5.997868537611616,0.564816874715854,0,0
3.829399882442143,4.871007649654957,1.3752600606035266,1,0
5.166223429100106,2.8954326654691376,1.1268788913741932,0,0
7.561827034024141,58.200366496039685,1.086586038403575,1,1
7.278719065024506,60.59808176786968,1.1249466409682112,1,1
6.312481624057629,1.2414319429618454,1.4807375702850174,0,0
6.667394111863456,62.642529247387714,0.8220029234870377,1,1
7.613486309668552,6.341812050828142,0.7923523928527302,0,0
6.72848524433177,66.04820241652213,0.9998061415725652,1,1
6.7632848009460895,58.12313279019842,0.8984850921945496,0,1
7.4665751897864725,32.29297334750953,1.0225957547540443,1,1
5.000573481392652,6.3436396708507985,0.7828944786584744,0,0
7.255568162416884,47.36344182804298,0.8151235417863919,0,1
3.5409612108570783,7.60726854042994,1.1053355213491607,0,0
6.486203260835568,56.319394040543166,0.9400178982737513,1,1
7.483952961718828,45.787809376142576,0.9867834678787599,1,1
7.620985255409216,68.91140569044161,0.9141942944557029,1,1
7.19304042923652,6.511971296803025,1.1915141504313036,0,0
4.521095811406523,6.536448145823369,0.3550631012143436,0,0
7.494538526047438,37.71613132405992,1.0278982832654922,1,1
3.673659052232186,2.541680578975775,1.0814223669901217,0,0
5.749507590565097,4.293831427299084,1.1783207781287905,0,0
4.466868919641152,6.315015201954512,1.151492064353378,0,0
7.1266842424117165,76.32616207810808,0.8419819519424717,1,1
7.694326786071649,36.103604757970594,0.8728237159239763,1,1
6.942049215351697,44.5535297964843,1.0736529800584904,0,1
5.236677869370249,0.6196732328958667,1.2007833422406609,0,0
7.460793993722475,48.13254283461154,1.0268409499563327,1,1
7.433115687637876,70.8314476158881,0.934526887837058,1,1
8.0,64.39748542445976,0.9562395911665134,1,1
4.72579358084258,4.188376836610682,1.3711930466819677,0,0
7.278790011237884,66.63088870195433,1.081576373527955,1,1
7.713288776742409,44.58873896150648,0.9272649318432715,1,1
5.84928290196098,6.729220145924744,1.471013472784046,0,0
8.0,47.39440904852393,1.1630587897513214,1,1
3.141932004763976,3.542438396285663,1.6114613204849884,0,0
7.584861534418337,15.882405638715845,1.0922234162908762,1,1
7.242113667582592,57.95570006211066,1.1398520201445486,1,1
8.0,51.3552852117134,1.04254658889267,1,1
2.438152216520967,3.789467546331952,0.8036578092342054,0,0
2.919770722834306,7.9289180455932255,1.2564101810080004,0,0
3.0673006162667193,4.854745641305157,0.9876971949575128,0,0
5.226096132169907,2.944189511083184,1.2982519886105925,0,0
4.260195757090049,4.8256069148574765,0.8517034070209746,0,0
7.254623332122204,56.11769412454117,0.9624013885951477,0,1
4.511561492456356,2.610073944712839,1.1047288423009498,0,0
7.883080509486772,39.23000486063843,0.9949841305726622,1,1
5.43592169575862,6.376432401330943,1.2024036284655886,0,0
4.190208532838514,2.50883676081733,1.4661449158445032,0,0
2.5753685820895296,5.834674073687777,0.8285136460385545,0,0
8.0,40.234146664098844,0.9758079082063708,0,1
2.6911662999678265,8.004835877370533,0.9903777504860882,0,0
5.320486018473156,5.20546483323433,0.9766060696683263,0,0
2.4465707907924763,7.169884408435247,1.4270979170673115,0,0
6.892220208365659,53.010703787319564,1.0699593071524869,1,1
7.8169567506236906,42.28598734978466,1.020746292305422,1,1
7.064693798254263,46.25766321069038,1.0957898960171846,1,1
6.999363738824804,56.42533563031402,0.9149450092161611,1,1
5.419337085632826,4.751217842401909,0.7204110575602811,0,0
5.984908524821275,30.00363721540572,1.0882306218822961,1,1
3.5094254444684285,6.068781960757595,1.176444732991647,0,0
3.4692051700508117,7.0550001808096265,0.4961844535277876,0,0
7.221075560192865,58.864125579816026,1.0752189874594495,1,1
5.32025450542329,3.8870207751231645,1.74576377674494,0,0
7.254601671667858,40.27481949656214,0.9613177580606622,1,1
1.9699874059717968,4.742062850513106,1.0497871272525905,0,0
8.0,45.9123181457278,0.8569253894598792,1,1
3.8153703822130374,8.563898317834028,0.8182660948226856,0,0
1.611617157557379,4.528113281497526,0.913253154875482,0,0
7.677127791749828,74.59439470365308,0.9160070507103553,1,1
7.898759501306101,47.54913100421983,1.0342267240631824,1,1
4.972809959087467,3.828046853450275,1.261611988687999,0,0
2.979727046327582,5.608513957479012,1.8061800102248893,0,0
7.2810151482183985,65.56038934235825,0.8490773869701699,1,1
7.368913074725199,44.85032034229358,0.951661033982187,1,1
0.3115494088720556,2.58118829625181,1.6357755130614189,0,0
2.445569691906963,7.79002459295317,0.7797182819118117,0,0
3.4780687720935526,4.94878445871241,1.2014399192038403,1,0
7.895215560329515,48.795908287470716,0.7942727834876417,1,1
4.647000176477364,6.3286878752988835,1.2887085479736513,0,0
5.181840205032245,6.21839154744666,1.083496920002473,0,0
8.0,63.60071331884667,1.0604356155971484,1,1
7.327966876314955,52.59391791886014,1.0396077643851038,1,1
8.0,54.464963475928165,0.9536387223482701,1,1
7.788481425361497,64.95885990428484,0.9240864132332278,1,1
7.7278291152828515,29.938628562186466,0.8252322484958019,1,1
6.504821902195191,2.3091292289805576,1.1075221044024073,0,0
6.9608284129823925,70.1518526573558,1.0308230011481825,1,1
7.706370323773876,43.9415916357063,0.9609952581428806,0,1
6.5663489773990085,40.68100900857254,0.8456402081864387,1,1
8.0,21.229227479302025,1.1093081667493871,0,1
7.6704315470872935,46.77069639682922,0.947813038329989,1,1
8.0,50.70378803899753,1.1919073615343616,1,1
1.123031044847015,4.393276721598512,0.613530155536579,1,0
1.7857248619001007,5.751462301156534,1.2657086291407418,0,0
5.177097767335246,2.6538119705322907,0.917299765073575,0,0
3.0227288654753623,4.540450081279331,0.7892514647581548,0,0
4.375950072842189,6.614546858240729,1.4055676035780689,0,0
3.151473487729877,5.253544508561271,1.1593628621370504,0,0
2.573320258741643,3.9313370658904594,1.3285168934208298,1,0
7.08184137882963,19.0267055632348,1.0341261391377186,1,1
7.420380897945012,86.21720270198682,1.1870460774943092,0,1
2.900850930783224,4.784981418911816,0.9346559719995671,1,0
7.69099091606463,46.175051378835455,0.8990816624779259,0,1
7.243083943509303,47.977101475126446,0.9789108726149987,1,1
3.9181047045075528,4.820657635410866,1.2089311254292117,0,0
2.3765568074156445,3.3425413603355016,1.6129043626796262,0,0
4.319412304859164,3.1614502094145576,1.292263089260741,0,0
7.319436393393227,27.074599880455363,1.0552835773528653,0,1
7.566509825320485,58.09834370987435,0.9127033468053191,1,1
8.0,51.0952499493317,0.7685076383014987,1,1
6.870178869915824,41.020729008412914,1.0911090885985748,1,1
8.0,46.122167289310966,0.9378957979751982,0,1
4.614595431709043,6.560829711866495,0.863171773650167,0,0
3.6641701672157887,5.706767712756031,1.3439393469748813,0,0
8.0,56.51891513182272,0.7689502377868942,1,1
6.539660968051795,6.18074667370863,1.5053465192853694,0,0
3.8423427216835466,6.923045470333026,1.1481120953192947,0,0
4.4753469303859035,1.7217148642267768,1.1117274944855506,0,0
2.663783095431926,6.175862885931408,0.9196324414089846,0,0
5.507444693767546,4.560495372639545,0.8943382565085688,0,0
4.33268799964881,4.7968094390440585,1.49534506195008,0,0
4.647670345883151,4.338190215226314,1.05630850506203,0,0
4.0917101131652895,8.126025893301952,1.0107838787454257,0,0
7.19640131742058,69.35372507374473,0.8288140567163516,1,1
7.04852890839584,0.0,1.276254577981575,0,0
7.5687983945785735,83.6106140106207,0.9983073190949838,1,1
6.991627799149221,25.17089402096312,0.9379135564019889,1,1
4.013441840402492,5.938799565243246,0.13164972526626129,0,0
6.4025046173685025,40.631525878144096,0.9257953679545384,1,1
7.598194344513566,45.66118445855495,0.9826601410093904,0,1
7.350463708126937,61.77293840601608,0.9843379903007585,1,1
4.471893242113168,0.4043192712014534,0.7506670449608048,0,0
3.7070381016508764,2.065065619390347,1.1194814669403728,0,0
3.562912782080062,7.91949945136469,0.7802931901480807,0,0
6.9891686731477405,57.284150826737324,0.7738401379004639,1,1
3.3218387309774173,6.3968280997020655,0.6315116686673072,0,0
7.0083618265146725,73.83750283292146,1.086062721998793,1,1
8.0,23.266204391567594,1.0246687112989925,1,1
7.842945105193184,24.18186545668277,0.7938068594993004,1,1
6.988366713037213,65.82821200626772,0.9284562604673148,1,1
3.769426998429087,2.57556237881541,1.2931705416943715,1,0
4.128070074211094,6.565460585813935,1.5301780640252636,0,0
8.0,48.76266859722574,1.0623778491207592,0,1
6.024096082178266,5.348954462886705,0.8080126851980522,0,0
4.905548518005788,8.48488449728859,1.3008714327048336,0,0
8.0,54.51337773067693,0.9475490710281784,1,1
7.740897052986647,57.95510499218835,1.0178714196405938,1,1
7.835592684846321,34.256584312691174,1.0655382914850848,1,1
2.825689142238512,2.774373687970313,0.6792813777552039,0,0
3.7068576563110693,5.699752541425141,1.0924038512978844,0,0
3.3108408028138747,4.146897221039071,0.9864681910942408,0,0
7.723637522219685,59.95724191751904,0.8951911001418374,1,1
7.456968485683758,35.831422529705954,0.9168222331566631,1,1
1.3893524454170851,6.995660121203247,1.5503236830930116,0,0
2.552010833134143,5.415982463956667,1.035951465487641,0,0
6.9588220578916555,66.46194905239028,1.0617068120248958,1,1
7.4559818912265525,62.068741457970106,0.9669668185651445,1,1
5.507478934694902,2.301217821992703,0.9243177668034858,0,0
7.358988223362729,52.073887039076126,1.0300047038747775,1,1
1.9983517426045623,5.27095587053778,1.4490268230925782,0,0
7.7587626069549245,56.482580798606314,1.1828449755105692,1,1
7.9485176544380485,47.899793447653465,0.9346207256143739,1,1
7.164673900395042,66.8477679741732,0.9236439482034366,1,1
7.400971643530754,41.876085993220556,0.8968035541713245,1,1
7.540904885915613,58.631342284028975,0.8673354357538491,1,1
7.488647480137201,21.90652261749053,0.9145597493814122,1,1
5.193196594888903,2.6360184914282683,1.6624956515782554,0,0
3.5054699605501476,4.87359472168817,1.101946579157192,0,0
3.0604571585548355,6.364056279584742,1.2190745484349892,0,0
5.14040621276183,5.936249054785628,1.6830791324593817,0,0
2.3009612630555094,7.273314264225145,1.2913843389473407,0,0
7.187450322475638,68.16198292740847,0.8431641384066672,1,1
6.2791674311783545,4.443332840268029,0.6913462992956481,0,0
4.712745072809291,4.624305564835631,1.0208656472588933,0,0
3.2284890592881177,5.781349281824802,1.0756000022942684,0,0
3.3622777542570876,6.960081615894828,1.2375091277114938,0,0
7.698924942266094,40.69094903688915,0.9673276696030203,0,1
7.519429918958217,68.82191097973816,0.8776456399180915,1,1
7.967587654110313,35.5035322289304,0.8125402016000662,1,1
7.28436827275389,51.25457370733014,1.062294593683913,1,1
1.31396324009481,5.183749581473448,1.0741549195891187,0,0
6.69226344623416,59.7382061128521,0.8531023459461606,0,1
3.1064128475727655,5.679260837113034,0.4939566805671486,0,0
7.720952848462098,59.29350006720017,1.0643972700958753,1,1
7.7334510657239806,57.289253000034,0.9295693346548525,0,1
1.58535699734177,4.249455575443914,0.6619782880855487,0,0
6.833847642532619,0.0,1.080706662233104,1,1
3.9544448738365316,4.926433317409537,1.403773256317998,0,0
7.401657958177395,25.670868697151967,0.902699378570103,1,1
2.894942175241986,4.8527483334630634,1.036416677655177,0,0
7.81530864943715,55.62777233391818,0.938219089813022,1,1
2.4568482947775587,4.433532671711248,1.150680101306372,0,0
6.607130864855751,83.97049982465127,0.817041091300154,1,1
8.0,44.34604038573,1.0269954184426795,1,1
7.116790555330934,74.42329317650912,1.0618733109433915,0,1
7.392339796639429,24.30709733677985,1.0408962932204977,0,1
7.144794869795128,36.49680093083916,0.9423967491191237,1,1
5.633202327183403,5.153933146534516,1.4345800944873026,0,0
3.235234962070571,5.492530882850101,1.0167766944010068,0,0
5.300134348224833,5.962071889136289,1.2122688868843265,0,0
7.602280303080422,89.82099558197575,0.9386241508517493,0,1
7.348917560031712,69.45644054297271,1.059607986426256,1,1
3.8606667046286955,3.072997588136441,1.416726240037387,0,0
7.8590660523293865,36.07820736029737,1.1114578572687617,1,1
7.282488504595142,54.71524524513131,1.0502116353596582,0,1
7.141935860746881,61.021351433037076,1.0773969480855063,1,1
7.216678775181733,39.793559657921094,0.979941492352921,0,1
4.455093593504033,8.128113401874572,1.7046351810853353,0,0
3.675196827324979,3.495632020887771,0.6367916518594336,0,0
4.003555994533642,3.265691720082864,1.042717446406479,0,0
3.433158398910458,6.048965255122202,1.0382049719165436,0,0
1.3444310763536058,5.982761885013028,1.3475733027837111,0,0
7.148172275877831,54.75242982400056,1.0338415763430708,0,1
7.391896539836614,93.45911477220235,0.854469603485212,1,1
6.687690200425579,54.04289477857575,0.9599314075534602,0,1
2.774322467508904,4.681178620205747,1.1982716673561424,0,0
2.056739268764639,4.043436193597082,1.2513469191066584,0,0
5.889050309154933,6.1792340923775475,1.3224071632683088,0,0
4.190968415357304,4.310316433342478,1.0757013495329018,0,0
7.49536186227511,40.97164619331232,0.989353152798056,1,1
7.611659246833372,64.31757274738246,0.9233384163733194,1,1
3.645850632132013,5.659055785661474,0.7539512138678214,0,0
7.923046464295941,44.00192153880681,0.8768562833300108,1,1
8.0,43.08518456733065,0.8638896934813287,1,1
7.443377798558074,39.192363741271954,0.7707084743279671,1,1
3.7641539809024342,8.616238246104878,1.528398308747362,0,0
7.815323570631508,33.883043651244776,0.9949965856237614,1,1
2.4154135226747107,2.4757960043267513,0.9427177375766609,0,0
2.719882656696524,5.152989837938485,0.8786494804766105,0,0
7.224344187234705,39.93160436990917,0.8265122313168469,1,1
7.855493755063168,48.22328854757806,0.9535671812873003,1,1
7.231210605885177,66.32486083117536,1.0188344480402325,1,1
0.5707147212205146,3.6384677857517165,1.516346941947355,0,0
7.287168940314027,53.29140492512797,0.9954782339064354,1,1
4.704540711747914,4.039931839130374,1.649954200939097,0,0
7.255566922610463,47.49894392631206,0.8148413289276845,1,1
3.8045820174382254,7.384305139457855,0.9669340979154364,0,0
3.8507125237487396,3.323376772860836,1.1708826028703903,0,0
3.90142240159396,5.427153809122315,0.7877928977946453,0,0
7.176498587551656,52.76231780963377,0.8752958955855992,1,1
7.035880175848107,68.62731333228186,0.810879920447126,1,1
7.210952901987503,35.11162432559306,0.9954262521484861,1,1
4.726137956994061,6.2702084569908925,0.7885996311450671,0,0
7.964325858153573,36.95701078706141,0.9820750466725517,1,1
7.632944521020397,33.13603391035322,1.009484568164442,1,1
3.2831115647309375,7.410242424537157,0.7460160250075898,0,0
7.308502843242412,37.79241723666132,0.9449802502989741,1,1
2.9517908817553726,8.913907187464849,1.5096599367054195,0,0
5.903187072764132,1.8844631185070075,1.2935687816726942,0,0
5.416464676063497,9.78298982222502,1.0239133399521791,0,0
3.787478221231481,6.0932164166224085,0.9146212966547158,0,0
5.4872850503543305,10.094171057130211,0.9089107131888944,0,0
7.535086904780133,51.62545066826012,0.9291229158806349,0,1
8.0,29.26995735070617,1.0239828499639148,1,1
7.249240598150936,37.50506040562091,0.9248854072516354,1,1
8.0,55.36654808852908,1.0516208940502332,1,1
6.468766588244488,55.20011960149574,1.1865305013678653,0,1
7.239952716616463,42.740103028701654,0.9824347044504975,1,1
4.125656605431226,4.812806701258141,1.1098067159061098,1,0
6.602461677932812,2.981902612186966,0.8999210709675796,0,0
4.546275961802951,7.771836721888744,0.8439787571726314,1,0
6.8217679533384326,48.657658393923796,0.990807519885139,0,1
7.364917562248387,56.32470068790359,0.8434483192369944,1,1
7.113813646625825,2.1421682295731563,0.9017502038406962,0,0
7.806213918125523,41.58274653744403,1.1324157231845766,1,1
7.932562229937671,49.12604916496662,0.985673988979869,1,1
6.565080898252247,5.736258233159194,1.1040345821773674,0,0
7.6179910601081255,24.11467724746575,1.0269915759209534,1,1
7.824499353382882,64.5990267040951,0.9250853729798305,1,1
7.697526169468688,30.151061588983477,0.8394900965972543,1,1
6.954753077751603,67.04396097741304,0.9763594982879488,0,1
6.032219542242693,7.173007218369529,1.3106380391006394,0,0
7.0159458795915315,42.917282563303324,1.103087628496247,1,1
3.5250871105015484,4.146954749375173,1.069897686205672,0,0
7.368674625282436,32.34503723474012,0.9742585451672139,1,1
6.8904977483669825,65.84014815628541,0.9707737765008924,1,1
4.929983446652308,5.590272150849195,1.2988189156244125,0,0
0.37819936835824297,3.1025718437564924,1.123413677446191,0,0
5.020827049809693,8.233602394844642,1.2764706194318445,0,0
7.3594748487290165,40.90078484008474,1.0555742916930182,1,1
7.7106299600103405,55.12714611922624,0.901001097894732,1,1
4.163518208672525,4.975187883347959,1.2000563517493164,0,0
1.5349219145391277,6.060954888038872,1.1439390499385993,0,0
7.10394745710576,58.345354484369736,0.8634993653848919,1,1
6.475918349533782,27.204790529143697,0.876037662613004,1,1
7.118411955360422,58.069309251562615,1.047284707774613,0,1
4.626110916979016,5.64813499111242,1.3143323721271662,0,0
6.545632168626605,64.39690625623967,0.9412412674568411,0,1
4.398201212896023,4.974409220442512,0.7919156069585096,0,0
7.545446395903159,54.63501138578445,1.0555290070798486,1,1
3.230954041676055,5.010791132852131,1.298866985520008,0,0
6.96635634564317,38.385901364612,1.0203586920061933,1,1
7.420232796235201,54.050736167672135,1.1116999612858185,1,1
7.6356161271252905,45.94979078656322,0.9622795907434712,1,1
3.54342488008973,4.514628002074825,1.112119648758167,0,0
3.610339903427293,6.585902022076704,0.7655897280473136,1,0
2.0653047811788476,5.671630193956757,1.05962749863062,0,0
6.956557740723328,28.568810393668926,1.058061167694811,1,1
7.71310399748099,33.91819265094835,1.0118577618383207,1,1
7.798965787831453,39.27811611882328,0.8474699562043536,0,1
7.883701383646871,46.927272992522035,1.222142982309186,1,1
3.292714820685557,8.730993330133462,0.8488981633734525,0,0
6.223251280220028,0.0,0.9661096018555577,0,0
2.404320658695581,4.209475073906642,0.922481702935979,0,0
6.549966731303233,2.512416919767564,1.052835580654839,0,0
1.1787832262645783,2.354465031305017,1.3837889579023381,0,0
5.7028553058102975,7.195174998777436,1.1246966559187705,0,0
3.217348279011695,4.552732997328732,0.421925233345703,0,0
4.811261003510184,8.131744256122566,1.4140076433868958,0,0
7.059934543708353,57.551928168910194,1.0658534734401515,0,1
7.144960731467955,69.39565528314898,1.0714034114645143,1,1
6.340704670090292,46.32443426587194,0.9431898466880759,1,1
3.7978702820510097,5.675959873118724,0.9137347593421585,0,0
5.380892679257044,3.0746888562594084,1.087493224723949,0,0
7.550051708379108,55.22411670549111,1.1917383816768519,0,1
8.0,72.71148357139188,1.0859102553395925,1,1
7.7443989365559345,41.765842616526065,0.9570265340617623,1,1
6.644974156829462,43.96954675598142,0.9986836699062815,1,1
7.969887463781863,53.18802164736651,0.9473408289202476,0,1
3.2919611740027,4.8473764188585475,1.0095001247258344,0,0
8.0,40.04573580379416,1.0120724415555113,1,1
7.868678605824974,65.77959933772757,1.1308123182714371,1,1
7.633531751536817,39.265646025635256,0.8697516844999422,1,1
3.5442429120367693,5.00877840902965,1.4358475924880727,0,0
3.4839580219110133,6.505819981624528,1.0492626535839236,0,0
4.334902657532234,4.242381410798785,1.0867554003443503,0,0
3.238880593939533,4.137387676709598,0.9882692523790134,0,0
8.0,60.94331216609338,0.9639482753219615,1,1
7.117578038697913,59.0532252593599,0.9249397178388846,1,1
2.285913252009404,5.204903029328377,1.1841710057041306,0,0
7.5523280285392405,35.78914848303478,1.0992594804595788,1,1
4.006189974251024,7.358417442406848,1.5417616978683788,0,0
1.2955537341778487,3.511632167007991,0.3232764637447286,0,0
2.4779660099160576,6.840428461806791,1.281241690916335,0,0
7.210834291407117,47.04908063327808,1.0430212331502862,1,1
7.418244443377492,60.49201696384092,1.0185010939439458,1,1
4.51665070194152,6.609753020885663,1.0895930252637325,0,0
7.816250836859133,28.471896289655998,0.9119644395231558,1,1
8.0,52.36851482557535,0.9537043168721623,1,1
7.6351080244693295,46.83460637538413,0.9323575822841469,1,1
7.663918219079326,52.2039070069326,0.8915042850719908,1,1
7.408457726502632,53.739908966702885,1.1377859765927143,1,1
7.41572544339546,41.251022437163414,1.060743973417278,1,1
7.484852913274328,61.39829132410924,1.0778684708383688,1,1
8.0,40.61281833635611,1.0601924490617018,0,1
2.1064010348337523,1.838850843220464,0.9638813243705553,0,0
6.928885887350882,71.06521024840163,0.9191737779521811,1,1
7.3148523380537345,76.88437938440424,0.905966741517902,1,1
3.5219885989439397,4.337607006330357,0.7245495769324177,0,0
8.0,51.719384473715515,0.9781740897194581,1,1
4.651445884699985,7.224305845573531,1.4368443491084137,0,0
7.237338737304038,87.20319875759589,0.9808096272709277,0,1
2.085762454318991,5.90316835025568,1.1392709196786392,0,0
7.768502784929904,32.508704089657314,1.0334028673797615,1,1
7.15518741811592,50.253536683974225,1.0235479191935966,1,1
2.4280083540066433,5.803539426951421,1.6704024249304603,0,0
7.203156170580922,5.937873409806719,1.4230784452894176,0,0
7.306329185357513,53.352054173887694,1.0084174665842045,1,1
7.2590684134378485,74.71828871974284,0.8858044080370474,1,1
7.633885020909899,43.17106856885698,1.204752191519556,1,1
8.0,30.977834481259553,1.111246065277369,0,1
3.5014803757062487,3.6752629846928935,1.035456311814877,0,0
7.6178633111373175,46.111745448664124,0.8595929557389319,0,1
3.1376522554248325,2.844319998468076,1.380821724784763,0,0
8.0,28.659499839194208,0.9818833428106264,1,1
7.070553694777685,75.34396843553874,1.1188255196873311,1,1
7.4600460968463755,34.99130376162437,1.0473146048275213,1,1
8.0,34.1355022024197,0.9649252261262481,1,1
7.464550034243039,54.02475418077805,0.9870284607440323,1,1
2.089025288739099,1.8046068969879028,1.5389258251685287,0,0
3.260322177302178,2.871944855556714,0.847526294213022,0,0
7.732567487180118,67.88739463241465,1.072633749078519,1,1
7.258641482808165,42.78273204533048,0.7332399234975735,1,1
6.414061170321336,48.65753850960705,1.1355414970237838,1,1
3.3929449696110323,3.095858753147751,1.6444443871614136,0,0
7.212457861243935,60.46884110143898,1.125488160081778,1,1
7.584982734281828,10.67605438528458,1.015711655077245,1,1
2.5778852067321383,6.92529521600134,0.8995039158111438,0,0
2.615442843958553,3.712288936786639,0.6595953066406278,0,0
3.2638282652291646,5.303357978597832,0.7757584383285889,0,0
4.298502274530242,4.788844816575597,0.9195901440367613,0,0
0.6112703926484526,7.80128050325596,1.0301495739640751,0,0
2.207310156679567,5.964396949441886,1.3946316618915016,0,0
8.0,62.784307981651175,0.9450737844935,0,1
7.596607116442826,65.29583179529378,0.9051538603463456,0,1
7.288574535895025,54.859447190524364,1.045649222901201,0,1
4.493317584882789,4.472769496376723,0.9606791199729127,0,0
2.3302041280725576,5.77176626062456,0.8450591705218855,0,0
4.849670421079162,5.0303615416179595,1.393682377700568,0,0
3.8250123168771952,4.3051455044961076,0.93068201138411,0,0
1.2150583372884833,4.904588163519094,0.7476929009871456,0,0
3.031056262478745,2.0322168294737337,1.173948052822915,0,0
2.3228411757385987,3.468083717226968,0.5137932191231198,0,0
3.457328678065768,4.986913771082383,0.378267221405327,0,0
8.0,16.67788621919717,1.0423191498179725,1,1
7.587116149624246,53.60527242275287,0.9103456675794349,1,1
8.0,67.18108618003201,1.103807212451437,0,1
4.874302941329971,4.83355616907722,1.5886024557444962,0,0
6.13336296014054,5.6255661348118355,1.4762418860971813,0,0
8.0,58.73138863525366,1.0122596982794207,1,1
8.0,54.16322820599403,0.9976707484765924,1,1
7.5912134506023055,59.26152872395653,1.0111770271638332,1,1
7.628501302965854,70.75805572365311,0.993671340648665,1,1
4.164500432175628,2.406579025246491,0.9040523665224109,0,0
7.339181779502471,35.03473303475468,0.885600502426977,0,1
3.4381637117287522,5.559544722281585,0.8851464488369722,0,0
2.373538952691855,2.8768297823365674,0.667727843528346,0,0
4.057068686072463,4.609366238058318,0.9361242370326165,0,0
5.399377197766859,5.575265878714754,1.3657396887080022,0,0
2.165308776386582,1.9521321214634342,0.6846979929651346,0,0
7.096938844660726,19.490004921329295,0.9718516339628559,0,1
4.046156712108337,4.893208269262445,1.2157450244499493,0,0
7.168707739440754,47.247983324120405,1.1590334539281448,1,1
7.789765822200847,67.04306034313555,1.0317698381601972,0,1
8.0,50.765260541861785,1.0402768667820275,1,1
7.661207538552985,29.082306324475635,0.9990840481745469,1,1
3.2683797806778916,6.614695148999353,0.7686127846007526,0,0
7.478150213777952,71.45584914032457,0.9773969290635806,0,1
4.037936633775148,3.0985974597093024,0.8886812833056256,0,0
2.024306273995389,3.5616380792099225,1.0591157784747802,0,0
1.6340422899503562,3.6041733779770837,0.5807388570944411,0,0
2.555227358463813,3.7495348385354794,0.8260957696771407,0,0
7.987362157609214,62.89625765762574,0.9197298378704575,1,1
3.3189808812762354,2.7913007969871533,1.0971445787479719,0,0
0.0,4.32398455060546,1.320737207887539,1,0
7.50402601248047,4.972542385291839,1.133250222708961,0,0
5.515603693022078,8.432772572825893,1.091162127643494,0,0
4.080590585393008,6.956997606504034,1.2041564858143035,0,0
7.749891976927747,42.87927029980754,0.9047308614893989,0,1
5.894165859451331,3.7542440625417934,1.2736169305344665,0,0
2.26177947689754,6.112898069506403,0.8691959838528541,0,0
7.150336074918578,43.31193275425412,0.9036686516117366,1,1
5.290023079609995,7.046197800788814,1.422989329519471,0,0
7.773792170042803,52.28247714277231,1.0690433581653336,1,1
7.705284153143998,48.53589895949963,1.1672057302491166,0,1
3.391444075601581,8.188154509592476,1.3639364771829305,0,0
7.614163758288865,57.69359393151245,0.9263876295542226,0,1
7.511545478184077,64.9839479802144,1.0294785075732027,0,1
4.487646353403936,4.24843071492841,0.9129171024129722,0,0
2.987574376445274,2.826372552824001,0.5355479626133496,0,0
5.6581792592262925,3.896490901223535,1.6082058284053562,0,0
6.737242309329912,50.81289967476974,1.0095616682684365,1,1
6.902371128983045,49.65620936688304,1.1158135538947755,1,1
7.269370899099473,35.353916135938334,1.1302309353762392,1,1
2.8181634336308865,3.262406238508836,0.9384024195367691,1,0
7.846271623022816,45.90854093418421,1.1007170072997867,1,1
3.519197502190055,5.442364326318322,0.6784755900746144,0,0
7.926651202090441,73.09319520147939,0.9673828347600899,1,1
7.125627651442565,14.579513336580028,0.840977044950361,1,1
4.8608310136182755,4.071040263663001,1.6642513510440304,0,0
7.167784042505025,49.5539121349805,0.9422426759517412,1,1
5.177502256270083,8.259197227205716,1.4123751716981348,0,0
3.2517785850496344,7.043676801344484,0.8424946402462247,0,0
5.762320691571298,6.078614004106605,1.0627690182352174,0,0
7.793436777737052,46.74424326740282,1.0743861288915704,0,1
7.767918579340577,25.765693475757676,0.6969559530646208,1,1
7.948636150727468,57.73461051804826,1.017241582353758,1,1
7.1431233475766245,19.452430405447238,0.9966305148787249,1,1
7.251609923718091,6.776314686756308,0.913089849181506,0,0
7.602761949816512,43.70950920286219,1.0193984429665746,1,1
7.810678765598377,68.13534660604353,0.986069587529236,1,1
7.752752414335077,75.00887836562572,1.0021620938539337,1,1
5.466282433465473,8.27812022396325,1.4880467737901542,0,0
3.2312580125392714,7.639262834811501,0.9784440313368833,0,0
7.622012523599939,45.66377908959116,1.016441003181901,0,1
7.845030194820422,79.04134969956236,1.0735521668199863,1,1
8.0,54.058259638007655,1.053182337548249,1,1
6.832577137214265,16.9189949897457,0.9541323848242196,1,1
8.0,25.45801803474002,1.0054321440037721,1,1
7.990575876864463,51.96956020724162,1.0823025695448798,1,1
3.7647213636844046,5.278426172068089,1.3417106611808192,0,0
7.501977517570055,32.950429210583486,0.857917446337974,1,1
3.4173421627964027,7.852309167735583,0.9267987273890035,0,0
3.6584385803207393,6.208910939304121,0.9059567125239485,0,0
3.9485814418509135,1.5404587606365419,1.095226886639124,0,0
1.8691220555985764,3.826571509603911,0.9411952204949131,0,0
4.258566744850277,5.9583257208963545,1.143724311785838,1,0
6.121110393745422,6.356890133324234,0.9943929043306404,0,0
7.221626369742882,51.7540301571929,1.0553923633096578,1,1
7.427592376916409,44.397090580496965,1.1383009352739197,0,1
6.10509152634474,74.81334080642718,0.8648255104878436,1,1
3.6375635784777423,1.2448514139797129,0.39601990894108263,0,0
3.7345712513325817,5.358730093274446,1.620941416831354,1,0
3.6051452417369916,5.7116981167208944,1.0605763187145563,1,0
3.45801308779319,6.205708785358964,1.1684948460473845,0,0
7.051633966137786,29.165376734536675,1.0094104510267234,1,1
7.362607091371824,48.72309176019503,0.9585201288345179,0,1
7.276424068488808,50.28626067674276,0.9064359186500682,1,1
7.686225674110254,83.52045866833956,1.2063801603096336,1,1
1.6440527466184092,6.057092463187358,1.244168964534777,0,0
7.718909435954633,29.09633088973273,1.1484774975199201,0,1
7.198336669600894,30.380242777453468,0.9657280733100595,1,1
3.0711693344504982,6.319077781157903,1.0901210983889225,0,0
6.076178609363902,69.80430297183628,1.0930432947229987,1,1
7.614274241768123,57.00476306760874,1.180913126649126,1,1
7.125415798316152,41.887658639190214,1.0204281932262789,1,1
7.96238667029063,33.07765693772461,0.9020093706264447,1,1
1.698676861447729,4.270158676694362,1.1300812786986414,0,0
7.256691813941172,68.88568395462704,1.0911637251855584,1,1
2.919746118334377,6.010135722658906,0.5841763295490923,0,0
8.0,78.08940474561913,0.7653715498999114,1,1
4.685044355704075,5.556116892102293,0.9920669355367195,0,0
3.087864469586103,3.862106877305802,0.5480220793009422,0,0
7.3828632832052286,54.64690408419639,0.8927947734371056,1,1
7.216396498389529,39.064157800616734,1.1109332255564863,1,1
3.895626227016643,5.014325424621046,0.9138826428192067,1,0
8.0,44.36224126585703,0.9449101019106145,0,1
7.223367925424357,46.91650359044001,0.8992392165486975,0,1
6.1451665973988145,44.571582682430275,1.1208555779364597,1,1
3.728376046996538,6.967269139756011,0.8913964725044095,0,0
2.854202793970712,6.801357628922165,1.2788522133956741,0,0
4.286020403057179,4.252024150634667,1.2502988131707844,0,0
3.2056763895482034,8.135456451314507,0.587389944180094,1,0
2.722625186319874,5.006012957579862,0.7310986395507373,0,0
7.36467355065701,43.9408362797845,1.0445233046949913,1,1
7.1214686055174,45.02415844523427,1.0122943985269954,1,1
2.6568271272760446,5.894145308261119,1.2240657713255476,0,0
7.985871512011132,13.775481570939078,1.1386507801366046,0,1
6.349476666089316,4.174152158604401,1.2168677769151701,0,0
3.232772459779052,3.278422332932873,0.7828544309002954,0,0
7.540130199528416,61.94619453037504,1.006752205531163,0,1
3.6145245990219124,4.366928862829683,1.0585463100398989,0,0
4.859327433492688,1.8971424072381637,0.9960002139048759,0,0
1.2601164765766062,2.5829608737044323,0.7187512333786861,0,0
8.0,25.92687392293569,1.0456059268130191,1,1
7.609100615111821,45.129207817534684,0.9687602010781612,1,1
7.693331892963625,56.04028053299001,0.9286024436714863,1,1
7.895273751584823,32.213776193885785,1.115426141884668,1,1
4.932416589368915,8.443632023920053,1.345939078993383,0,0
2.273431692012319,4.622266792708339,0.7884262105015631,0,0
3.1161963036594025,6.5545270011209595,1.8615357943654773,0,0
0.7731629953577208,5.217054524595164,1.472897097892821,0,0
5.557980780943677,4.530396777471573,1.424674222072771,0,0
7.060603609952613,9.397385391847635,1.1610300160279323,0,0
1.888421543021542,4.935926327807751,1.073763052738818,1,0
7.439061892551058,43.38548800975154,0.7924314675913534,1,1
7.48910627298584,59.15130385901719,1.1159094210261218,0,1
4.088820138914311,8.120509089454604,1.3739817822365972,0,0
7.056470234062883,47.366320933704166,1.1760172191861502,1,1
4.538291818513265,3.440280746649968,1.2449266531350172,0,0
5.028866638889773,4.60033189617387,1.114358913987471,0,0
7.456514316353763,64.2638046183587,0.9959301138977329,1,1
2.46679764935743,4.769183269147399,1.2080952641580534,0,0
6.267832302849703,5.4987585466911035,1.4011219234387635,0,0
7.365722614526476,66.58822076173328,1.1022048896275942,1,1
2.908853345604948,2.9012683038059004,1.604103352698686,0,0
3.7071384832464918,3.3189688159752393,0.9174890656720732,0,0
8.0,35.333925092397486,1.015473595892557,1,1
6.736465672475471,7.552023827283932,1.0348889183178607,1,1
7.997922652303026,34.66670833943161,0.9710236406907897,1,1
4.28942290550777,5.517610826324546,1.125996979469391,0,0
2.383072509949684,8.62429272100871,0.7100205396369141,1,0
5.0346666913205524,5.367411299099101,0.8778347547263857,0,0
3.257101529476282,4.296663987994706,0.9608462581861046,0,0
2.808642879567867,7.177820573414679,0.9641771489064807,0,0
4.0045872482133085,4.88861693182738,0.29419428026019756,0,0
2.2919141040286184,8.869666336433301,1.2377153295445462,0,0
1.8735189421439493,5.272163683336219,1.1087406761164804,0,0
4.177518980997769,6.965207454428684,0.8120480266868989,0,0
7.545911341178649,72.22070968549893,1.0360705988651697,1,1
6.264634328237822,1.7343818107723132,1.1902339170043683,0,0
7.645377289103195,70.7504353387619,0.9116117112659595,1,1
6.862620953785527,63.31585865166389,1.0453834139256857,0,1
2.864575682496057,5.226094771950806,1.0856928594808217,0,0
4.414120129222124,9.1582378607456,0.8552623658569164,0,0
7.989524976765088,77.07645076281338,1.1611502782384593,1,1
7.331053677872226,36.49394695172702,1.0225387492510083,1,1
5.770232099822669,1.678606306937565,0.8844767410584751,0,0
4.240779503501159,4.533633863201433,1.0314122047240137,0,0
2.8017624115492534,2.270918240288926,1.818624687743775,0,0
6.9583150014493445,52.50902743764149,1.0146211591436705,1,1
7.606015131199905,60.693607583586314,0.8362506298746673,1,1
4.777432310442803,1.1990197361068362,1.450682483161586,0,0
8.0,48.834321140415554,1.0316383971952459,1,1
6.9902558212022115,70.69433849934248,0.992401917770164,1,1
7.866671011872421,49.15179807720983,1.0186805127104759,1,1
7.9450035943584245,51.21466434160971,1.1411153185299454,0,1
6.385298174402536,35.72789028985622,0.7871627428205199,1,1
6.605387651271424,54.92491347946423,1.1552780681023496,1,1
8.0,44.27790238815924,0.8538649941229426,1,1
7.473684311460022,47.963955252091274,0.9870596544102361,0,1
7.069364400240478,35.982791856705234,1.075523283820205,0,1
3.0998565662683957,0.8297327199846505,1.1966258449256677,0,0
7.310351146017428,36.62371107609109,0.9973162846428328,1,1
8.0,43.60536842957696,0.785621833239386,1,1
7.749813375970926,29.065504028392752,1.0140666182998543,0,1
5.348156804354611,6.235393588052605,1.01665610170503,0,0
7.597961109007084,58.71784938853645,0.8542695666463118,1,1
4.429771352256266,7.468057941470354,1.2428022442168905,0,0
4.115354839698022,3.3926389336873397,1.022214235637043,0,0
6.916328834846185,2.775168316532543,1.1468721126717278,0,0
7.314095998793476,47.866553445774144,0.9649197044541292,0,1
7.08086190697629,39.32536576288426,1.1061886654879753,1,1
7.326892320470336,77.29909189123656,1.0751992962993788,1,1
3.379820728360097,3.8987307721019056,0.8758182389492803,0,0
7.271494584779513,47.92664710803035,0.9574661403013877,0,1
4.75351815431283,4.555549807818894,0.4804851616307184,0,0
6.629023944174817,61.006715597989896,1.1004048051913784,0,1
3.7697890017852593,3.696396119722766,0.7931176314994095,0,0
5.804058926887186,9.417975905832153,0.928371567026302,1,0
7.16285036152598,40.537623130038824,1.042023130225822,1,1
7.728231731934214,43.414022663525834,0.8254104467920276,1,1
5.808925292667032,3.7711501562154575,1.2753710912826721,0,0
6.641170539104472,1.4925929330190506,0.8827370272001577,0,0
3.764326080130502,7.441670030853304,0.5210530861678778,0,0
2.6852050822754068,7.511976242910971,1.3247056876233734,0,0
6.538711882679202,42.25073913068135,1.149867514087211,1,1
6.0911880277743125,53.79045885389676,0.9528078828492278,1,1
7.009757857745923,37.701058940946254,1.1096977560539312,1,1
6.895582029514656,43.42446621453124,0.8845533279277481,0,1
7.4195965740457375,55.37102551285536,0.964230002563407,1,1
7.473750556682152,61.35576431288821,0.8068300935695107,1,1
7.120738136204366,51.17366373899699,0.9795483828631036,1,1
4.6736369655258665,3.1432036677881854,0.9875265249434558,0,0
6.84877536545403,57.808096388066545,1.0722825994789535,1,1
3.928502070100061,3.791110962934617,1.012476827651458,0,0
7.09405261006234,50.30969501625591,0.8799386292308927,1,1
7.49791059397615,5.333635409224446,1.1999851627886478,0,0
7.375295727201498,74.50985342938675,1.0957032777847153,0,1
3.560128754582747,3.608579769410337,0.9940174119264471,0,0
3.9043318257726085,0.5419143075200354,1.5620960374414448,0,0
3.8020162578226313,5.402115844746625,0.747465875832936,0,0
5.607674071653801,4.882461160979891,0.8242888339763715,0,0
8.0,22.85700216688602,0.9143691864523946,1,1
7.48783016785222,44.911021648200474,0.9987337793925266,1,1
5.7703114173181405,5.723167685784334,1.3368196083830326,0,0
7.044793310956958,11.538145469297348,0.8818513628099647,1,1
7.5065262472710605,6.405656079657813,1.2871719873723417,0,0
6.9032899713915885,5.4813160221203585,0.9567687426117302,0,0
7.822273815014951,38.21323680584412,0.8983836967380507,1,1
4.789522282447911,8.57792387147919,1.1137649692239957,0,0
4.893519184054428,6.243946087497897,0.7795673410677662,0,0
3.1611134462138195,3.3062814197861847,1.1664157126000232,0,0
7.703333482140649,82.74076025251748,0.7984068753948662,0,1
8.0,29.284619927986387,0.8690354222840183,1,1
7.630518856930696,54.49465605437733,0.9629514850375991,0,1
5.6957416157866,6.057732226624479,1.8240790152241155,0,0
5.142712870127595,4.638342381422408,0.6377715682802259,0,0
7.801773313263345,61.0464959928197,1.0543217460179986,1,1
7.58441002979754,66.1967843367496,1.1158159414573918,1,1
3.8870136259659565,6.55437873047854,0.9167400574751874,0,0
7.401813300719084,62.79582859849891,1.076027106422844,0,1
1.1791878652601575,4.568569133611614,0.7560771072381056,0,0
7.339630441795773,40.82298813359681,1.195193089603177,1,1
6.669777630600574,66.73598523810277,1.130337562582441,1,1
7.8511811307953945,31.223894297148515,0.7861247161687676,1,1
3.2621033934619525,3.983852649866676,1.5172808936837223,0,0
3.7465695338621843,1.567472553208289,1.4473922877258498,0,0
6.6604814877274485,6.911209437483183,0.6682912610776508,0,0
3.2525122764133263,3.902061400492165,0.5579924994418909,0,0
7.2165723485181275,52.495159059102605,0.8861984723623192,0,1
8.0,41.92764366511985,1.0192594032996485,1,1
7.953216443504471,56.54551107918837,1.058912912582346,1,1
5.027593812995849,8.740679285802052,0.7865468872945226,0,0
4.7664081560254346,5.000711228057018,1.0435321669643698,0,0
8.0,50.51567497522947,1.0424927467229905,0,1
6.711808097327587,4.118125654107755,1.5704655598531276,0,0
4.759421038667491,3.4326990029408657,0.6846810334697195,1,0
3.6596178237740933,5.307707053870083,1.045717407399199,0,0
5.270200030644024,3.5451899699046394,1.3937085623568628,0,0
6.902498729119745,62.077528765990685,1.0576537949993003,1,1
0.7524587663165887,8.915979294708475,0.8169788974496959,0,0
7.753647137119421,54.576629979209635,0.7810745893072265,0,1
3.602661509785641,7.384249426147454,1.0245908636961811,0,0
4.4633198600957575,7.479850987973373,0.8109908126015439,0,0
7.376259311630272,50.57222494210886,0.9102986435578244,0,1
5.0289444159613215,4.574375612649638,1.5995223596783918,0,0
7.926899134453341,48.387512521061986,0.9252396068134653,1,1
3.668803977334782,5.352073006787397,1.0953998323796985,0,0
5.765656671993245,8.696320688469987,1.4049285931557935,0,0
4.116866638016467,6.58242990691916,0.2587389149225149,0,0
7.235313788872932,59.298776599154344,0.9316496539656635,1,1
3.2404084128630917,5.710446387587978,0.3438073088172945,1,0
6.353388246096566,3.6396569379462402,1.1080279613404558,0,0
5.020183395026658,9.65595106174679,0.831119193045467,0,0
7.418489009048238,54.067232125565226,1.0996999738754571,1,1
7.539387508517291,65.94539067686024,0.9852063629393444,1,1
3.7320578116794128,3.702694247683236,1.505954531679683,0,0
8.0,67.71296968062298,1.0877949696049511,1,1
4.490498430976345,5.7683461697505845,1.3490657589207466,0,0
2.6182231376861838,6.214211342419382,1.4471893467242167,0,0
4.750274933583059,3.896572217172439,0.6423652675372886,0,0
7.563183524407932,61.16411049474183,0.9624692696997106,1,1
7.722710594632912,34.41743540099971,1.1460246684032673,0,1
4.657764657936032,7.299453343012031,0.932359755016963,0,0
6.425133756535192,6.302266140325099,1.1103472136711912,0,0
6.847079583775939,71.98260002274512,0.865536841667324,1,1
3.7691368212301337,3.1414647844326353,0.6397536750528897,0,0
4.980705096105942,6.123699013091999,1.281231316679876,0,0
7.9394795371179985,37.891172781462586,1.0502204780881879,1,1
4.182841357919422,2.2445365715605523,0.6618931345322463,0,0
8.0,64.80003208697542,0.9980133373667174,1,1
2.1898552274711145,5.57106325396881,1.4014321885703596,0,0
8.0,48.903372942688776,0.9725131328278012,1,1
7.136650676171508,3.8609234528623135,0.956516194241823,0,0
7.436409831932741,33.61013226318751,1.1187143363372694,1,1
7.976437891976047,58.278069423154356,0.9859078922399422,0,1
3.5239082862883566,3.8289782710419553,0.7381385405247474,0,0
1.9255525346571658,5.530355418001419,0.5742967689402029,0,0
8.0,52.333348350817374,1.1396150200105046,0,1
7.784596950447024,51.84805961485011,0.9282967172861887,1,1
3.4132068718224824,1.118585195130683,1.2678371180064034,0,0
7.140560928273162,76.36810512929748,0.9368550558503026,1,1
1.861302122679469,7.571239824320973,0.8438395522942381,0,0
3.17825952588699,6.215954126914951,1.1946800520600644,0,0
7.341367708548244,78.25323172944289,0.8606327791835919,1,1
7.335365965981487,45.817475807648464,1.0057179033077677,0,1
5.342032545742387,10.236502672594206,1.3307972630520943,0,0
8.0,64.38521715919032,1.2278525401753806,1,1
7.4946752550927815,90.98521831672666,1.0338370728800426,1,1
7.357629246038429,62.50914255761045,1.0968446614332987,1,1
2.625084221183198,4.127157409551146,1.5046900336174354,0,0
5.346549273348078,7.832991621988143,1.4205214802041488,0,0
7.7154766113973485,55.55401965231397,0.9751407973962357,1,1
1.9216669386884098,4.030257873828973,0.9994306604543204,0,0
6.930811808798903,19.705496246298345,1.175141785812034,1,1
7.382789102726923,42.68338370838075,0.9265183998972623,1,1
4.1946353669112995,7.266012476872213,0.9666681182112253,0,0
2.877097204103251,3.6734195737711186,1.0273023337426708,0,0
3.0627254079233994,4.040168979003166,1.1600289467464013,0,0
6.70091379560826,29.568283134158744,1.0832861606991668,1,1
1.4691576293182949,3.8096816768654946,0.6655786453324364,0,0
5.0170367535132225,5.9663019540244315,1.1027022829994775,0,0
8.0,26.113818372088453,0.911884226035916,1,1
3.902405299468686,2.40956200170348,1.1811721890822735,0,0
4.891150239412507,6.151571899683144,0.8809526594044268,0,0
4.051440114627887,5.190949232237342,1.0637035743143308,0,0
2.3671747523375735,2.4007169481360244,0.7710391214841701,0,0
2.6334189275750672,7.304125775813141,1.515971733639115,0,0
7.748803831138923,4.74954390363433,1.1736724578120297,0,0
4.683454010761708,8.436202153033932,1.5222314091427238,0,0
7.878207264503342,64.22163168484337,0.9393126370873575,1,1
7.234946926084704,47.76260497215202,0.9128953075683974,1,1
7.836338059920133,57.13220714552257,1.0172659816109737,1,1
7.175792417744769,24.238298891191956,0.9827783534881286,1,1
3.686928903994073,5.915506441282184,0.8246366457465207,0,0
8.0,24.687580744036143,1.0565364235126111,1,1
7.276842317815683,62.767198840542974,1.0601707294095906,1,1
7.366544635282911,21.39999978263716,0.9209353327966868,1,1
4.636693564405581,5.044326343127321,1.4751447172949503,0,0
1.4866206060397178,0.9426323713680329,0.6161716161456661,0,0
5.100199117626938,0.8752440090818565,1.2476368955449735,0,0
0.3622678747610415,3.2964047435039694,0.8719114098068983,0,0
3.292755873581561,3.5501653557196073,0.9891745400008993,0,0
1.600648391312184,7.163886795918686,1.0131416322313944,0,0
7.868575414766154,48.21483680180081,0.9653361042450425,1,1
7.370353242025728,42.91303893033286,0.9773425378642082,1,1
2.305449836953079,5.08812454128368,0.6756477752755765,0,0
4.679465623822296,5.108060128871121,1.4563940515405707,0,0
6.983791851350328,47.902978150252444,1.0477548291215777,1,1
4.502839354027657,4.441806477737368,1.6730605590498797,0,0
7.438664723909129,29.581557889721907,0.9170891946530696,1,1
3.5753114674669155,4.266188669274241,0.8476234476618689,0,0
3.9260289099660706,6.678265229733473,1.1501343593631828,0,0
5.896687186958303,5.864197829110155,1.1380469934530804,0,0
6.660172341399356,5.07185611045534,1.0413823381035583,1,0
7.295736494005832,55.92410631886374,0.7483489941928085,0,1
6.10779616437223,4.410057134985586,1.1501115639287613,0,0
6.717977250125355,71.49042687309375,0.9399462731626334,1,1
8.0,40.02197455005209,0.9545208980493729,1,1
7.737729622896659,53.984158251071506,0.9764626876280642,1,1
7.800100424465685,40.450273086983785,0.9482569306831217,1,1
7.625405470055405,41.00300753254482,1.1763767126094062,1,1
2.067543161838962,0.7436737154607629,1.6555565995579138,0,0
2.788626097694064,3.015033134350423,0.9501591636469764,0,0
7.544848118875005,60.239116542644794,0.9396376394935411,1,1
5.493897381303035,5.042755375654909,1.3005161268905416,0,0
3.711759592029638,2.259561556679076,0.8743479038832491,0,0
0.8129430799277984,4.582530838293812,0.74855328772058,0,0
5.750342240730033,3.4545019122949108,1.2406790100531948,0,0
7.834895955082946,69.5664788947471,0.9802034888135991,1,1
7.071558940157759,56.348557122036716,0.9299452643677827,0,1
7.169243450779179,61.36760605833062,1.100262308885902,1,1
4.61078816973706,2.6243055261211476,1.0283192844094668,0,0
7.6977812407772825,50.8348551466361,1.0325588493501445,1,1
4.304825656417018,5.79558025023733,0.8031471669322823,0,0
3.1389368995435056,5.063739758218094,1.6985613987134824,1,0
7.57799195753189,61.56242126543939,1.1100654520673012,1,1
1.2597315954747303,5.451683521167879,0.6850577170377776,0,0
7.110575438518524,41.84789082020543,0.8154557180492512,1,1
3.135816251581309,7.712424982012882,1.0013113484328644,1,0
7.30020601655101,71.48329757166941,0.86395178784532,1,1
7.521709661877009,63.542789818920156,1.0235943474124918,1,1
4.166246621493561,6.798613238159,1.5574899916883447,0,0
6.607114907427858,69.23709326517488,1.1639561312064322,1,1
6.320977853751712,6.7130887640784955,1.1512193558611734,0,0
7.737677476790379,13.629772880282808,0.9734885509347979,0,1
2.5328610044952855,3.569968037798426,0.6349309174823279,0,0
3.296598842784899,3.007325622437955,1.062966600813173,0,0
7.469994082360468,46.301010746671224,1.0821140744768747,0,1
6.942970786890849,44.346755631908806,0.9774333117711608,1,1
8.0,40.758461398895705,1.0028190371110557,1,1
7.235151701467653,53.075969920884646,1.2038231904606012,1,1
7.800165116317246,33.38290708394921,1.0533164021956212,1,1
8.0,63.160149381068194,0.9839326553449959,1,1
7.948567967604915,45.84925401218686,0.9234494239950726,1,1
2.607641058883501,7.959506963920546,1.0736358571755364,0,0
2.2094185043704364,5.257241319972689,1.1023682133157908,0,0
5.624219210225181,6.811319083927421,1.4726726622300739,0,0
2.224359965083727,3.425987547333712,1.2274521258455322,0,0
2.9924585308565934,7.057740083436155,1.5202809566411286,0,0
1.5763089980923337,7.730494981841947,0.8910446464244857,0,0
4.703939585956376,1.9481773076029643,1.7755877600665764,0,0
7.74040134106172,66.22804636310843,0.7172095909557048,1,1
7.063208390024012,35.3873832057357,0.8786078913740611,0,1
7.2148873327947225,36.87925791307437,1.0625296696028983,1,1
7.3943075111395755,67.85591407414171,0.9799626596638692,1,1
0.8565412828556092,2.170917909674279,0.7419622166983185,0,0
7.387926624043157,33.62468447920877,1.0089373289579853,1,1
8.0,59.877228129641026,1.0157562037570065,1,1
3.2799308633058613,7.650021512517885,1.0208776549489085,0,0
7.289834682232681,22.7579693410306,0.9527836718637384,1,1
7.298701588404807,4.029593396545277,1.2866615539051942,0,0
7.612849594190225,44.90275881717771,0.9917019737588884,1,1
8.0,53.02522938005346,1.0256679310295889,1,1
5.2972342726375,5.209483131952185,1.0968806896969043,0,0
7.861225964477487,32.10804033728047,1.1273022463194775,1,1
6.719302097306223,60.99844999677184,0.8309273130657184,0,1
6.5575264002473554,67.02098481368319,0.9410838810273267,0,1
3.8109799467744825,3.4141608360165,1.1426222183771406,0,0
3.4257444326211495,4.139222015560123,1.0741152050296994,0,0
5.022875192264802,5.465688263072723,1.3070628299529665,0,0
5.103284669351005,5.546068962789022,1.3919471547007651,0,0
2.7608475391784784,5.368356389306711,1.3053448306927968,0,0
7.140001697752998,5.065387700307903,1.0715818915568298,0,0
7.41316390619016,61.75295998019455,0.8651526048497202,1,1
8.0,50.15435240428042,0.9227688594131938,1,1
7.345084595697529,65.6288748156641,1.1044548448812592,1,1
6.899775871348331,71.5462529321109,1.1363574441533297,1,1
5.691287218687664,2.9381257838787063,1.2792121373525327,0,0
7.370662440791874,78.26001025678329,1.0313336334615588,1,1
2.5073618102473274,4.065488410417734,0.9461177181192273,0,0
8.0,39.69119474218745,0.8830117922246347,1,1
6.885301044176252,43.56345175883757,1.0867095101250523,1,1
3.0847019850793096,3.3089580634243694,1.5265056115397158,0,0
7.224456112108612,69.0314385550189,1.0976785352554914,0,1
4.267443863647499,5.163951900865215,0.9365062714777465,0,0
7.2156546580306635,50.8654031408805,0.9125164135290583,1,1
6.808988270687664,45.94769742110159,0.996761636556563,1,1
7.702877526092578,41.3771801998321,0.9213345777354219,1,1
7.57837616479078,63.98651880248026,1.0791391899557639,1,1
4.398594491169754,7.484264617509115,1.062016556635311,0,0
1.8575093681105974,2.8499529215750377,1.0051374652237413,0,0
6.939698306527903,51.21880366036195,0.9827539725044846,1,1
7.810100605181621,22.530099824063992,1.1597972412964428,0,1
7.13399653610296,37.206506217758005,0.8225425935293718,1,1
7.82238652039149,56.89420692804047,1.0873790547451883,1,1
6.535047931856713,0.0,0.9799255273968881,0,0
4.5210434342861445,7.2833347768882,0.9366349588098835,0,0
6.98898811396716,29.099328141344934,1.0230338061984974,1,1
2.2236285835746292,6.951750070588657,1.1621150650738157,0,0
6.557047110538467,52.206470379256636,1.0301982953889142,0,1
2.045240384639775,1.3601208227897699,0.6222120671517313,0,0
8.0,42.263842080993065,1.039495413688807,1,1
7.717073138721717,47.741504218099486,1.1465796224385068,1,1
3.3617365533244166,1.8921447652303995,0.8707236579641735,0,0
0.0,3.796466566882546,0.9723112670214616,1,0
3.53881260843135,4.992633056436671,0.7751233350275867,0,0
7.956915105200899,59.917786192399035,1.0640857195706943,1,1
8.0,56.0270625681222,0.7439332135050081,1,1
7.288610266604671,62.8975151852061,1.0053780426102732,1,1
2.8038388010354556,5.773588851983719,0.564757760423052,0,0
3.7175996821760684,7.889819044764745,1.275257004074078,0,0
3.3988371637509736,4.823377630846485,1.173296641525256,0,0
7.644747065139151,57.43547431975502,0.8026167531024696,1,1
8.0,69.39438812358571,0.9215146421962046,1,1
3.321935843308918,4.73803712348174,1.2496154806741282,0,0
7.8227943535499165,11.343997439947088,1.0983299793681909,0,1
6.34383021534504,4.229818028806693,1.3690970898039518,0,0
6.042603408508301,7.637888290381462,1.4473476276184196,0,0
3.9300778628462547,6.261844315041842,1.0327056811542645,0,0
3.4424769263411674,3.629757932012537,1.0448296581295624,0,0
7.547661387572685,71.54582923361122,1.2900039148885636,1,1
4.055590158828362,5.440946406774079,0.8953947686364423,0,0
7.97852834782001,35.391420858078476,1.0626933904054452,1,1
7.965185401689148,36.20138549318687,1.0360465789470301,1,1
6.983222190587719,4.632736311423983,1.1091229216226448,0,0
7.080343080851678,41.23123862278598,1.0361655479256087,1,1
7.7525656393820395,47.85520224585464,1.2668728552358324,0,1
7.9141604762237,8.475456427237852,1.0756636674759232,1,1
3.899127634678151,5.72214778518022,1.2830567369518993,0,0
6.674570660872497,68.08405321734554,1.0024589967538906,0,1
2.580766142850912,5.747732376205702,1.2305690880008604,0,0
5.113635281725696,6.750664078852525,1.5097173169461056,1,0
6.897575260304197,35.19677452823902,1.0723801552645016,1,1
7.610740679302696,5.848380186826777,0.4859034250421048,0,0
8.0,47.31025837918531,0.9996502407864777,1,1
8.0,63.273284824125774,1.076043009086724,1,1
7.359174575158074,20.49083461921553,1.051825294956773,1,1
7.44297693637891,67.81857049187508,0.9633385523701402,0,1
2.6230891153887255,4.570464308960566,1.434696213836701,0,0
2.264429190501212,4.645520052093153,1.1528059144804756,0,0
6.744523427239993,49.80276481561949,0.8316122884314502,1,1
6.781393595279436,21.885670863598616,0.906786925980871,0,1
6.901877105341483,35.76523038237032,0.97852026037336,1,1
7.633346594433822,64.38525827297391,1.1899648898414894,1,1
8.0,56.74233529440349,0.9256627028947872,0,1
7.954205323322487,63.483167578073534,0.7521202405363512,0,1
7.681038455904765,52.617308267035284,1.0444360715474783,1,1
5.849609327783369,8.360815540047504,1.2650227327933987,0,0
7.095530349040154,46.23745888160273,1.0877781784965226,1,1
5.042983623109284,7.078698430671184,0.9938001845631875,0,0
3.497708963942978,5.094580491803027,1.0349305535776936,0,0
4.061833587058909,3.6619003959222667,1.3465858683040886,0,0
4.19183340100799,2.8257284412554466,1.0444330733949876,0,0
2.280235520247324,4.1317862457187955,1.6105406168620107,0,0
7.3026420529771645,63.63253914444738,1.1950063879449724,0,1
4.259691515683501,6.470972081165293,1.1237772979328313,0,0
2.633319788584429,8.216580445974646,1.0985826461371773,0,0
7.16137517220266,41.580231763626855,0.8340207626286595,1,1
2.696764007701967,4.967927633971513,0.40168618362401953,0,0
5.064371359527978,4.896719610761449,1.2510717363235022,0,0
7.198275331013352,7.973587210149618,0.8926145749629397,0,0
1.1926705991844413,6.490919090357135,1.4884376831199073,0,0
3.6149783414611534,7.042028872284302,0.8910655861695302,0,0
0.9512234151268766,3.4312707937260885,1.3685622804269686,0,0
2.5472662892226947,4.903357314272339,1.0672267420838544,0,0
7.183668938620628,39.470728642640196,1.0265617222572008,1,1
3.5274728269245603,3.934194785945629,1.0893696066936716,0,0
7.191512418764359,65.65246427513715,1.0116327446488524,1,1
7.839372893368509,55.99994478843639,0.9793290417053957,1,1
4.1895593160233675,6.541105939359665,1.6460542695958078,0,0
7.196820069133934,69.77131415041659,0.9718099100451613,0,1
3.982551382872594,5.377445116312772,1.5192640148274374,0,0
7.96761537921327,47.28167061871355,0.9505598675050667,1,1
7.359145376795382,66.3899281371199,0.9231319081368357,1,1
7.851849172798147,66.82975801048903,1.0723296173967636,1,1
7.254332847430861,71.58659679764605,0.7307403334690262,1,1
1.7396123801580883,1.3728277412288175,0.8520707550420495,0,0
4.046152864645183,6.201860011231155,0.8534854375952794,0,0
3.928534662729828,2.369070216894645,1.4922703504093078,0,0
2.015673936796982,3.627861021460185,1.2746483168965455,0,0
7.83495949266654,46.72631918899943,0.9210613864241957,1,1
7.721625366471352,11.139050244078256,1.0672918473848574,1,1
3.8155236069403315,6.293714999311353,0.8426034831415599,0,0
6.63263730428951,75.73175618369135,0.8532028205706091,1,1
5.451657395408766,5.539278032705857,1.4157151165269484,0,0
4.429656782562873,3.4357238472676657,1.148675213206349,0,0
7.082170848790465,61.062569295882696,1.024418833297798,1,1
7.036971704494085,37.978614447185194,1.0244919069621135,1,1
8.0,69.56351599050228,0.9958221533513518,1,1
7.4749742164330195,76.39385996624307,0.9392489715858067,1,1
2.1595070007472663,4.280921470318312,1.0966323967689307,0,0
7.697251196578728,50.60724764899917,0.8541450101102208,1,1
7.004781971366789,5.63468481200616,1.047594407718236,0,0
7.61755629125074,26.37831592955126,1.0405817320366775,0,1
7.446321445562136,29.056981838439707,0.8970584441870125,1,1
7.097089770641414,4.473318757805049,1.3243324855997929,0,0
4.903273846118468,4.400118338741208,1.0635467365898708,0,0
7.255060436579447,31.217111629591525,1.0202833840692893,0,1
7.450870863851415,2.025772170240816,1.2353929752689592,0,0
8.0,38.62158321551017,1.0341008514949848,1,1
6.9785150847825275,71.10937898952429,1.0148092695424162,1,1
3.7257563311709028,8.452059896561087,1.1047113721705717,0,0
3.854619829452638,5.570138255997628,1.3253786047004084,0,0
0.673722377866877,3.0215111727530646,1.544661026883524,0,0
4.111958410358095,6.845874880627461,0.7140223657389058,0,0
2.988389192512021,6.882954626202848,0.9774308417365672,0,0
3.8488736207406506,6.308967978310572,1.5039245073556307,0,0
7.9158247261305545,37.65281237108735,0.9900239635684029,1,1
5.9252330650242335,3.8091643212036193,1.3616384763878397,0,0
6.553902737270125,53.49718301164655,0.9663362107971849,1,1
3.267566151291312,2.604702363217173,1.3714030091444045,0,0
7.20781787464425,22.81580309197315,0.9378801202915089,1,1
2.8925097844184693,5.663134196873949,0.9414151678302897,0,0
2.4027850659349816,3.28153344992661,0.6584649282558704,1,0
3.096528445156239,7.978882756371197,1.2944991898808969,0,0
3.0679416509219646,2.789487511970149,1.4902256152043059,0,0
8.0,42.7860141730998,1.1006391162551556,1,1
6.957305375343715,51.307853664699856,0.800277888376651,1,1
3.5842121073924957,4.4272412909200565,1.0257850383273224,0,0
0.8718963939196556,5.097696304873979,1.258610797669304,0,0
2.9866577868545505,4.120138122774701,1.423122703689323,0,0
0.7402034911932458,2.0862597992779452,1.444275594600359,0,0
6.999128577507512,46.29346478621634,0.8695521965111951,1,1
4.1657831103183085,3.9374152734406542,1.006110595258451,0,0
8.0,46.9429140908645,0.9742135063918206,1,1
4.398496188307413,5.75366127644897,1.0401883833052044,0,0
4.2425029058103885,4.874075462469427,1.6362332761867746,0,0
7.46829376834965,39.331360935328576,1.0390192501513629,1,1
6.83102592463359,54.957400598182126,1.1222801471943242,0,1
5.3330297416988826,6.521927101457305,0.9400193334867053,0,0
6.702828258233412,50.35910147562433,1.0998946332093584,1,1
6.9345877005587075,73.25010274647066,0.9338867187528522,1,1
7.264815779486398,20.178776394668148,0.9857115485574653,0,1
7.585940433629621,44.25768511722917,1.0136076315421567,1,1
1.9203424321483138,5.94223991910547,0.5583081153581848,0,0
3.964494812161329,6.290229837240444,1.0319637302687104,0,0
1.2255817259581097,6.408913789724782,0.9549903561025108,0,0
4.102485633588446,2.10750722889818,0.5515828150032409,0,0
6.849919043279636,31.284784077835553,0.8313491279626279,1,1
3.5734211112334346,5.489817493781413,0.8944498611895654,0,0
7.52508642347759,47.09173744493678,0.9317118108428812,1,1
2.9598067826705865,5.001346369710883,1.1907065131438286,0,0
2.4374091180191315,2.9823215414908932,0.7421332689062891,0,0
2.5949853579265802,7.403147347066133,0.9076276862914139,1,0
3.0607447043214004,8.196955218673578,1.3313730212422403,0,0
6.833542454207522,36.416704433027576,1.1085730900453148,1,1
7.031736087511941,54.581555344591656,0.9453872489950608,1,1
1.462158244692827,5.597722434022121,1.2869416377339253,0,0
7.406876495237666,49.283480219277386,1.0722242680242244,1,1
6.6464549541078615,3.361661111188986,0.5847733903319515,0,0
7.843740810714861,38.95687099721483,1.086471970230533,1,1
3.9022658290375687,4.428705157813308,1.7340382589687113,0,0
1.1338299312654994,6.885323870731883,1.1326347189465855,0,0
7.303304348838358,2.047116320399794,0.9046008274190372,0,0
4.278840749777762,4.085991267610096,1.3266821233853556,0,0
7.562382951418227,42.05525708810064,0.9764286701463388,1,1
0.0,1.5945960740497105,1.1010364279827805,0,0
7.8214351736941605,66.16980777809599,0.9656731407478595,1,1
3.057273757294788,4.6169270339233135,1.738076619444402,0,0
6.443654354430531,5.866187823589146,1.1763344110300655,0,0
2.729156753056308,3.3344133895108325,1.1043886165257601,0,0
5.1269441021532,5.17200263437441,0.8817701907814174,0,0
7.152868659627274,22.872971569979715,1.0054214478174082,1,1
8.0,42.035706109692974,1.076164116896119,1,1
5.262457660432675,2.415646756534967,0.7946642932280792,0,0
3.298273395059756,5.446839278106927,1.0962926831579816,1,0
7.120636283415987,45.650742463342674,1.1390678167890456,1,1
7.219475055261944,51.468696857473624,0.9533103306598748,1,1
4.044573719164975,1.0660194627219868,0.9835178668705118,0,0
8.0,45.47663625329129,1.154308498038558,1,1
2.5993872411570815,9.556487482929986,1.2889159941914046,0,0
4.244141998256586,5.63357120822457,0.46837360323235944,0,0
7.450843889662349,72.23413204855156,0.8277856625212054,1,1
7.634705087212037,69.6485808412829,1.1612710956745254,1,1
3.5482503061842743,3.0757686022202106,1.1476457887810172,0,0
6.840429571145902,44.99113445045756,1.1694191053664358,1,1
5.013664075187474,3.4259696559761337,1.0736796734577267,0,0
7.566561700651933,36.47176707129515,0.9774358049141778,1,1
0.0,5.358889880315697,0.9557685557915576,0,0
2.357521476194383,6.762650971073941,1.0844975938858583,0,0
8.0,64.35088745916528,1.0280875157687799,1,1
1.9246129573799435,4.360699367141018,1.680997957568196,0,0
5.178898255057346,5.323758512366892,0.6966990635309822,0,0
7.225504886074278,45.39118020901985,0.8776819449255954,1,1
4.3093999699406975,8.371147453116475,1.5744942605624739,0,0
1.6295413549978295,2.776537453486255,1.3156585789476585,0,0
0.9520753476233716,7.416734858999602,1.091165567399226,0,0
6.195130987777593,5.0986553731223285,1.2585993108033569,0,0
4.050315479143972,3.980929957879174,0.501026723806991,0,0
7.158761940155199,45.15958197115429,0.9816742316666883,0,1
3.4138322128261263,3.2171178943222074,1.0607961511352417,0,0
4.537015359572719,6.518532348314619,1.3413702717062124,0,0
4.17875094164119,2.9848853595068845,1.012872753922894,0,0
2.4071986874921,5.440266904566799,1.6256971750892606,0,0
3.9588216901226243,5.109584722695119,0.9513264159676926,0,0
2.834215598279865,6.5720253257243,1.2974677508007237,0,0
7.09150658502494,26.503148521071083,1.023797291235287,1,1
3.661703453408128,4.067964276300872,1.4881596678368951,0,0
6.679323707225675,5.234456614520447,0.9107041952082232,0,0
6.967518921220262,55.87192829483181,0.7228179467412144,1,1
4.595909165500857,5.455133214890642,1.1566426050356144,0,0
8.0,90.96595000040749,1.0078315156884239,1,1
7.15856787641364,60.61167105828027,0.9174319545932831,1,1
3.2941896835943996,8.874757644334228,1.1930451510119335,0,0
7.429364628777182,35.70970274547875,1.0991708903249615,1,1
7.937887275717427,56.57718644304554,1.1736228706599148,1,1
2.4331103572275765,6.388102384424439,1.9493515207864585,0,0
6.018641996799982,3.7086006230105144,0.6938493642693473,0,0
3.1588190046132754,4.225370628269154,1.155230332936795,0,0
6.828484075862971,55.691467224335526,0.9562843565212635,0,1
3.997392270025916,3.754377816332105,1.5438106714015554,0,0
2.182380280339883,5.122169319838618,0.8099372599058396,0,0
7.40777540932994,24.822397640872833,0.9952481219733004,1,1
6.576655255312347,53.856433946589,0.8370283759780207,1,1
7.060978547600385,42.25886620629106,0.8889605145393551,1,1
7.619178263686536,75.13599996269184,0.999775903512888,1,1
7.093164395874918,44.99004630033916,0.9137114182881256,1,1
2.528504245175784,3.158852716474984,1.2875650041649684,0,0
3.4364743742790087,3.866964149316014,1.0393734853406245,0,0
6.404149173390575,60.85566169604994,0.9650336906143394,1,1
6.9392397084270625,40.269929647386675,0.8921476812696565,1,1
8.0,54.22022599138367,0.9342196096039984,1,1
2.70622565209002,6.72273932065816,1.0830034049346209,0,0
7.62242154171848,43.502020632525344,1.0573724163220521,1,1
5.0118773937647925,6.850325465339151,0.8203008332845847,0,0
7.345077789972497,51.83698256441608,1.1164501690754722,0,1
3.6435678404281213,5.336175410788023,1.121206150479553,0,0
8.0,53.858193707681785,0.9255579740194988,1,1
4.900172178222091,7.448391374307112,1.4388218057884097,0,0
7.177515597342067,64.95994278394306,1.0257313361068232,1,1
7.655408519219672,5.269406392020802,0.7576240601656916,0,0
6.827790921627468,82.1461531525267,1.164403898008724,1,1
2.0581214047370975,5.865815732482603,0.7112747567684605,0,0
7.179459109052147,62.16093996758218,0.994981658180425,1,1
2.561825515623832,6.422271878832997,1.163233138708562,0,0
7.7231631201977775,28.69035570254891,1.066822125782875,1,1
2.5843021400166832,0.24199277636588779,1.398809953070371,0,0
5.549755742625047,4.859285437479022,1.074720592325423,0,0
5.265798357910068,5.832771098846148,1.7676611889473755,0,0
3.4360584884622196,0.4184834095603902,1.5012824043529913,0,0
4.514527363584234,3.371894476764747,0.44404767391534583,0,0
7.430159654203689,38.26741541530253,1.1087587428970036,0,1
2.322233867588691,6.262060037149194,1.5110509745796221,0,0
7.015406059234384,4.54591149267795,1.2753775146211748,0,0
1.7092589884940224,6.374101657372767,0.239026894874531,0,0
8.0,43.91473305096507,1.0014265908196192,0,1
2.5471734803333703,5.998850254537246,0.5611748468967296,0,0
7.481895942495283,55.962021433844924,0.9589923061365683,1,1
7.240796110492687,55.104701310535575,0.9351389107027591,0,1
7.98580645862641,60.21151547783485,1.0059287530263556,1,1
8.0,33.88071937426983,1.0160059282125091,0,1
2.5613867084231496,6.220943425422761,1.1814246520741587,0,0
4.768109476936112,2.4187840728983665,1.6614186599782068,0,0
2.9987641623009975,2.8298110842206325,0.5901019569470648,0,0
5.210590565835817,1.156059263677732,0.8292996073342203,0,0
7.380851873717526,76.13178948012543,1.0361095141029744,1,1
3.9283725925162583,4.979855461135968,1.0984586348672698,0,0
4.607497867379519,5.87583252139231,1.2579673673176601,0,0
8.0,73.44475470339859,0.8719819368479299,1,1
7.4362684326205715,34.59906667585405,1.188574017958599,1,1
6.662803156681589,58.05453501181012,1.0568022731171596,1,1
2.6821835122185194,4.173206338787643,1.1520345429107397,0,0
7.586406726420795,49.634491839737564,1.0769053714239407,0,1
7.2499394854309145,21.73229589191817,1.1529622457187565,1,1
7.22035907217964,36.21355183070113,1.0776396344378762,1,1
4.404310265884065,3.549132825527529,0.8830382866503006,0,0
3.724023494496462,2.79674487021876,1.4120140479975039,0,0
3.3241586391438522,4.8299214199579525,1.5488195798251048,0,0
7.120719676686518,51.73891503131144,1.1293216527275087,1,1
2.889818567611756,1.623362852414581,1.3172057948270592,0,0
6.827537306047321,36.73250585833781,0.9728780196696343,1,1
1.8063912067588346,5.0369653771770055,1.0076042943562915,0,0
4.1085657901623405,1.4357164772384756,2.241616922078772,0,0
4.023281909346786,6.353393539303017,1.204404195293271,0,0
4.3434797138912655,4.577357413148232,1.062543585079727,0,0
7.177906051193832,73.18833886300997,1.0119999829447281,0,1
6.813607559132528,53.621811804067484,0.9874891404330256,1,1
3.7828615142324593,4.062902490467674,1.1232981388583103,0,0
7.827881953438628,73.00406268219143,0.9647663766651463,1,1
2.6722915961858393,9.275401370075071,1.1110123047590104,1,0
4.668204953118012,7.537631122434924,1.0467946376206425,0,0
7.8757565841374015,56.18038753359976,1.1616067540675883,1,1
7.751757158135873,52.03935173711915,0.9711973281224822,1,1
7.359252536482176,69.86322977582616,0.9578877564351005,1,1
4.258014803209393,7.715448709826999,1.254209578875293,0,0
1.815321734260746,6.187318007974471,1.2545785322904817,1,0
6.885716709792703,63.39656369229881,0.9439729858835781,1,1
7.71438845408183,26.76120473319056,1.1163188755799252,1,1
7.556308413047654,39.598090057239865,1.125766047080537,0,1
4.168195869972734,5.098820658876118,1.1081635618733858,0,0
2.8126370239296867,4.987037109908346,0.8012087402992225,0,0
7.601900365412436,35.116530631074895,1.0923983298574205,0,1
4.9983228276240075,3.7074692189418563,1.230278303701344,0,0
4.5285163648175075,3.545665377654692,1.0231583221670995,0,0
3.410373033521137,4.551712931116742,1.1177837218045215,0,0
7.991368636384676,41.403578145931974,1.0871930832100514,1,1
7.385793342429451,69.35013222542145,0.9276461246060417,1,1
4.967558909366902,4.851359858486074,0.738161725244794,0,0
4.761540668039248,6.89505187099137,0.9331643283602091,0,0
3.6997761256556467,6.937233500792944,1.1491678649238555,0,0
7.754280290371935,49.26054850359843,0.995344786486979,1,1
7.551456458404523,44.360050354482524,1.0454227487924872,1,1
7.7136210925789115,45.431844125364,1.0092297495712381,1,1
7.8526593144413095,45.316589632494214,0.7463184842733452,1,1
8.0,68.20312641409598,1.250590304658756,1,1
1.805247897682773,3.2684524829180845,0.943879699046755,0,0
4.029131207184481,4.267747989702983,1.3761901488224992,0,0
5.203368422529272,4.367954090903744,1.3213443323680747,0,0
7.464126699322054,62.601844817560206,0.9825611192842242,1,1
7.767222324198761,5.233378252983289,1.7813762041291348,0,0
1.3299703401148784,5.96121161116557,0.9614913711645096,0,0
3.284935345417595,4.092981465390503,1.4504896749002403,0,0
7.535607497472887,37.775362380305786,0.8945923746842732,1,1
4.813888826683457,6.610518601292702,1.0523870456039401,0,0
6.966230428267335,70.79410151862746,0.9558678840260316,1,1
6.752126557132055,42.46035483448988,1.0762380293818272,1,1
5.06445264614036,5.797047443303489,1.050449466990446,0,0
7.590025680636511,30.185103139787323,0.9576383269404771,1,1
3.701681915433112,8.180245644165426,1.360343716611749,0,0
4.60946398421777,4.183760035284713,1.477619805921052,0,0
7.273246553197999,32.54161844391592,1.0364464326065157,1,1
6.331499820756802,74.4219580402203,1.0495027243863317,1,1
7.571690277199171,43.51658517617562,0.8893542866675861,1,1
5.850851248990319,6.520170949439822,1.0512220843430202,0,0
8.0,44.27152816639931,1.1868876685390612,0,1
3.2078860641799816,7.999797518840152,0.5220083260587653,0,0
3.4310443119033938,7.14775815966496,1.2554656002230864,0,0
2.4114923170542877,6.1116260002192,1.3796428028456313,0,0
6.907239650174029,42.75693653488712,1.075577622241925,1,1
4.933592386300114,4.939301200636076,1.1535208121322096,0,0
3.2024871101437964,4.720125956163286,1.1617463169519817,1,0
2.6723355032376124,6.229270581590255,0.7941099013901325,0,0
7.702408628441682,38.576108795430855,0.8923674938882484,1,1
5.435587774629572,3.454476149806107,1.0007114330215985,0,0
6.76538573800373,79.27760316414856,1.0593074112833432,1,1
1.4080034735571032,9.125277508357769,1.5503812414111435,0,0
4.792145189545819,4.665062025052037,1.216073568531627,0,0
7.501976351467433,56.9498308615513,0.9122907119106262,1,1
3.102274581456817,8.926992504113572,1.3642535771348074,0,0
7.26182983710048,40.753339680828475,1.0260921040647146,1,1
7.318231824468444,38.88004613214991,1.2659383810919547,1,1
4.710109813136881,5.058408719442077,0.7730416948882897,0,0
4.943349368539234,5.9507232218821535,1.570224205181733,0,0
7.181538973457507,83.69604331264945,1.0001386536091594,1,1
3.4652055089662563,9.903694847837723,0.8884836777772692,0,0
8.0,56.462390771102946,1.0622568086986217,1,1
7.6830744113071345,38.67620729979397,1.0268015458059228,0,1
7.4661753068796095,31.652596989857134,1.098382579141603,1,1
4.12882036449073,2.109942890629602,1.2892915178229718,0,0
6.745494429619826,49.63703161649294,0.9936831646471141,1,1
5.827082525988586,3.846810406558922,1.169775209870225,0,0
3.2891613048880832,2.1506335599658577,1.2080625520888326,0,0
7.1041807002412165,51.31681968624989,1.1264368423565512,1,1
8.0,35.66929429131412,1.1768046261126655,0,1
7.12369228667527,42.53785956292176,1.093952216597219,1,1
7.629548002219174,59.28641194453887,0.8575002749667493,0,1
7.568219124555554,76.1661306725959,1.0582573596019949,1,1
2.942839624301623,7.989318589378159,1.863237032515331,0,0
4.019838898399939,4.106497769017426,1.1643720715318486,0,0
4.273530195496786,5.140098835618304,1.238852360599028,0,0
3.4520525442945615,7.823540158337337,1.2428673154878023,0,0
7.093840264599396,42.809165557121446,1.0159966576406898,0,1
7.659900791715175,11.361966566209801,1.1803204401187406,1,1
6.685481157090576,49.002315383666925,1.05947276405064,1,1
3.2508443173856447,2.4930774650846095,0.9392092838923831,0,0
7.796069793624227,56.17235215973817,1.0274544644095351,1,1
7.859718766384146,52.61037616161784,1.0975182357190374,1,1
3.93376639019336,4.5765357807076406,0.9688123743436469,0,0
5.1230582404138625,7.645700361329583,1.4487163422184586,0,0
8.0,44.412934451185535,0.9715778136358082,0,1
7.657442665555758,65.189940085227,0.9215288378276185,1,1
7.20090791899325,34.989870480701626,0.9565528665877638,1,1
8.0,41.495872179426755,0.9206487015849659,1,1
7.29306931130895,39.321297039333366,1.1410746963545146,1,1
7.224562790478732,67.65657947167962,0.9200962199015967,1,1
5.402552290282887,6.237067292953588,1.141816133930137,0,0
4.020679019192601,5.82792574610805,1.5224543213053146,0,0
3.876007344516071,2.866592769618257,1.3196109154508715,0,0
4.1186746235583405,8.110127458621477,0.8105741186970321,0,0
7.351993756461692,59.677125616623414,0.9438931601603543,1,1
7.756351847214207,42.049525597539294,0.9286806639037752,1,1
2.9983495615343374,4.516416401182937,0.6374568035994548,0,0
4.913076883130622,5.336836244151789,1.104949638497279,0,0
5.084300744288345,7.095992143949515,1.763835357309584,0,0
6.860431113441962,76.2590767264542,1.0357816101140935,0,1
4.8328780783987675,4.49110128704441,1.2373956592632993,0,0
4.8636606272058485,5.875429137998175,1.1761600122478568,1,0
4.4618593886967455,4.914249319919001,0.868934339282417,0,0
8.0,69.49089748368958,1.1481742234215124,0,1
7.509879163978834,19.310423732228376,0.8482229209989373,1,1
7.245497739810174,30.500365559659713,0.8496419645449276,1,1
8.0,57.522941021107556,0.9592739520625453,0,1
7.4814888894934395,51.43116995470765,0.9714811013635001,1,1
7.318070995047323,49.69272349278112,1.0872803027834705,1,1
7.987286947724788,73.08317554096541,1.065227761507283,0,1
4.284882021683972,3.589555672038953,1.3452610476210256,0,0
7.588809434171568,38.32488425914981,1.0702642140883318,1,1
2.394315421129547,7.957654325957467,1.1470842190590058,0,0
2.9929069010474256,7.597165216590091,1.1420917727623976,0,0
4.939775200950688,4.389316256262441,0.9271516887305333,0,0
8.0,43.40446446425648,0.9738922395203402,1,1
2.4203946856463014,4.604857938800132,0.5193288908919931,0,0
4.5074594590677535,5.643976993549102,1.1983914543588947,0,0
3.330404324762968,3.625818882398587,0.8093935786518461,0,0
4.128339684421905,2.7974580800624267,1.0687117050365773,0,0
3.8751616806246156,4.4682339965134235,1.3891009892959454,0,0
7.0250291456463545,37.936183719289176,0.932500124505234,1,1
7.504995956552201,48.17190998737474,0.9482970735270766,1,1
7.613225802133889,51.830962617321525,0.9932796776187842,1,1
4.433884510938704,2.8504017958631764,1.09465988126529,0,0
7.720566673065219,41.00187083180349,0.9877517064951599,1,1
4.368605145442942,3.613881257904196,1.3494146257145525,0,0
8.0,35.57736696625854,0.8599874046804528,1,1
2.9636889614282023,5.911816660103285,1.2346738944492417,0,0
7.568509808717511,26.254929533113405,0.8641393192249571,1,1
7.668484722646847,61.82130877613843,0.9077842967483147,1,1
4.309907699740666,6.152117794575869,0.7778453476647165,1,0
1.844369282788965,3.851946456061511,1.914265230442234,0,0
3.3641416777315105,3.2442703697015114,0.8927244641790273,0,0
3.768071803025823,3.6575089977688076,1.0792565441546196,0,0
3.3451046242384184,4.097046350896773,1.2624515618626175,0,0
6.999936663628981,60.4817083950415,1.0269489841047335,0,1
7.436291644909227,52.29963516378469,1.0000543134569742,1,1
3.9164377161235517,5.233148821561237,0.530860278262084,0,0
5.036328208345935,2.9679395419004346,1.1666630805204021,0,0
7.962483568115839,48.78588338945142,1.0301551929830763,0,1
6.7734411008038595,49.30743060516447,1.0673119052701878,1,1
3.1435540290588966,4.317240299527843,1.206923253437971,0,0
7.808040571540805,43.48763469269788,0.9951577771614243,1,1
8.0,86.35145305014044,0.8104393317718193,1,1
7.364381414626588,46.204523629542216,0.9570994636986113,1,1
3.329400642561077,5.805684192596175,0.9521517611408366,0,0
7.859145401830713,52.54320340520362,0.9904544595015069,0,1
1.7348530941830376,6.80801881921704,0.8557467807706227,0,0
3.2353332770331797,6.206164167606108,0.7650237256879351,0,0
4.1510261322436435,5.7596103303518085,1.0447636921370043,0,0
6.881092079959425,56.08874128214557,1.0741798086834733,1,1
5.957857249577702,4.846670528131122,1.2487663388331176,0,0
4.7092898599467805,2.76108870671817,0.9798124672728155,0,0
7.177682119957259,38.679923736721776,1.232262370349379,0,1
8.0,30.431564482518397,0.9979416598336075,1,1
6.437233594156677,51.53822853965836,0.7589537009585494,1,1
7.111372028204034,77.96600054944159,1.1417261606227487,1,1
7.482702875978503,44.8998785904524,1.1555940536084153,1,1
7.747762623994538,50.919339804566604,1.1292244271788303,1,1
2.5755322792906528,3.928354919984757,1.252661050309067,0,0
8.0,54.02030416500443,0.7009954924459114,1,1
5.233594303968607,6.118765358853439,1.6745253705719891,0,0
7.903420092245586,39.520293319106834,1.0261106360693775,0,1
7.730441753548668,36.59800374643324,0.9487579801397072,1,1
7.5106857935057,18.370077542623577,1.1001840546975186,1,1
7.226295123819413,78.90432237865522,1.0163668501239729,1,1
7.835539780432147,43.06311315139917,0.9824354369442436,1,1
7.041592008451581,58.80557527566824,1.0775234670944638,1,1
8.0,69.43115360378212,1.0143358027758915,1,1
7.039600066910005,4.107272175165295,1.2158408706273305,0,0
7.303000304092774,34.36810899978197,0.9842633127338611,1,1
4.367558988993875,4.230696704417422,1.2014714930509371,0,0
7.492732509432363,46.97732900956131,0.854431782325246,1,1
1.792478780295967,4.79370040209224,1.2367225430521982,0,0
4.716143900626259,6.928541585103404,1.2939834295723243,0,0
7.030724123797281,46.10163069722656,1.0312878476583873,1,1
5.265291820993496,5.255530393472811,1.5103335484064124,0,0
7.749682365000112,60.69756023950916,0.9246608658391944,1,1
1.3226446183865441,7.595482622570502,1.1290645272615834,0,0
4.808030051521128,2.6766600018389686,1.0639105163921652,0,0
6.799034736894943,33.06072751183015,0.9446808522579204,1,1
3.6759536980980494,7.662758244286717,1.4390009680306561,0,0
5.398611254297135,4.909996239193957,0.8890294469012296,0,0
7.173474167401392,48.49928438018504,0.8623880732697389,0,1
7.73123658162256,52.03688011718837,1.0345384020622568,1,1
3.4801345147850498,4.0139615522247265,1.55134474598453,0,0
6.627426170418767,52.57583116694975,1.1090054221139543,0,1
7.969870956474023,37.673793321088056,1.1496787759060199,1,1
6.984574943697224,68.25767006823776,0.9395392309898993,1,1
4.726131350773573,1.9487236671432315,0.513728686409893,0,0
3.769573390203708,5.531583603547536,1.0017860467314286,0,0
8.0,51.10084305541077,1.09991131385058,1,1
5.541820371821027,4.940160790546843,0.871807903490053,0,0
2.4635539635816404,2.142175252618498,0.8153045940356578,0,0
6.3626908834941265,7.563522580859181,1.137293406958581,0,0
7.592168016218477,69.7885739686791,1.1091089114628423,1,1
7.393422534694613,48.1258048272555,0.9929793890204694,0,1
2.61896129781441,3.4546719364774967,0.9028703804358769,0,0
5.591261363454201,7.050284529429614,0.9931982089863192,0,0
3.8859084276193947,1.7657060505914521,1.6482185818657444,0,0
7.855765929068873,37.49514859231449,1.0421001537144476,0,1
7.427889568350803,52.70185872121236,1.0940966523149351,1,1
6.7671198048487895,54.75621919476632,1.0426116284918612,1,1
2.4493415548413386,3.940240311441818,1.102579497514726,0,0
8.0,21.028098781771956,1.1033787660035719,0,1
3.4105776066896856,6.610364396066291,0.8689355059859363,0,0
4.759347171225776,6.0880513143382275,1.1599221618751576,0,0
6.006368692001511,32.593054734367286,0.9360967506972685,1,1
7.35592685045084,77.15261264630826,1.1229801061927325,1,1
2.739056720654009,5.303492563335939,1.3757715975403346,0,0
7.808024445582979,52.89862405767184,1.1507609610366578,1,1
4.68149929549126,4.192002523025476,1.3372966790398484,0,0
2.801036516462543,2.972474672535224,0.7905879766003625,0,0
7.547446191766019,59.85125646651883,1.0187740467085398,1,1
7.11278595787425,47.33877415149385,0.7697096743168347,1,1
7.201182201122228,37.34521439275573,0.7830436884788624,1,1
4.065675872365866,3.9925942159729204,1.1676573800206669,0,0
6.884505247526746,63.513119119833895,1.0003041359754106,1,1
7.710206806033686,45.469303874076175,0.9739281053674365,1,1
7.847489844108736,55.46926111480351,0.7707653782521576,0,1
4.377640140172005,2.8594976665074814,0.7050966864746611,0,0
1.4028207431956528,5.068707192957193,1.067509007720308,0,0
2.697065782510101,4.539827676315685,0.9572992034141885,0,0
6.165952566551047,3.0955866107270977,1.1341276462423382,0,0
8.0,30.136198163906883,0.9883291218391982,1,1
7.617932827016335,59.02378155609728,1.0902598186955812,0,1
6.856394173515984,15.018947140462345,0.8850697398956097,1,1
2.516300073809127,4.723271761094644,1.4415854553572363,0,0
2.320340160467209,5.788297440154226,1.2880192898861664,0,0
7.8175123043896075,29.39048802005956,0.9510507555133262,1,1
7.681985234380389,42.485017927984266,1.0071707945725779,1,1
4.677516604305664,4.406279243700715,1.2059325078778036,0,0
8.0,31.69372315911411,0.878559025465592,1,1
6.198316012123014,67.15026308925462,0.8914198666144643,1,1
7.97048257018621,74.41446097915812,0.856141944485202,1,1
6.329707672049286,37.043860615693376,1.0877577238133607,1,1
7.318001114533175,35.89578913292897,1.1398398726172916,1,1
2.0024824171900097,8.253401244364094,1.0046218370426474,0,0
7.601861653060192,40.340255786491184,1.0799602855866397,0,1
8.0,64.14800273701022,0.842824714759676,1,1
7.326328779811277,55.86571414605021,1.1024128311973,1,1
6.881482719341858,26.462658827357597,0.9642844805861257,1,1
2.040909445465671,5.0634207412662215,1.2651539386036175,1,0
7.6710898938891106,52.17981440639458,0.943903425495353,1,1
8.0,47.14810835965505,1.067822223268581,1,1
7.445592480019347,28.344880834169576,0.9325840018784053,0,1
2.1635735622308725,6.296202181076142,1.117892715253542,0,0
6.166938365612011,62.8995280125511,0.942714622981385,1,1
4.188518148520053,8.72515965075856,1.0349318839192672,0,0
7.363911041853133,67.61091370159181,1.196985221739534,1,1
3.1649434401638024,7.612516201926011,1.4492429139756908,0,0
4.546583924981559,3.499269068376643,1.1528627584485676,0,0
7.299897414636326,52.464871290794036,0.8609805252692504,1,1
4.202166495447274,6.628522524690851,0.9627870675825898,0,0
4.59474850120831,5.979260113092839,1.2498786702637914,0,0
7.660679253043217,42.936685704579794,1.0538979450070873,1,1
7.732527021187357,50.25142276126187,0.8154266685442834,1,1
8.0,50.48543611911883,1.0794694749573475,0,1
3.4770399361475652,3.725347999530922,0.9574826795672742,0,0
5.0480604574627925,2.096078869799777,1.2380380328547793,0,0
2.588889170188125,5.954352895140531,1.3299076181326843,0,0
7.1588272804094295,35.272389103068505,1.0142100967613261,1,1
1.2140067757177757,5.059120236432181,1.0928935439562237,0,0
3.5656884351241276,6.384329221195053,1.295698128738526,0,0
1.66664252790537,3.7815248241017487,1.0870287870843554,0,0
8.0,24.174975530819776,1.0098554841991434,1,1
1.4080991739204727,5.812077030632379,0.9162715752329096,0,0
4.505127686154985,1.318443950726755,1.5539551562198919,0,0
0.8125382141825694,5.122324958697686,0.8745212109828411,0,0
2.7207047539826723,6.618311131093119,1.0704760078564501,0,0
4.32540041201905,5.321888558236009,0.7737301010579818,0,0
8.0,43.663269890119814,0.9717900033935638,1,1
0.9966560490707383,7.6089594878964775,1.136033393423054,0,0
8.0,29.126593573530112,1.0309568897449706,1,1
5.30867780263258,4.052103686650706,1.0560266584204803,0,0
7.255486759377059,47.230897921220446,1.0908896674426216,0,1
3.644468713265577,5.696134764675349,1.1352087776507156,0,0
4.046968746447941,3.5900971928960237,0.8333709016470938,0,0
7.4658708953198545,38.9539146865227,0.9466227443116563,0,1
4.753852201778333,6.584653156660514,0.9518964387218058,0,0
4.9359673167686156,5.116699102874856,1.726347716576147,0,0
7.652297610041059,58.480167065682664,1.0828253308741085,1,1
3.8827076499307416,3.9541008199425063,0.7302465237250472,0,0
6.899956613850963,57.2672990179196,1.0408149001697566,1,1
7.742705880891796,61.54072728136784,1.0171081795308046,1,1
7.5575034689092915,61.211670161210876,1.1161289040478886,0,1
8.0,53.75429179209991,0.9996512888247022,1,1
5.550492265389485,5.628318569703071,1.0844632863774408,0,0
8.0,49.218554132094305,0.8539959457411054,1,1
3.4400888392069606,7.0950120848355835,0.9351045015729034,0,0
3.0802019653301747,2.71897847527164,0.6688429362593211,0,0
3.9984451386215745,2.4809384414181332,1.2830291385870585,0,0
7.690815656156923,45.67850001435429,1.0935936904471921,1,1
4.736152241547478,7.695104175882998,0.8301872435670881,0,0
4.116269208187021,1.7544339884509372,1.5959826067975542,0,0
7.854731590941258,63.9364780963366,1.0415868645138886,1,1
6.904872730186587,55.44301639740933,1.0799343542813256,0,1
7.219804958035071,34.86244958556326,1.0545687272653177,1,1
5.521302012568485,4.456664521623614,1.4363950433004824,0,0
6.582814262478572,39.449364746705065,1.0636512632167965,1,1
7.636580414897886,44.35251005771369,0.9526265076839158,1,1
2.256168233676303,2.286511599550324,1.18948978560304,0,0
2.0671054568805123,7.399150433484976,0.9309656453680073,0,0
7.550933808415916,40.02112082291095,0.9835946644365143,1,1
7.484529793434518,44.17727860759505,0.8135466380596698,1,1
5.036019889658792,5.367518351369729,1.4992025004262128,1,0
3.6825431837140985,5.23268140906703,0.8238370456507367,0,0
3.903390765806052,3.707555192906508,1.0249921660322259,0,0
6.737172868482701,16.579532088622294,0.987771965221928,1,1
6.84894003123474,50.648519463772196,1.0485394560206025,1,1
7.598447213669892,62.686677540527654,0.9848371874835808,1,1
3.4040241736309746,2.0910523961349545,1.4169168310279556,0,0
5.4219601022186295,5.856220126156583,1.0164316785160152,0,0
3.523943389022218,0.0,1.5410026831310355,0,0
4.909564263596399,1.5014444253818335,1.264261950688099,0,0
4.725046465090815,5.669171139608864,0.9168555427185682,0,0
7.633894775571747,65.44568577069467,0.9694493001260666,1,1
4.95061364787841,8.574399936747437,1.136272330204874,0,0
7.010825396361872,43.82516405836724,1.0661069702172643,0,1
3.446180948300353,6.0765503568000465,1.5097993585075806,0,0
6.933804616500036,44.723989001094104,0.8703693991530121,1,1
2.219596352282348,4.49171224068337,0.5645596729917066,0,0
2.9758425735477045,5.841412164674643,1.6315548516046863,1,0
8.0,38.40882236392505,0.8164729500535113,1,1
4.322421574672254,6.982109035175461,1.0941081542586597,0,0
6.845716809466566,59.73305899474437,0.9455921252574219,1,1
0.9171058746978273,3.1058071757017287,0.868422191727046,0,0
4.07140426921705,3.8003811267773866,1.1662685798904222,0,0
3.9307519473760464,2.6107044796749728,0.8207733405277873,0,0
7.0577862058528025,49.354367027434805,0.9318611677779514,1,1
7.671233889264413,39.007550623743974,0.9826892830008245,1,1
6.66553865193284,2.3293882330287685,0.6511272325447764,0,0
5.768920640375168,3.1054660897568134,0.9085571113804558,0,0
2.09619427902108,5.3161476312343865,1.8286556638962828,0,0
4.794838689176112,5.4965251373158805,0.703250093378462,0,0
4.006482028053366,7.411680881206319,0.8543839350282088,0,0
7.402016457435848,77.15787118707884,0.9099006982045326,1,1
3.71396883193817,5.224748262514335,1.3800444015315716,0,0
7.63767934003182,48.51443935920715,0.9786405633677137,1,1
4.0514059111530525,6.51166016038877,1.2742098655205176,0,0
5.478847732545173,3.5155802623519126,0.7723731857053778,0,0
7.132506014167142,57.560712623238295,0.8082861283599007,1,1
7.734131926708083,59.49180082978782,0.9401215437061896,1,1
5.3429678502006706,4.72217245115967,1.5552591163906686,0,0
8.0,57.6606776065453,1.1139534691721111,1,1
5.415760303986841,3.1777636715807116,0.43283094304860237,0,0
3.7490233919782643,2.9958890216676406,0.7673500002808047,0,0
6.2594282604014255,5.858059713049123,1.044055371136501,0,0
7.230677615762926,44.17981231688689,0.97714374477836,0,1
6.7567626789769735,24.987841233804573,0.9280302690720654,1,1
4.019941583861929,3.635790144067764,0.7969831970370314,0,0
6.23564927339519,2.762433249623033,0.8273614874168722,0,0
7.639558063871223,46.134141560053166,1.0506654540034999,1,1
6.920500475564255,5.025685600573738,1.2676829397953173,0,0
3.3959049859207697,3.636679426052459,1.1532865423731467,0,0
7.539728246729751,55.070777093894364,0.8770177751803399,1,1
5.190909291427053,7.968471011333721,1.2819255479744238,1,0
3.2502937901662214,3.8692889576497675,0.4324898000265379,0,0
7.534025424796888,24.269230359833916,0.9209320543776705,1,1
3.536285699137552,5.684060291115361,1.3299218318545758,0,0
5.005297881849873,4.16768850470296,1.305988782238858,0,0
3.50528804812008,5.500880475649709,0.5438135902525787,0,0
3.1213259610114306,5.6031607961075105,1.0252309975547456,0,0
5.350970898961508,2.9430118537906904,1.1727180587026458,0,0
7.477581316640512,45.81044966767499,0.8785526729833417,1,1
7.167955236691695,39.217990697071684,1.1376020433801135,1,1
4.1568487363276505,10.01688017139831,1.5778459048560411,0,0
3.75245921082323,5.028407853388891,0.9993392232838355,0,0
2.6387509236680136,3.0086241281702675,0.5865218330921594,0,0
6.837366852401502,51.10824642365496,0.9203559722470607,1,1
5.289503213033079,3.621194530803134,0.5254372278604907,0,0
5.100945413646084,3.750515830542542,0.7200095398149327,0,0
6.406901111692555,4.519505784421855,1.6268658426618088,0,0
5.294317190410643,4.283530082066222,0.7935752529919154,0,0
7.049452019164072,32.164174341187845,0.9008454586244442,1,1
0.7836676120241854,10.758636436532075,0.6404940050751295,0,0
4.0282075991578665,5.679107773304256,1.511769274890845,0,0
6.959606803744836,50.957573220543296,0.8973985950244188,1,1
3.917343930796129,6.487985470933312,0.9632828149864688,0,0
7.2030048066608074,82.41346553300589,1.1532170372929191,1,1
7.904749674350742,62.215879798470525,0.8944625868714126,0,1
8.0,59.54950721425416,0.9804216510704629,1,1
6.342317487885251,55.861978601508696,1.0929359652102928,0,1
7.525465927686235,48.46991705426731,0.9333298403024778,1,1
4.689496420462718,6.698245845454968,1.0796428290497972,0,0
8.0,45.20710013024784,0.9214887995092069,1,1
7.460865203671009,32.04522127916206,0.9887776202311426,1,1
4.089873072976258,4.806542309967033,0.9019578849611212,0,0
6.172989089042801,5.464029735166012,1.1555759847040683,0,0
8.0,53.45733124087062,0.9515321934718116,1,1
2.6651501422956136,1.8275512206850149,1.1705229435778803,0,0
7.6128333090482085,26.23040707940752,1.0392659877951778,0,1
7.108402474031152,52.7376582248163,0.8371743056603791,0,1
0.0,1.909261535738088,0.9778373412954411,0,0
7.306403052368057,54.460290415444675,0.9317796844285573,1,1
7.748310825122295,25.64313554231526,1.0859802624153339,0,1
6.9404614015946455,91.98108593314409,0.9285963887388913,1,1
6.703299780182367,57.469613303472606,1.0289808367023627,0,1
5.089253604390818,6.943383745871116,0.9236871060381726,0,0
4.245250418075268,4.8016180765133125,1.0425192003654926,0,0
8.0,54.3645294021127,1.0587973124867924,1,1
5.826270295291096,50.123654157956906,1.0125915440988897,1,1
7.196806994443963,62.854272589591986,1.0748956896960493,1,1
7.2200489176317415,48.621600652694525,0.9703718482577379,1,1
2.9857940553399294,6.06808918484814,1.0345644024295566,0,0
5.197057932711733,5.796052242962307,1.066451295462579,0,0
3.678579144255618,6.024802281823917,1.3458983112154372,0,0
3.165725215746181,7.87783910024905,0.9967031301354558,0,0
2.8383042468648023,4.724122721715254,0.9992628511706622,0,0
7.394977107022842,53.89007116243258,1.0405560296816456,1,1
7.071960787524465,50.72485221674082,1.0327794621861663,1,1
5.33554997428273,6.936923618480252,0.9485248214531031,0,0
5.826485711557172,77.92517944572951,0.9416291404904644,1,1
7.53361538208035,32.20166782731816,1.0387429783507167,1,1
7.645845677469568,45.10836671917146,1.0823219705463898,1,1
7.427452854489844,71.8804404456867,0.898441135304105,1,1
4.096744243404567,2.0605277639966473,1.3273795290185362,0,0
3.2273782570967313,4.2475083208966895,0.45061177527732343,0,0
3.4574795255506614,7.092096843488239,1.3135301296473827,0,0
5.1247868161834225,0.8072264218348417,0.9859386771173417,0,0
3.5216226523117213,3.769039638572103,1.0344466489718618,0,0
7.522044933850091,78.51846605082534,1.1325910602222282,1,1
1.7356855688022859,8.863445685761494,1.3328388170948475,0,0
8.0,34.88197876635161,0.9777045556813313,1,1
5.3618021189080824,12.454537945075554,1.2567258153090528,0,0
4.981691884187227,10.945705469993138,1.2002361201723204,0,0
8.0,64.93743922859016,0.992652917282638,1,1
7.8395791395158065,49.55635106011093,0.9838264410975082,1,1
7.806180699183448,36.42117253072405,0.9853163021407894,1,1
8.0,49.5773375653533,1.0369230927316035,1,1
4.169351547625881,4.223290778355366,0.8780924641700982,1,0
5.462996800447892,1.5124770753062524,1.4189731288757697,0,0
3.620046596117151,5.735162676183751,1.0018778346375206,0,0
6.648557313396306,52.64566249573311,0.963598997632126,1,1
7.238554162402565,48.99516240563283,1.051761312960129,1,1
8.0,6.423421541038465,1.2674015887805063,0,0
6.846611136368583,46.07038854752679,0.9709625517192213,1,1
4.412594416206314,8.331649077849333,0.5695832073024888,0,0
5.301924541625473,7.55124280567048,1.414049354124209,0,0
6.8217937068294825,64.04707314192125,1.0764480578207525,0,1
8.0,4.056122806092928,1.3384635327425731,0,0
6.727507358156096,43.77342568358506,1.0255510803743249,1,1
7.485422387327219,37.7085171691494,0.9493496663317706,1,1
7.3865938505217335,44.410709217312885,0.9890617009629792,1,1
7.352136047745209,35.00981600325397,1.133321045320526,1,1
1.364843057580785,7.428572119684706,1.1365225482995767,0,0
5.211451939446498,6.574284814065229,0.8260123487395958,0,0
5.653612304769393,3.3478383595888674,1.5379812172502727,0,0
4.45593130078027,3.50947393066588,0.9021243660535381,0,0
4.284054537423193,4.524868603438858,0.9154990339329172,0,0
4.194375391033597,3.083041473772478,0.891577815021143,0,0
8.0,56.63280244542524,1.0186880428651184,0,1
6.986855484366756,70.36889326777536,0.8815494160037585,0,1
4.1198799107453965,1.2459967353896846,0.7347507528465167,0,0
2.765703515610185,2.893772100640186,1.245861324694594,0,0
1.7502630942303266,2.9272582993026943,1.325350430012421,0,0
3.972104102398019,1.9799650157054605,1.1198101588067222,0,0
3.6083636076926004,7.0929393850602835,0.9875314393448703,0,0
7.5065437841746885,27.98543550729623,1.1937393688741487,0,1
6.6506222323237765,50.15044720676744,1.206333815926841,1,1
7.92640642180274,62.08317299073451,0.8739226630396043,1,1
6.0871618187336,56.43746312190073,0.8637337959212174,1,1
8.0,56.9398381417233,1.0080603493738456,1,1
2.8620312187461057,4.373040423887125,0.943328006600229,0,0
